snapshot_time_lima,snapshot_time_utc,symbol,name,category,price,previous_close,change,change_pct,direction,price_time
2026-05-28T19:11:22.894251-05:00,2026-05-29T00:11:22.894251+00:00,USDPEN=X,USD/PEN,FX,3.405,3.3374,0.0676,2.0255,up,2026-05-28T19:45:00-04:00
2026-05-28T19:11:22.894251-05:00,2026-05-29T00:11:22.894251+00:00,EURUSD=X,EUR/USD,FX,1.165637,1.161791,0.003846,0.331,up,2026-05-28T20:00:00-04:00
2026-05-28T19:11:22.894251-05:00,2026-05-29T00:11:22.894251+00:00,DX-Y.NYB,DXY,Dólar,98.987999,99.209999,-0.222,-0.2238,down,2026-05-28T20:00:00-04:00
2026-05-28T19:11:22.894251-05:00,2026-05-29T00:11:22.894251+00:00,^GSPC,S&P 500,Índice,7563.430176,7520.359863,43.070312,0.5727,up,2026-05-28T15:45:00-04:00
2026-05-28T19:11:22.894251-05:00,2026-05-29T00:11:22.894251+00:00,^IXIC,Nasdaq,Índice,26916.914062,26674.730469,242.183594,0.9079,up,2026-05-28T15:45:00-04:00
2026-05-28T19:11:22.894251-05:00,2026-05-29T00:11:22.894251+00:00,^DJI,Dow Jones,Índice,50665.46875,50644.28125,21.1875,0.0418,up,2026-05-28T15:45:00-04:00
2026-05-28T19:11:22.894251-05:00,2026-05-29T00:11:22.894251+00:00,^VIX,VIX,Volatilidad,15.76,16.290001,-0.530001,-3.2535,down,2026-05-28T16:00:00-04:00
2026-05-28T19:11:22.894251-05:00,2026-05-29T00:11:22.894251+00:00,^TNX,US 10Y,Tasa,4.455,4.481,-0.026,-0.5802,down,2026-05-28T14:50:00-04:00
2026-05-28T19:11:22.894251-05:00,2026-05-29T00:11:22.894251+00:00,GC=F,Oro,Commodity,4528.200195,4447.5,80.700195,1.8145,up,2026-05-28T20:00:00-04:00
2026-05-28T19:11:22.894251-05:00,2026-05-29T00:11:22.894251+00:00,CL=F,WTI,Commodity,88.290001,88.68,-0.389999,-0.4398,down,2026-05-28T20:00:00-04:00
2026-05-28T19:11:22.894251-05:00,2026-05-29T00:11:22.894251+00:00,HG=F,Cobre,Commodity,6.4215,6.305,0.1165,1.8477,up,2026-05-28T20:00:00-04:00
2026-05-28T19:11:22.894251-05:00,2026-05-29T00:11:22.894251+00:00,BTC-USD,Bitcoin,Crypto,73646.53125,74344.703125,-698.171875,-0.9391,down,2026-05-28T20:00:00-04:00
2026-05-28T22:50:22.445289-05:00,2026-05-29T03:50:22.445289+00:00,USDPEN=X,USD/PEN,FX,3.3942,3.3374,0.0568,1.7019,up,2026-05-28T23:45:00-04:00
2026-05-28T22:50:22.445289-05:00,2026-05-29T03:50:22.445289+00:00,EURUSD=X,EUR/USD,FX,1.164144,1.161791,0.002353,0.2026,up,2026-05-28T23:45:00-04:00
2026-05-28T22:50:22.445289-05:00,2026-05-29T03:50:22.445289+00:00,DX-Y.NYB,DXY,Dólar,99.093002,99.209999,-0.116997,-0.1179,down,2026-05-28T23:30:00-04:00
2026-05-28T22:50:22.445289-05:00,2026-05-29T03:50:22.445289+00:00,^GSPC,S&P 500,Índice,7563.430176,7520.359863,43.070312,0.5727,up,2026-05-28T15:45:00-04:00
2026-05-28T22:50:22.445289-05:00,2026-05-29T03:50:22.445289+00:00,^IXIC,Nasdaq,Índice,26916.914062,26674.730469,242.183594,0.9079,up,2026-05-28T15:45:00-04:00
2026-05-28T22:50:22.445289-05:00,2026-05-29T03:50:22.445289+00:00,^DJI,Dow Jones,Índice,50665.46875,50644.28125,21.1875,0.0418,up,2026-05-28T15:45:00-04:00
2026-05-28T22:50:22.445289-05:00,2026-05-29T03:50:22.445289+00:00,^VIX,VIX,Volatilidad,15.76,16.290001,-0.530001,-3.2535,down,2026-05-28T16:00:00-04:00
2026-05-28T22:50:22.445289-05:00,2026-05-29T03:50:22.445289+00:00,^TNX,US 10Y,Tasa,4.455,4.481,-0.026,-0.5802,down,2026-05-28T14:50:00-04:00
2026-05-28T22:50:22.445289-05:00,2026-05-29T03:50:22.445289+00:00,GC=F,Oro,Commodity,4527.5,4447.5,80.0,1.7988,up,2026-05-28T23:30:00-04:00
2026-05-28T22:50:22.445289-05:00,2026-05-29T03:50:22.445289+00:00,CL=F,WTI,Commodity,87.739998,88.68,-0.940002,-1.06,down,2026-05-28T23:30:00-04:00
2026-05-28T22:50:22.445289-05:00,2026-05-29T03:50:22.445289+00:00,HG=F,Cobre,Commodity,6.4145,6.305,0.1095,1.7367,up,2026-05-28T23:30:00-04:00
2026-05-28T22:50:22.445289-05:00,2026-05-29T03:50:22.445289+00:00,BTC-USD,Bitcoin,Crypto,73252.5,74344.703125,-1092.203125,-1.4691,down,2026-05-28T23:45:00-04:00
2026-05-29T11:08:03.062316-05:00,2026-05-29T16:08:03.062316+00:00,USDPEN=X,USD/PEN,FX,3.4035,3.3374,0.0661,1.9806,up,2026-05-29T12:00:00-04:00
2026-05-29T11:08:03.062316-05:00,2026-05-29T16:08:03.062316+00:00,EURUSD=X,EUR/USD,FX,1.167815,1.161791,0.006024,0.5185,up,2026-05-29T12:00:00-04:00
2026-05-29T11:08:03.062316-05:00,2026-05-29T16:08:03.062316+00:00,DX-Y.NYB,DXY,Dólar,98.808998,99.019997,-0.210999,-0.2131,down,2026-05-29T11:45:00-04:00
2026-05-29T11:08:03.062316-05:00,2026-05-29T16:08:03.062316+00:00,^GSPC,S&P 500,Índice,7587.819824,7563.629883,24.189941,0.3198,up,2026-05-29T12:00:00-04:00
2026-05-29T11:08:03.062316-05:00,2026-05-29T16:08:03.062316+00:00,^IXIC,Nasdaq,Índice,27004.345703,26917.470703,86.875,0.3227,up,2026-05-29T12:00:00-04:00
2026-05-29T11:08:03.062316-05:00,2026-05-29T16:08:03.062316+00:00,^DJI,Dow Jones,Índice,51038.039062,50668.96875,369.070312,0.7284,up,2026-05-29T12:00:00-04:00
2026-05-29T11:08:03.062316-05:00,2026-05-29T16:08:03.062316+00:00,^VIX,VIX,Volatilidad,15.39,15.74,-0.349999,-2.2236,down,2026-05-29T11:45:00-04:00
2026-05-29T11:08:03.062316-05:00,2026-05-29T16:08:03.062316+00:00,^TNX,US 10Y,Tasa,4.439,4.455,-0.016,-0.3591,down,2026-05-29T11:50:00-04:00
2026-05-29T11:08:03.062316-05:00,2026-05-29T16:08:03.062316+00:00,GC=F,Oro,Commodity,4599.799805,4499.299805,100.5,2.2337,up,2026-05-29T11:45:00-04:00
2026-05-29T11:08:03.062316-05:00,2026-05-29T16:08:03.062316+00:00,CL=F,WTI,Commodity,87.580002,88.900002,-1.32,-1.4848,down,2026-05-29T11:45:00-04:00
2026-05-29T11:08:03.062316-05:00,2026-05-29T16:08:03.062316+00:00,HG=F,Cobre,Commodity,6.4025,6.396,0.0065,0.1016,up,2026-05-29T11:45:00-04:00
2026-05-29T11:08:03.062316-05:00,2026-05-29T16:08:03.062316+00:00,BTC-USD,Bitcoin,Crypto,73702.539062,73536.554688,165.984375,0.2257,up,2026-05-29T12:00:00-04:00
2026-05-29T13:42:38.827675-05:00,2026-05-29T18:42:38.827675+00:00,USDPEN=X,USD/PEN,FX,3.4127,3.3374,0.0753,2.2562,up,2026-05-29T14:30:00-04:00
2026-05-29T13:42:38.827675-05:00,2026-05-29T18:42:38.827675+00:00,EURUSD=X,EUR/USD,FX,1.166997,1.161791,0.005206,0.4481,up,2026-05-29T14:30:00-04:00
2026-05-29T13:42:38.827675-05:00,2026-05-29T18:42:38.827675+00:00,DX-Y.NYB,DXY,Dólar,98.892998,99.019997,-0.126999,-0.1283,down,2026-05-29T14:30:00-04:00
2026-05-29T13:42:38.827675-05:00,2026-05-29T18:42:38.827675+00:00,^GSPC,S&P 500,Índice,7582.879883,7563.629883,19.25,0.2545,up,2026-05-29T14:30:00-04:00
2026-05-29T13:42:38.827675-05:00,2026-05-29T18:42:38.827675+00:00,^IXIC,Nasdaq,Índice,26972.138672,26917.470703,54.667969,0.2031,up,2026-05-29T14:30:00-04:00
2026-05-29T13:42:38.827675-05:00,2026-05-29T18:42:38.827675+00:00,^DJI,Dow Jones,Índice,51007.5,50668.96875,338.53125,0.6681,up,2026-05-29T14:30:00-04:00
2026-05-29T13:42:38.827675-05:00,2026-05-29T18:42:38.827675+00:00,^VIX,VIX,Volatilidad,15.31,15.74,-0.429999,-2.7319,down,2026-05-29T14:15:00-04:00
2026-05-29T13:42:38.827675-05:00,2026-05-29T18:42:38.827675+00:00,^TNX,US 10Y,Tasa,4.437,4.455,-0.018,-0.404,down,2026-05-29T14:20:00-04:00
2026-05-29T13:42:38.827675-05:00,2026-05-29T18:42:38.827675+00:00,GC=F,Oro,Commodity,4591.5,4499.299805,92.200195,2.0492,up,2026-05-29T14:30:00-04:00
2026-05-29T13:42:38.827675-05:00,2026-05-29T18:42:38.827675+00:00,CL=F,WTI,Commodity,87.239998,88.900002,-1.660004,-1.8673,down,2026-05-29T14:30:00-04:00
2026-05-29T13:42:38.827675-05:00,2026-05-29T18:42:38.827675+00:00,HG=F,Cobre,Commodity,6.3925,6.396,-0.0035,-0.0547,down,2026-05-29T14:30:00-04:00
2026-05-29T13:42:38.827675-05:00,2026-05-29T18:42:38.827675+00:00,BTC-USD,Bitcoin,Crypto,73699.390625,73536.554688,162.835938,0.2214,up,2026-05-29T14:30:00-04:00
2026-05-29T16:15:51.767335-05:00,2026-05-29T21:15:51.767335+00:00,USDPEN=X,USD/PEN,FX,3.398,3.3374,0.0606,1.8158,up,2026-05-29T16:45:00-04:00
2026-05-29T16:15:51.767335-05:00,2026-05-29T21:15:51.767335+00:00,EURUSD=X,EUR/USD,FX,1.165909,1.161791,0.004118,0.3544,up,2026-05-29T17:15:00-04:00
2026-05-29T16:15:51.767335-05:00,2026-05-29T21:15:51.767335+00:00,DX-Y.NYB,DXY,Dólar,98.942001,99.019997,-0.077995,-0.0788,down,2026-05-29T16:45:00-04:00
2026-05-29T16:15:51.767335-05:00,2026-05-29T21:15:51.767335+00:00,^GSPC,S&P 500,Índice,7581.25,7563.629883,17.620117,0.233,up,2026-05-29T15:45:00-04:00
2026-05-29T16:15:51.767335-05:00,2026-05-29T21:15:51.767335+00:00,^IXIC,Nasdaq,Índice,26976.353516,26917.470703,58.882812,0.2188,up,2026-05-29T15:45:00-04:00
2026-05-29T16:15:51.767335-05:00,2026-05-29T21:15:51.767335+00:00,^DJI,Dow Jones,Índice,51032.449219,50668.96875,363.480469,0.7174,up,2026-05-29T15:45:00-04:00
2026-05-29T16:15:51.767335-05:00,2026-05-29T21:15:51.767335+00:00,^VIX,VIX,Volatilidad,15.34,15.74,-0.4,-2.5413,down,2026-05-29T16:00:00-04:00
2026-05-29T16:15:51.767335-05:00,2026-05-29T21:15:51.767335+00:00,^TNX,US 10Y,Tasa,4.453,4.455,-0.002,-0.0449,down,2026-05-29T14:50:00-04:00
2026-05-29T16:15:51.767335-05:00,2026-05-29T21:15:51.767335+00:00,GC=F,Oro,Commodity,4569.899902,4499.299805,70.600098,1.5691,up,2026-05-29T16:45:00-04:00
2026-05-29T16:15:51.767335-05:00,2026-05-29T21:15:51.767335+00:00,CL=F,WTI,Commodity,87.760002,88.900002,-1.139999,-1.2823,down,2026-05-29T16:45:00-04:00
2026-05-29T16:15:51.767335-05:00,2026-05-29T21:15:51.767335+00:00,HG=F,Cobre,Commodity,6.394,6.396,-0.002,-0.0313,down,2026-05-29T16:45:00-04:00
2026-05-29T16:15:51.767335-05:00,2026-05-29T21:15:51.767335+00:00,BTC-USD,Bitcoin,Crypto,73696.882812,73536.554688,160.328125,0.218,up,2026-05-29T17:15:00-04:00
2026-05-29T17:43:09.537374-05:00,2026-05-29T22:43:09.537374+00:00,USDPEN=X,USD/PEN,FX,3.398,3.3374,0.0606,1.8158,up,2026-05-29T17:30:00-04:00
2026-05-29T17:43:09.537374-05:00,2026-05-29T22:43:09.537374+00:00,EURUSD=X,EUR/USD,FX,1.165909,1.161791,0.004118,0.3544,up,2026-05-29T17:15:00-04:00
2026-05-29T17:43:09.537374-05:00,2026-05-29T22:43:09.537374+00:00,DX-Y.NYB,DXY,Dólar,98.942001,99.019997,-0.077995,-0.0788,down,2026-05-29T16:45:00-04:00
2026-05-29T17:43:09.537374-05:00,2026-05-29T22:43:09.537374+00:00,^GSPC,S&P 500,Índice,7581.25,7563.629883,17.620117,0.233,up,2026-05-29T15:45:00-04:00
2026-05-29T17:43:09.537374-05:00,2026-05-29T22:43:09.537374+00:00,^IXIC,Nasdaq,Índice,26976.353516,26917.470703,58.882812,0.2188,up,2026-05-29T15:45:00-04:00
2026-05-29T17:43:09.537374-05:00,2026-05-29T22:43:09.537374+00:00,^DJI,Dow Jones,Índice,51032.449219,50668.96875,363.480469,0.7174,up,2026-05-29T15:45:00-04:00
2026-05-29T17:43:09.537374-05:00,2026-05-29T22:43:09.537374+00:00,^VIX,VIX,Volatilidad,15.34,15.74,-0.4,-2.5413,down,2026-05-29T16:00:00-04:00
2026-05-29T17:43:09.537374-05:00,2026-05-29T22:43:09.537374+00:00,^TNX,US 10Y,Tasa,4.453,4.455,-0.002,-0.0449,down,2026-05-29T14:50:00-04:00
2026-05-29T17:43:09.537374-05:00,2026-05-29T22:43:09.537374+00:00,GC=F,Oro,Commodity,4569.899902,4499.299805,70.600098,1.5691,up,2026-05-29T16:45:00-04:00
2026-05-29T17:43:09.537374-05:00,2026-05-29T22:43:09.537374+00:00,CL=F,WTI,Commodity,87.760002,88.900002,-1.139999,-1.2823,down,2026-05-29T16:45:00-04:00
2026-05-29T17:43:09.537374-05:00,2026-05-29T22:43:09.537374+00:00,HG=F,Cobre,Commodity,6.394,6.396,-0.002,-0.0313,down,2026-05-29T16:45:00-04:00
2026-05-29T17:43:09.537374-05:00,2026-05-29T22:43:09.537374+00:00,BTC-USD,Bitcoin,Crypto,73364.34375,73536.554688,-172.210938,-0.2342,down,2026-05-29T18:30:00-04:00
2026-05-29T19:17:39.114467-05:00,2026-05-30T00:17:39.114467+00:00,USDPEN=X,USD/PEN,FX,3.398,3.3374,0.0606,1.8158,up,2026-05-29T17:30:00-04:00
2026-05-29T19:17:39.114467-05:00,2026-05-30T00:17:39.114467+00:00,EURUSD=X,EUR/USD,FX,1.165909,1.161791,0.004118,0.3544,up,2026-05-29T17:15:00-04:00
2026-05-29T19:17:39.114467-05:00,2026-05-30T00:17:39.114467+00:00,DX-Y.NYB,DXY,Dólar,98.942001,99.019997,-0.077995,-0.0788,down,2026-05-29T16:45:00-04:00
2026-05-29T19:17:39.114467-05:00,2026-05-30T00:17:39.114467+00:00,^GSPC,S&P 500,Índice,7581.25,7563.629883,17.620117,0.233,up,2026-05-29T15:45:00-04:00
2026-05-29T19:17:39.114467-05:00,2026-05-30T00:17:39.114467+00:00,^IXIC,Nasdaq,Índice,26976.353516,26917.470703,58.882812,0.2188,up,2026-05-29T15:45:00-04:00
2026-05-29T19:17:39.114467-05:00,2026-05-30T00:17:39.114467+00:00,^DJI,Dow Jones,Índice,51032.449219,50668.96875,363.480469,0.7174,up,2026-05-29T15:45:00-04:00
2026-05-29T19:17:39.114467-05:00,2026-05-30T00:17:39.114467+00:00,^VIX,VIX,Volatilidad,15.34,15.74,-0.4,-2.5413,down,2026-05-29T16:00:00-04:00
2026-05-29T19:17:39.114467-05:00,2026-05-30T00:17:39.114467+00:00,^TNX,US 10Y,Tasa,4.453,4.455,-0.002,-0.0449,down,2026-05-29T14:50:00-04:00
2026-05-29T19:17:39.114467-05:00,2026-05-30T00:17:39.114467+00:00,GC=F,Oro,Commodity,4569.899902,4499.299805,70.600098,1.5691,up,2026-05-29T16:45:00-04:00
2026-05-29T19:17:39.114467-05:00,2026-05-30T00:17:39.114467+00:00,CL=F,WTI,Commodity,87.760002,88.900002,-1.139999,-1.2823,down,2026-05-29T16:45:00-04:00
2026-05-29T19:17:39.114467-05:00,2026-05-30T00:17:39.114467+00:00,HG=F,Cobre,Commodity,6.394,6.396,-0.002,-0.0313,down,2026-05-29T16:45:00-04:00
2026-05-29T19:17:39.114467-05:00,2026-05-30T00:17:39.114467+00:00,BTC-USD,Bitcoin,Crypto,73395.9375,73536.554688,-140.617188,-0.1912,down,2026-05-29T20:15:00-04:00
2026-06-01T13:15:52.719596-05:00,2026-06-01T18:15:52.719596+00:00,USDPEN=X,USD/PEN,FX,3.4056,3.408,-0.0024,-0.0704,down,2026-06-01T14:00:00-04:00
2026-06-01T13:15:52.719596-05:00,2026-06-01T18:15:52.719596+00:00,EURUSD=X,EUR/USD,FX,1.163738,1.165284,-0.001546,-0.1327,down,2026-06-01T14:15:00-04:00
2026-06-01T13:15:52.719596-05:00,2026-06-01T18:15:52.719596+00:00,DX-Y.NYB,DXY,Dólar,99.158997,98.910004,0.248993,0.2517,up,2026-06-01T14:00:00-04:00
2026-06-01T13:15:52.719596-05:00,2026-06-01T18:15:52.719596+00:00,^GSPC,S&P 500,Índice,7610.75,7580.060059,30.689941,0.4049,up,2026-06-01T14:15:00-04:00
2026-06-01T13:15:52.719596-05:00,2026-06-01T18:15:52.719596+00:00,^IXIC,Nasdaq,Índice,27140.808594,26972.619141,168.189453,0.6236,up,2026-06-01T14:15:00-04:00
2026-06-01T13:15:52.719596-05:00,2026-06-01T18:15:52.719596+00:00,^DJI,Dow Jones,Índice,51040.519531,51032.460938,8.058594,0.0158,up,2026-06-01T14:15:00-04:00
2026-06-01T13:15:52.719596-05:00,2026-06-01T18:15:52.719596+00:00,^VIX,VIX,Volatilidad,15.74,15.32,0.42,2.7415,up,2026-06-01T14:00:00-04:00
2026-06-01T13:15:52.719596-05:00,2026-06-01T18:15:52.719596+00:00,^TNX,US 10Y,Tasa,4.471,4.453,0.018,0.4042,up,2026-06-01T13:50:00-04:00
2026-06-01T13:15:52.719596-05:00,2026-06-01T18:15:52.719596+00:00,GC=F,Oro,Commodity,4517.399902,4560.5,-43.100098,-0.9451,down,2026-06-01T14:00:00-04:00
2026-06-01T13:15:52.719596-05:00,2026-06-01T18:15:52.719596+00:00,CL=F,WTI,Commodity,91.889999,87.360001,4.529999,5.1854,up,2026-06-01T14:00:00-04:00
2026-06-01T13:15:52.719596-05:00,2026-06-01T18:15:52.719596+00:00,HG=F,Cobre,Commodity,6.581,6.3595,0.2215,3.483,up,2026-06-01T14:00:00-04:00
2026-06-01T13:15:52.719596-05:00,2026-06-01T18:15:52.719596+00:00,BTC-USD,Bitcoin,Crypto,71409.898438,73579.6875,-2169.789062,-2.9489,down,2026-06-01T14:15:00-04:00
2026-06-01T16:44:07.164714-05:00,2026-06-01T21:44:07.164714+00:00,USDPEN=X,USD/PEN,FX,3.3979,3.408,-0.0101,-0.2964,down,2026-06-01T17:30:00-04:00
2026-06-01T16:44:07.164714-05:00,2026-06-01T21:44:07.164714+00:00,EURUSD=X,EUR/USD,FX,1.163467,1.165284,-0.001817,-0.1559,down,2026-06-01T17:30:00-04:00
2026-06-01T16:44:07.164714-05:00,2026-06-01T21:44:07.164714+00:00,DX-Y.NYB,DXY,Dólar,99.167,98.910004,0.256996,0.2598,up,2026-06-01T17:30:00-04:00
2026-06-01T16:44:07.164714-05:00,2026-06-01T21:44:07.164714+00:00,^GSPC,S&P 500,Índice,7600.25,7580.060059,20.189941,0.2664,up,2026-06-01T15:45:00-04:00
2026-06-01T16:44:07.164714-05:00,2026-06-01T21:44:07.164714+00:00,^IXIC,Nasdaq,Índice,27083.673828,26972.619141,111.054688,0.4117,up,2026-06-01T15:45:00-04:00
2026-06-01T16:44:07.164714-05:00,2026-06-01T21:44:07.164714+00:00,^DJI,Dow Jones,Índice,51075.03125,51032.460938,42.570312,0.0834,up,2026-06-01T15:45:00-04:00
2026-06-01T16:44:07.164714-05:00,2026-06-01T21:44:07.164714+00:00,^VIX,VIX,Volatilidad,16.049999,15.32,0.73,4.765,up,2026-06-01T16:00:00-04:00
2026-06-01T16:44:07.164714-05:00,2026-06-01T21:44:07.164714+00:00,^TNX,US 10Y,Tasa,4.475,4.453,0.022,0.494,up,2026-06-01T14:50:00-04:00
2026-06-01T16:44:07.164714-05:00,2026-06-01T21:44:07.164714+00:00,GC=F,Oro,Commodity,4514.799805,4560.5,-45.700195,-1.0021,down,2026-06-01T16:45:00-04:00
2026-06-01T16:44:07.164714-05:00,2026-06-01T21:44:07.164714+00:00,CL=F,WTI,Commodity,92.470001,87.360001,5.110001,5.8494,up,2026-06-01T16:45:00-04:00
2026-06-01T16:44:07.164714-05:00,2026-06-01T21:44:07.164714+00:00,HG=F,Cobre,Commodity,6.5705,6.3595,0.211,3.3179,up,2026-06-01T16:45:00-04:00
2026-06-01T16:44:07.164714-05:00,2026-06-01T21:44:07.164714+00:00,BTC-USD,Bitcoin,Crypto,70859.117188,73579.6875,-2720.570312,-3.6974,down,2026-06-01T17:30:00-04:00
2026-06-01T18:44:19.321347-05:00,2026-06-01T23:44:19.321347+00:00,USDPEN=X,USD/PEN,FX,3.3985,3.398,0.0005,0.0147,up,2026-06-01T19:30:00-04:00
2026-06-01T18:44:19.321347-05:00,2026-06-01T23:44:19.321347+00:00,EURUSD=X,EUR/USD,FX,1.163873,1.16489,-0.001017,-0.0873,down,2026-06-01T19:30:00-04:00
2026-06-01T18:44:19.321347-05:00,2026-06-01T23:44:19.321347+00:00,DX-Y.NYB,DXY,Dólar,99.181,98.910004,0.270996,0.274,up,2026-06-01T18:00:00-04:00
2026-06-01T18:44:19.321347-05:00,2026-06-01T23:44:19.321347+00:00,^GSPC,S&P 500,Índice,7600.25,7580.060059,20.189941,0.2664,up,2026-06-01T15:45:00-04:00
2026-06-01T18:44:19.321347-05:00,2026-06-01T23:44:19.321347+00:00,^IXIC,Nasdaq,Índice,27083.673828,26972.619141,111.054688,0.4117,up,2026-06-01T15:45:00-04:00
2026-06-01T18:44:19.321347-05:00,2026-06-01T23:44:19.321347+00:00,^DJI,Dow Jones,Índice,51075.03125,51032.460938,42.570312,0.0834,up,2026-06-01T15:45:00-04:00
2026-06-01T18:44:19.321347-05:00,2026-06-01T23:44:19.321347+00:00,^VIX,VIX,Volatilidad,16.049999,15.32,0.73,4.765,up,2026-06-01T16:00:00-04:00
2026-06-01T18:44:19.321347-05:00,2026-06-01T23:44:19.321347+00:00,^TNX,US 10Y,Tasa,4.475,4.453,0.022,0.494,up,2026-06-01T14:50:00-04:00
2026-06-01T18:44:19.321347-05:00,2026-06-01T23:44:19.321347+00:00,GC=F,Oro,Commodity,4515.0,4560.5,-45.5,-0.9977,down,2026-06-01T19:30:00-04:00
2026-06-01T18:44:19.321347-05:00,2026-06-01T23:44:19.321347+00:00,CL=F,WTI,Commodity,92.309998,87.360001,4.949997,5.6662,up,2026-06-01T19:30:00-04:00
2026-06-01T18:44:19.321347-05:00,2026-06-01T23:44:19.321347+00:00,HG=F,Cobre,Commodity,6.5695,6.3595,0.21,3.3021,up,2026-06-01T19:30:00-04:00
2026-06-01T18:44:19.321347-05:00,2026-06-01T23:44:19.321347+00:00,BTC-USD,Bitcoin,Crypto,71429.15625,73579.6875,-2150.53125,-2.9227,down,2026-06-01T19:30:00-04:00
2026-06-02T11:54:32.467143-05:00,2026-06-02T16:54:32.467143+00:00,USDPEN=X,USD/PEN,FX,3.4037,3.398,0.0057,0.1677,up,2026-06-02T12:45:00-04:00
2026-06-02T11:54:32.467143-05:00,2026-06-02T16:54:32.467143+00:00,EURUSD=X,EUR/USD,FX,1.163196,1.16489,-0.001694,-0.1454,down,2026-06-02T12:45:00-04:00
2026-06-02T11:54:32.467143-05:00,2026-06-02T16:54:32.467143+00:00,DX-Y.NYB,DXY,Dólar,99.227997,99.199997,0.028,0.0282,up,2026-06-02T12:30:00-04:00
2026-06-02T11:54:32.467143-05:00,2026-06-02T16:54:32.467143+00:00,^GSPC,S&P 500,Índice,7613.390137,7599.959961,13.430176,0.1767,up,2026-06-02T12:45:00-04:00
2026-06-02T11:54:32.467143-05:00,2026-06-02T16:54:32.467143+00:00,^IXIC,Nasdaq,Índice,27129.277344,27086.810547,42.466797,0.1568,up,2026-06-02T12:45:00-04:00
2026-06-02T11:54:32.467143-05:00,2026-06-02T16:54:32.467143+00:00,^DJI,Dow Jones,Índice,51225.398438,51078.878906,146.519531,0.2868,up,2026-06-02T12:45:00-04:00
2026-06-02T11:54:32.467143-05:00,2026-06-02T16:54:32.467143+00:00,^VIX,VIX,Volatilidad,16.0,16.049999,-0.049999,-0.3115,down,2026-06-02T12:30:00-04:00
2026-06-02T11:54:32.467143-05:00,2026-06-02T16:54:32.467143+00:00,^TNX,US 10Y,Tasa,4.461,4.475,-0.014,-0.3128,down,2026-06-02T12:35:00-04:00
2026-06-02T11:54:32.467143-05:00,2026-06-02T16:54:32.467143+00:00,GC=F,Oro,Commodity,4520.100098,4475.200195,44.899902,1.0033,up,2026-06-02T12:30:00-04:00
2026-06-02T11:54:32.467143-05:00,2026-06-02T16:54:32.467143+00:00,CL=F,WTI,Commodity,93.309998,92.160004,1.149994,1.2478,up,2026-06-02T12:30:00-04:00
2026-06-02T11:54:32.467143-05:00,2026-06-02T16:54:32.467143+00:00,HG=F,Cobre,Commodity,6.6765,6.524,0.1525,2.3375,up,2026-06-02T12:30:00-04:00
2026-06-02T11:54:32.467143-05:00,2026-06-02T16:54:32.467143+00:00,BTC-USD,Bitcoin,Crypto,67463.4375,71319.773438,-3856.335938,-5.4071,down,2026-06-02T12:45:00-04:00
2026-06-02T15:18:20.573898-05:00,2026-06-02T20:18:20.573898+00:00,USDPEN=X,USD/PEN,FX,3.4019,3.398,0.0039,0.1148,up,2026-06-02T15:45:00-04:00
2026-06-02T15:18:20.573898-05:00,2026-06-02T20:18:20.573898+00:00,EURUSD=X,EUR/USD,FX,1.163603,1.16489,-0.001288,-0.1105,down,2026-06-02T16:15:00-04:00
2026-06-02T15:18:20.573898-05:00,2026-06-02T20:18:20.573898+00:00,DX-Y.NYB,DXY,Dólar,99.190002,99.199997,-0.009995,-0.0101,down,2026-06-02T16:00:00-04:00
2026-06-02T15:18:20.573898-05:00,2026-06-02T20:18:20.573898+00:00,^GSPC,S&P 500,Índice,7610.509766,7599.959961,10.549805,0.1388,up,2026-06-02T15:45:00-04:00
2026-06-02T15:18:20.573898-05:00,2026-06-02T20:18:20.573898+00:00,^IXIC,Nasdaq,Índice,27093.955078,27086.810547,7.144531,0.0264,up,2026-06-02T15:45:00-04:00
2026-06-02T15:18:20.573898-05:00,2026-06-02T20:18:20.573898+00:00,^DJI,Dow Jones,Índice,51316.011719,51078.878906,237.132812,0.4642,up,2026-06-02T15:45:00-04:00
2026-06-02T15:18:20.573898-05:00,2026-06-02T20:18:20.573898+00:00,^VIX,VIX,Volatilidad,15.8,16.049999,-0.249999,-1.5576,down,2026-06-02T16:00:00-04:00
2026-06-02T15:18:20.573898-05:00,2026-06-02T20:18:20.573898+00:00,^TNX,US 10Y,Tasa,4.455,4.475,-0.02,-0.4469,down,2026-06-02T14:50:00-04:00
2026-06-02T15:18:20.573898-05:00,2026-06-02T20:18:20.573898+00:00,GC=F,Oro,Commodity,4517.899902,4475.200195,42.699707,0.9541,up,2026-06-02T16:00:00-04:00
2026-06-02T15:18:20.573898-05:00,2026-06-02T20:18:20.573898+00:00,CL=F,WTI,Commodity,93.580002,92.160004,1.419998,1.5408,up,2026-06-02T16:00:00-04:00
2026-06-02T15:18:20.573898-05:00,2026-06-02T20:18:20.573898+00:00,HG=F,Cobre,Commodity,6.6745,6.524,0.1505,2.3069,up,2026-06-02T16:00:00-04:00
2026-06-02T15:18:20.573898-05:00,2026-06-02T20:18:20.573898+00:00,BTC-USD,Bitcoin,Crypto,67055.007812,71319.773438,-4264.765625,-5.9798,down,2026-06-02T16:15:00-04:00
2026-06-02T20:45:51.877293-05:00,2026-06-03T01:45:51.877293+00:00,USDPEN=X,USD/PEN,FX,3.4019,3.331387,0.070513,2.1166,up,2026-06-02T21:00:00-04:00
2026-06-02T20:45:51.877293-05:00,2026-06-03T01:45:51.877293+00:00,EURUSD=X,EUR/USD,FX,1.163467,1.163548,-8.1e-05,-0.007,down,2026-06-02T21:45:00-04:00
2026-06-02T20:45:51.877293-05:00,2026-06-03T01:45:51.877293+00:00,DX-Y.NYB,DXY,Dólar,99.210999,99.199997,0.011002,0.0111,up,2026-06-02T21:30:00-04:00
2026-06-02T20:45:51.877293-05:00,2026-06-03T01:45:51.877293+00:00,^GSPC,S&P 500,Índice,7610.509766,7599.959961,10.549805,0.1388,up,2026-06-02T15:45:00-04:00
2026-06-02T20:45:51.877293-05:00,2026-06-03T01:45:51.877293+00:00,^IXIC,Nasdaq,Índice,27093.955078,27086.810547,7.144531,0.0264,up,2026-06-02T15:45:00-04:00
2026-06-02T20:45:51.877293-05:00,2026-06-03T01:45:51.877293+00:00,^DJI,Dow Jones,Índice,51316.011719,51078.878906,237.132812,0.4642,up,2026-06-02T15:45:00-04:00
2026-06-02T20:45:51.877293-05:00,2026-06-03T01:45:51.877293+00:00,^VIX,VIX,Volatilidad,15.78,16.049999,-0.27,-1.6822,down,2026-06-02T16:00:00-04:00
2026-06-02T20:45:51.877293-05:00,2026-06-03T01:45:51.877293+00:00,^TNX,US 10Y,Tasa,4.455,4.475,-0.02,-0.4469,down,2026-06-02T14:50:00-04:00
2026-06-02T20:45:51.877293-05:00,2026-06-03T01:45:51.877293+00:00,GC=F,Oro,Commodity,4500.100098,4475.200195,24.899902,0.5564,up,2026-06-02T21:30:00-04:00
2026-06-02T20:45:51.877293-05:00,2026-06-03T01:45:51.877293+00:00,CL=F,WTI,Commodity,94.870003,92.160004,2.709999,2.9405,up,2026-06-02T21:30:00-04:00
2026-06-02T20:45:51.877293-05:00,2026-06-03T01:45:51.877293+00:00,HG=F,Cobre,Commodity,6.642,6.524,0.118,1.8087,up,2026-06-02T21:30:00-04:00
2026-06-02T20:45:51.877293-05:00,2026-06-03T01:45:51.877293+00:00,BTC-USD,Bitcoin,Crypto,66452.976562,71319.773438,-4866.796875,-6.8239,down,2026-06-02T21:45:00-04:00
2026-06-03T12:16:05.448844-05:00,2026-06-03T17:16:05.448844+00:00,USDPEN=X,USD/PEN,FX,3.4087,3.331387,0.077313,2.3207,up,2026-06-03T13:00:00-04:00
2026-06-03T12:16:05.448844-05:00,2026-06-03T17:16:05.448844+00:00,EURUSD=X,EUR/USD,FX,1.160362,1.163548,-0.003186,-0.2738,down,2026-06-03T13:15:00-04:00
2026-06-03T12:16:05.448844-05:00,2026-06-03T17:16:05.448844+00:00,DX-Y.NYB,DXY,Dólar,99.510002,99.220001,0.290001,0.2923,up,2026-06-03T13:00:00-04:00
2026-06-03T12:16:05.448844-05:00,2026-06-03T17:16:05.448844+00:00,^GSPC,S&P 500,Índice,7558.189941,7609.779785,-51.589844,-0.6779,down,2026-06-03T13:15:00-04:00
2026-06-03T12:16:05.448844-05:00,2026-06-03T17:16:05.448844+00:00,^IXIC,Nasdaq,Índice,26803.474609,27093.900391,-290.425781,-1.0719,down,2026-06-03T13:15:00-04:00
2026-06-03T12:16:05.448844-05:00,2026-06-03T17:16:05.448844+00:00,^DJI,Dow Jones,Índice,50857.988281,51307.789062,-449.800781,-0.8767,down,2026-06-03T13:15:00-04:00
2026-06-03T12:16:05.448844-05:00,2026-06-03T17:16:05.448844+00:00,^VIX,VIX,Volatilidad,16.23,15.77,0.459999,2.9169,up,2026-06-03T13:00:00-04:00
2026-06-03T12:16:05.448844-05:00,2026-06-03T17:16:05.448844+00:00,^TNX,US 10Y,Tasa,4.495,4.455,0.04,0.8979,up,2026-06-03T12:50:00-04:00
2026-06-03T12:16:05.448844-05:00,2026-06-03T17:16:05.448844+00:00,GC=F,Oro,Commodity,4472.100098,4489.100098,-17.0,-0.3787,down,2026-06-03T13:00:00-04:00
2026-06-03T12:16:05.448844-05:00,2026-06-03T17:16:05.448844+00:00,CL=F,WTI,Commodity,95.779999,93.760002,2.019997,2.1544,up,2026-06-03T13:00:00-04:00
2026-06-03T12:16:05.448844-05:00,2026-06-03T17:16:05.448844+00:00,HG=F,Cobre,Commodity,6.509,6.6495,-0.1405,-2.1129,down,2026-06-03T13:00:00-04:00
2026-06-03T12:16:05.448844-05:00,2026-06-03T17:16:05.448844+00:00,BTC-USD,Bitcoin,Crypto,65700.0,66703.65625,-1003.65625,-1.5046,down,2026-06-03T13:15:00-04:00
2026-06-03T15:28:19.041074-05:00,2026-06-03T20:28:19.041074+00:00,USDPEN=X,USD/PEN,FX,3.4029,3.331387,0.071513,2.1466,up,2026-06-03T16:15:00-04:00
2026-06-03T15:28:19.041074-05:00,2026-06-03T20:28:19.041074+00:00,EURUSD=X,EUR/USD,FX,1.160362,1.163548,-0.003186,-0.2738,down,2026-06-03T16:15:00-04:00
2026-06-03T15:28:19.041074-05:00,2026-06-03T20:28:19.041074+00:00,DX-Y.NYB,DXY,Dólar,99.526001,99.220001,0.306,0.3084,up,2026-06-03T16:15:00-04:00
2026-06-03T15:28:19.041074-05:00,2026-06-03T20:28:19.041074+00:00,^GSPC,S&P 500,Índice,7556.819824,7609.779785,-52.959961,-0.6959,down,2026-06-03T15:45:00-04:00
2026-06-03T15:28:19.041074-05:00,2026-06-03T20:28:19.041074+00:00,^IXIC,Nasdaq,Índice,26862.929688,27093.900391,-230.970703,-0.8525,down,2026-06-03T15:45:00-04:00
2026-06-03T15:28:19.041074-05:00,2026-06-03T20:28:19.041074+00:00,^DJI,Dow Jones,Índice,50735.03125,51307.789062,-572.757812,-1.1163,down,2026-06-03T15:45:00-04:00
2026-06-03T15:28:19.041074-05:00,2026-06-03T20:28:19.041074+00:00,^VIX,VIX,Volatilidad,16.09,15.77,0.32,2.0292,up,2026-06-03T16:00:00-04:00
2026-06-03T15:28:19.041074-05:00,2026-06-03T20:28:19.041074+00:00,^TNX,US 10Y,Tasa,4.491,4.455,0.036,0.8081,up,2026-06-03T14:50:00-04:00
2026-06-03T15:28:19.041074-05:00,2026-06-03T20:28:19.041074+00:00,GC=F,Oro,Commodity,4466.0,4489.100098,-23.100098,-0.5146,down,2026-06-03T16:15:00-04:00
2026-06-03T15:28:19.041074-05:00,2026-06-03T20:28:19.041074+00:00,CL=F,WTI,Commodity,96.349998,93.760002,2.589996,2.7624,up,2026-06-03T16:15:00-04:00
2026-06-03T15:28:19.041074-05:00,2026-06-03T20:28:19.041074+00:00,HG=F,Cobre,Commodity,6.487,6.6495,-0.1625,-2.4438,down,2026-06-03T16:15:00-04:00
2026-06-03T15:28:19.041074-05:00,2026-06-03T20:28:19.041074+00:00,BTC-USD,Bitcoin,Crypto,65499.511719,66703.65625,-1204.144531,-1.8052,down,2026-06-03T16:15:00-04:00
2026-06-03T18:13:23.856141-05:00,2026-06-03T23:13:23.856141+00:00,USDPEN=X,USD/PEN,FX,3.4036,3.402,0.0016,0.047,up,2026-06-03T19:00:00-04:00
2026-06-03T18:13:23.856141-05:00,2026-06-03T23:13:23.856141+00:00,EURUSD=X,EUR/USD,FX,1.160497,1.16221,-0.001713,-0.1474,down,2026-06-03T19:00:00-04:00
2026-06-03T18:13:23.856141-05:00,2026-06-03T23:13:23.856141+00:00,DX-Y.NYB,DXY,Dólar,99.550003,99.220001,0.330002,0.3326,up,2026-06-03T18:00:00-04:00
2026-06-03T18:13:23.856141-05:00,2026-06-03T23:13:23.856141+00:00,^GSPC,S&P 500,Índice,7556.819824,7609.779785,-52.959961,-0.6959,down,2026-06-03T15:45:00-04:00
2026-06-03T18:13:23.856141-05:00,2026-06-03T23:13:23.856141+00:00,^IXIC,Nasdaq,Índice,26862.929688,27093.900391,-230.970703,-0.8525,down,2026-06-03T15:45:00-04:00
2026-06-03T18:13:23.856141-05:00,2026-06-03T23:13:23.856141+00:00,^DJI,Dow Jones,Índice,50735.03125,51307.789062,-572.757812,-1.1163,down,2026-06-03T15:45:00-04:00
2026-06-03T18:13:23.856141-05:00,2026-06-03T23:13:23.856141+00:00,^VIX,VIX,Volatilidad,16.1,15.77,0.33,2.0926,up,2026-06-03T16:00:00-04:00
2026-06-03T18:13:23.856141-05:00,2026-06-03T23:13:23.856141+00:00,^TNX,US 10Y,Tasa,4.491,4.455,0.036,0.8081,up,2026-06-03T14:50:00-04:00
2026-06-03T18:13:23.856141-05:00,2026-06-03T23:13:23.856141+00:00,GC=F,Oro,Commodity,4471.5,4489.100098,-17.600098,-0.3921,down,2026-06-03T19:00:00-04:00
2026-06-03T18:13:23.856141-05:00,2026-06-03T23:13:23.856141+00:00,CL=F,WTI,Commodity,95.239998,93.760002,1.479996,1.5785,up,2026-06-03T19:00:00-04:00
2026-06-03T18:13:23.856141-05:00,2026-06-03T23:13:23.856141+00:00,HG=F,Cobre,Commodity,6.4875,6.6495,-0.162,-2.4363,down,2026-06-03T19:00:00-04:00
2026-06-03T18:13:23.856141-05:00,2026-06-03T23:13:23.856141+00:00,BTC-USD,Bitcoin,Crypto,64580.730469,66703.65625,-2122.925781,-3.1826,down,2026-06-03T19:00:00-04:00
2026-06-03T20:48:07.549906-05:00,2026-06-04T01:48:07.549906+00:00,USDPEN=X,USD/PEN,FX,3.4031,3.402,0.0011,0.0323,up,2026-06-03T21:00:00-04:00
2026-06-03T20:48:07.549906-05:00,2026-06-04T01:48:07.549906+00:00,EURUSD=X,EUR/USD,FX,1.16117,1.16221,-0.001039,-0.0894,down,2026-06-03T21:45:00-04:00
2026-06-03T20:48:07.549906-05:00,2026-06-04T01:48:07.549906+00:00,DX-Y.NYB,DXY,Dólar,99.441002,99.220001,0.221001,0.2227,up,2026-06-03T21:30:00-04:00
2026-06-03T20:48:07.549906-05:00,2026-06-04T01:48:07.549906+00:00,^GSPC,S&P 500,Índice,7556.819824,7609.779785,-52.959961,-0.6959,down,2026-06-03T15:45:00-04:00
2026-06-03T20:48:07.549906-05:00,2026-06-04T01:48:07.549906+00:00,^IXIC,Nasdaq,Índice,26862.929688,27093.900391,-230.970703,-0.8525,down,2026-06-03T15:45:00-04:00
2026-06-03T20:48:07.549906-05:00,2026-06-04T01:48:07.549906+00:00,^DJI,Dow Jones,Índice,50735.03125,51307.789062,-572.757812,-1.1163,down,2026-06-03T15:45:00-04:00
2026-06-03T20:48:07.549906-05:00,2026-06-04T01:48:07.549906+00:00,^VIX,VIX,Volatilidad,16.1,15.77,0.33,2.0926,up,2026-06-03T16:00:00-04:00
2026-06-03T20:48:07.549906-05:00,2026-06-04T01:48:07.549906+00:00,^TNX,US 10Y,Tasa,4.491,4.455,0.036,0.8081,up,2026-06-03T14:50:00-04:00
2026-06-03T20:48:07.549906-05:00,2026-06-04T01:48:07.549906+00:00,GC=F,Oro,Commodity,4493.700195,4489.100098,4.600098,0.1025,up,2026-06-03T21:30:00-04:00
2026-06-03T20:48:07.549906-05:00,2026-06-04T01:48:07.549906+00:00,CL=F,WTI,Commodity,94.919998,93.760002,1.159996,1.2372,up,2026-06-03T21:30:00-04:00
2026-06-03T20:48:07.549906-05:00,2026-06-04T01:48:07.549906+00:00,HG=F,Cobre,Commodity,6.4745,6.6495,-0.175,-2.6318,down,2026-06-03T21:30:00-04:00
2026-06-03T20:48:07.549906-05:00,2026-06-04T01:48:07.549906+00:00,BTC-USD,Bitcoin,Crypto,62595.0,66703.65625,-4108.65625,-6.1596,down,2026-06-03T21:45:00-04:00
2026-06-04T10:40:06.634593-05:00,2026-06-04T15:40:06.634593+00:00,USDPEN=X,USD/PEN,FX,3.4153,3.402,0.0133,0.3909,up,2026-06-04T11:30:00-04:00
2026-06-04T10:40:06.634593-05:00,2026-06-04T15:40:06.634593+00:00,EURUSD=X,EUR/USD,FX,1.162926,1.16221,0.000716,0.0616,up,2026-06-04T11:30:00-04:00
2026-06-04T10:40:06.634593-05:00,2026-06-04T15:40:06.634593+00:00,DX-Y.NYB,DXY,Dólar,99.360001,99.529999,-0.169998,-0.1708,down,2026-06-04T11:30:00-04:00
2026-06-04T10:40:06.634593-05:00,2026-06-04T15:40:06.634593+00:00,^GSPC,S&P 500,Índice,7571.299805,7553.680176,17.619629,0.2333,up,2026-06-04T11:30:00-04:00
2026-06-04T10:40:06.634593-05:00,2026-06-04T15:40:06.634593+00:00,^IXIC,Nasdaq,Índice,26784.554688,26853.980469,-69.425781,-0.2585,down,2026-06-04T11:30:00-04:00
2026-06-04T10:40:06.634593-05:00,2026-06-04T15:40:06.634593+00:00,^DJI,Dow Jones,Índice,51564.25,50687.070312,877.179688,1.7306,up,2026-06-04T11:30:00-04:00
2026-06-04T10:40:06.634593-05:00,2026-06-04T15:40:06.634593+00:00,^VIX,VIX,Volatilidad,15.63,16.059999,-0.429999,-2.6775,down,2026-06-04T11:15:00-04:00
2026-06-04T10:40:06.634593-05:00,2026-06-04T15:40:06.634593+00:00,^TNX,US 10Y,Tasa,4.461,4.491,-0.03,-0.668,down,2026-06-04T11:20:00-04:00
2026-06-04T10:40:06.634593-05:00,2026-06-04T15:40:06.634593+00:00,GC=F,Oro,Commodity,4498.299805,4436.700195,61.599609,1.3884,up,2026-06-04T11:30:00-04:00
2026-06-04T10:40:06.634593-05:00,2026-06-04T15:40:06.634593+00:00,CL=F,WTI,Commodity,92.739998,96.019997,-3.279999,-3.416,down,2026-06-04T11:30:00-04:00
2026-06-04T10:40:06.634593-05:00,2026-06-04T15:40:06.634593+00:00,HG=F,Cobre,Commodity,6.5345,6.481,0.0535,0.8255,up,2026-06-04T11:30:00-04:00
2026-06-04T10:40:06.634593-05:00,2026-06-04T15:40:06.634593+00:00,BTC-USD,Bitcoin,Crypto,63794.660156,64014.367188,-219.707031,-0.3432,down,2026-06-04T11:30:00-04:00
2026-06-04T13:28:58.523013-05:00,2026-06-04T18:28:58.523013+00:00,USDPEN=X,USD/PEN,FX,3.4039,3.402,0.0019,0.0558,up,2026-06-04T14:15:00-04:00
2026-06-04T13:28:58.523013-05:00,2026-06-04T18:28:58.523013+00:00,EURUSD=X,EUR/USD,FX,1.162115,1.16221,-9.5e-05,-0.0081,down,2026-06-04T14:15:00-04:00
2026-06-04T13:28:58.523013-05:00,2026-06-04T18:28:58.523013+00:00,DX-Y.NYB,DXY,Dólar,99.383003,99.529999,-0.146996,-0.1477,down,2026-06-04T14:15:00-04:00
2026-06-04T13:28:58.523013-05:00,2026-06-04T18:28:58.523013+00:00,^GSPC,S&P 500,Índice,7592.640137,7553.680176,38.959961,0.5158,up,2026-06-04T14:15:00-04:00
2026-06-04T13:28:58.523013-05:00,2026-06-04T18:28:58.523013+00:00,^IXIC,Nasdaq,Índice,26914.066406,26853.980469,60.085938,0.2238,up,2026-06-04T14:15:00-04:00
2026-06-04T13:28:58.523013-05:00,2026-06-04T18:28:58.523013+00:00,^DJI,Dow Jones,Índice,51525.671875,50687.070312,838.601562,1.6545,up,2026-06-04T14:15:00-04:00
2026-06-04T13:28:58.523013-05:00,2026-06-04T18:28:58.523013+00:00,^VIX,VIX,Volatilidad,15.36,16.059999,-0.7,-4.3587,down,2026-06-04T14:00:00-04:00
2026-06-04T13:28:58.523013-05:00,2026-06-04T18:28:58.523013+00:00,^TNX,US 10Y,Tasa,4.473,4.491,-0.018,-0.4008,down,2026-06-04T14:05:00-04:00
2026-06-04T13:28:58.523013-05:00,2026-06-04T18:28:58.523013+00:00,GC=F,Oro,Commodity,4505.899902,4436.700195,69.199707,1.5597,up,2026-06-04T14:15:00-04:00
2026-06-04T13:28:58.523013-05:00,2026-06-04T18:28:58.523013+00:00,CL=F,WTI,Commodity,92.120003,96.019997,-3.899994,-4.0616,down,2026-06-04T14:15:00-04:00
2026-06-04T13:28:58.523013-05:00,2026-06-04T18:28:58.523013+00:00,HG=F,Cobre,Commodity,6.5485,6.481,0.0675,1.0415,up,2026-06-04T14:15:00-04:00
2026-06-04T13:28:58.523013-05:00,2026-06-04T18:28:58.523013+00:00,BTC-USD,Bitcoin,Crypto,63528.011719,64014.367188,-486.355469,-0.7598,down,2026-06-04T14:15:00-04:00
2026-06-04T16:03:03.095399-05:00,2026-06-04T21:03:03.095399+00:00,USDPEN=X,USD/PEN,FX,3.3996,3.402,-0.0024,-0.0705,down,2026-06-04T16:45:00-04:00
2026-06-04T16:03:03.095399-05:00,2026-06-04T21:03:03.095399+00:00,EURUSD=X,EUR/USD,FX,1.161845,1.16221,-0.000365,-0.0314,down,2026-06-04T17:00:00-04:00
2026-06-04T16:03:03.095399-05:00,2026-06-04T21:03:03.095399+00:00,DX-Y.NYB,DXY,Dólar,99.445,99.529999,-0.084999,-0.0854,down,2026-06-04T16:45:00-04:00
2026-06-04T16:03:03.095399-05:00,2026-06-04T21:03:03.095399+00:00,^GSPC,S&P 500,Índice,7584.819824,7553.680176,31.139648,0.4122,up,2026-06-04T15:45:00-04:00
2026-06-04T16:03:03.095399-05:00,2026-06-04T21:03:03.095399+00:00,^IXIC,Nasdaq,Índice,26835.207031,26853.980469,-18.773438,-0.0699,down,2026-06-04T15:45:00-04:00
2026-06-04T16:03:03.095399-05:00,2026-06-04T21:03:03.095399+00:00,^DJI,Dow Jones,Índice,51562.160156,50687.070312,875.089844,1.7265,up,2026-06-04T15:45:00-04:00
2026-06-04T16:03:03.095399-05:00,2026-06-04T21:03:03.095399+00:00,^VIX,VIX,Volatilidad,15.39,16.059999,-0.669999,-4.1719,down,2026-06-04T16:00:00-04:00
2026-06-04T16:03:03.095399-05:00,2026-06-04T21:03:03.095399+00:00,^TNX,US 10Y,Tasa,4.477,4.491,-0.014,-0.3117,down,2026-06-04T14:50:00-04:00
2026-06-04T16:03:03.095399-05:00,2026-06-04T21:03:03.095399+00:00,GC=F,Oro,Commodity,4503.299805,4436.700195,66.599609,1.5011,up,2026-06-04T16:45:00-04:00
2026-06-04T16:03:03.095399-05:00,2026-06-04T21:03:03.095399+00:00,CL=F,WTI,Commodity,92.959999,96.019997,-3.059998,-3.1868,down,2026-06-04T16:45:00-04:00
2026-06-04T16:03:03.095399-05:00,2026-06-04T21:03:03.095399+00:00,HG=F,Cobre,Commodity,6.5315,6.481,0.0505,0.7792,up,2026-06-04T16:45:00-04:00
2026-06-04T16:03:03.095399-05:00,2026-06-04T21:03:03.095399+00:00,BTC-USD,Bitcoin,Crypto,63628.140625,64014.367188,-386.226562,-0.6033,down,2026-06-04T17:00:00-04:00
2026-06-04T17:43:44.621347-05:00,2026-06-04T22:43:44.621347+00:00,USDPEN=X,USD/PEN,FX,3.3997,3.402,-0.0023,-0.0676,down,2026-06-04T17:00:00-04:00
2026-06-04T17:43:44.621347-05:00,2026-06-04T22:43:44.621347+00:00,EURUSD=X,EUR/USD,FX,1.161575,1.16221,-0.000635,-0.0546,down,2026-06-04T18:30:00-04:00
2026-06-04T17:43:44.621347-05:00,2026-06-04T22:43:44.621347+00:00,DX-Y.NYB,DXY,Dólar,99.431999,99.529999,-0.098,-0.0985,down,2026-06-04T18:00:00-04:00
2026-06-04T17:43:44.621347-05:00,2026-06-04T22:43:44.621347+00:00,^GSPC,S&P 500,Índice,7584.819824,7553.680176,31.139648,0.4122,up,2026-06-04T15:45:00-04:00
2026-06-04T17:43:44.621347-05:00,2026-06-04T22:43:44.621347+00:00,^IXIC,Nasdaq,Índice,26835.207031,26853.980469,-18.773438,-0.0699,down,2026-06-04T15:45:00-04:00
2026-06-04T17:43:44.621347-05:00,2026-06-04T22:43:44.621347+00:00,^DJI,Dow Jones,Índice,51562.160156,50687.070312,875.089844,1.7265,up,2026-06-04T15:45:00-04:00
2026-06-04T17:43:44.621347-05:00,2026-06-04T22:43:44.621347+00:00,^VIX,VIX,Volatilidad,15.39,16.059999,-0.669999,-4.1719,down,2026-06-04T16:00:00-04:00
2026-06-04T17:43:44.621347-05:00,2026-06-04T22:43:44.621347+00:00,^TNX,US 10Y,Tasa,4.477,4.491,-0.014,-0.3117,down,2026-06-04T14:50:00-04:00
2026-06-04T17:43:44.621347-05:00,2026-06-04T22:43:44.621347+00:00,GC=F,Oro,Commodity,4507.200195,4436.700195,70.5,1.589,up,2026-06-04T18:30:00-04:00
2026-06-04T17:43:44.621347-05:00,2026-06-04T22:43:44.621347+00:00,CL=F,WTI,Commodity,92.830002,96.019997,-3.189995,-3.3222,down,2026-06-04T18:30:00-04:00
2026-06-04T17:43:44.621347-05:00,2026-06-04T22:43:44.621347+00:00,HG=F,Cobre,Commodity,6.5315,6.481,0.0505,0.7792,up,2026-06-04T18:30:00-04:00
2026-06-04T17:43:44.621347-05:00,2026-06-04T22:43:44.621347+00:00,BTC-USD,Bitcoin,Crypto,63430.539062,64014.367188,-583.828125,-0.912,down,2026-06-04T18:30:00-04:00
2026-06-04T19:19:43.229003-05:00,2026-06-05T00:19:43.229003+00:00,USDPEN=X,USD/PEN,FX,3.4002,3.4025,-0.0023,-0.0676,down,2026-06-04T19:45:00-04:00
2026-06-04T19:19:43.229003-05:00,2026-06-05T00:19:43.229003+00:00,EURUSD=X,EUR/USD,FX,1.161575,1.160941,0.000634,0.0546,up,2026-06-04T20:15:00-04:00
2026-06-04T19:19:43.229003-05:00,2026-06-05T00:19:43.229003+00:00,DX-Y.NYB,DXY,Dólar,99.429001,99.529999,-0.100998,-0.1015,down,2026-06-04T20:00:00-04:00
2026-06-04T19:19:43.229003-05:00,2026-06-05T00:19:43.229003+00:00,^GSPC,S&P 500,Índice,7584.819824,7553.680176,31.139648,0.4122,up,2026-06-04T15:45:00-04:00
2026-06-04T19:19:43.229003-05:00,2026-06-05T00:19:43.229003+00:00,^IXIC,Nasdaq,Índice,26835.207031,26853.980469,-18.773438,-0.0699,down,2026-06-04T15:45:00-04:00
2026-06-04T19:19:43.229003-05:00,2026-06-05T00:19:43.229003+00:00,^DJI,Dow Jones,Índice,51562.160156,50687.070312,875.089844,1.7265,up,2026-06-04T15:45:00-04:00
2026-06-04T19:19:43.229003-05:00,2026-06-05T00:19:43.229003+00:00,^VIX,VIX,Volatilidad,15.39,16.059999,-0.669999,-4.1719,down,2026-06-04T16:00:00-04:00
2026-06-04T19:19:43.229003-05:00,2026-06-05T00:19:43.229003+00:00,^TNX,US 10Y,Tasa,4.477,4.491,-0.014,-0.3117,down,2026-06-04T14:50:00-04:00
2026-06-04T19:19:43.229003-05:00,2026-06-05T00:19:43.229003+00:00,GC=F,Oro,Commodity,4486.799805,4436.700195,50.099609,1.1292,up,2026-06-04T20:00:00-04:00
2026-06-04T19:19:43.229003-05:00,2026-06-05T00:19:43.229003+00:00,CL=F,WTI,Commodity,93.0,96.019997,-3.019997,-3.1452,down,2026-06-04T20:00:00-04:00
2026-06-04T19:19:43.229003-05:00,2026-06-05T00:19:43.229003+00:00,HG=F,Cobre,Commodity,6.501,6.481,0.02,0.3086,up,2026-06-04T20:00:00-04:00
2026-06-04T19:19:43.229003-05:00,2026-06-05T00:19:43.229003+00:00,BTC-USD,Bitcoin,Crypto,63614.660156,64014.367188,-399.707031,-0.6244,down,2026-06-04T20:15:00-04:00
2026-06-05T10:27:30.606217-05:00,2026-06-05T15:27:30.606217+00:00,USDPEN=X,USD/PEN,FX,3.4425,3.4025,0.04,1.1756,up,2026-06-05T11:15:00-04:00
2026-06-05T10:27:30.606217-05:00,2026-06-05T15:27:30.606217+00:00,EURUSD=X,EUR/USD,FX,1.155001,1.160941,-0.00594,-0.5117,down,2026-06-05T11:15:00-04:00
2026-06-05T10:27:30.606217-05:00,2026-06-05T15:27:30.606217+00:00,DX-Y.NYB,DXY,Dólar,99.891998,99.410004,0.481995,0.4849,up,2026-06-05T11:15:00-04:00
2026-06-05T10:27:30.606217-05:00,2026-06-05T15:27:30.606217+00:00,^GSPC,S&P 500,Índice,7495.879883,7584.310059,-88.430176,-1.166,down,2026-06-05T11:15:00-04:00
2026-06-05T10:27:30.606217-05:00,2026-06-05T15:27:30.606217+00:00,^IXIC,Nasdaq,Índice,26247.234375,26830.960938,-583.726562,-2.1756,down,2026-06-05T11:15:00-04:00
2026-06-05T10:27:30.606217-05:00,2026-06-05T15:27:30.606217+00:00,^DJI,Dow Jones,Índice,51403.660156,51561.929688,-158.269531,-0.307,down,2026-06-05T11:15:00-04:00
2026-06-05T10:27:30.606217-05:00,2026-06-05T15:27:30.606217+00:00,^VIX,VIX,Volatilidad,16.42,15.4,1.02,6.6234,up,2026-06-05T11:00:00-04:00
2026-06-05T10:27:30.606217-05:00,2026-06-05T15:27:30.606217+00:00,^TNX,US 10Y,Tasa,4.536,4.477,0.059,1.3178,up,2026-06-05T11:05:00-04:00
2026-06-05T10:27:30.606217-05:00,2026-06-05T15:27:30.606217+00:00,GC=F,Oro,Commodity,4375.0,4475.799805,-100.799805,-2.2521,down,2026-06-05T11:15:00-04:00
2026-06-05T10:27:30.606217-05:00,2026-06-05T15:27:30.606217+00:00,CL=F,WTI,Commodity,91.330002,93.040001,-1.709999,-1.8379,down,2026-06-05T11:15:00-04:00
2026-06-05T10:27:30.606217-05:00,2026-06-05T15:27:30.606217+00:00,HG=F,Cobre,Commodity,6.305,6.511,-0.206,-3.1639,down,2026-06-05T11:15:00-04:00
2026-06-05T10:27:30.606217-05:00,2026-06-05T15:27:30.606217+00:00,BTC-USD,Bitcoin,Crypto,60975.0,63801.574219,-2826.574219,-4.4303,down,2026-06-05T11:15:00-04:00
2026-06-05T13:07:11.741214-05:00,2026-06-05T18:07:11.741214+00:00,USDPEN=X,USD/PEN,FX,3.4618,3.4025,0.0593,1.7428,up,2026-06-05T14:00:00-04:00
2026-06-05T13:07:11.741214-05:00,2026-06-05T18:07:11.741214+00:00,EURUSD=X,EUR/USD,FX,1.152339,1.160941,-0.008602,-0.741,down,2026-06-05T14:00:00-04:00
2026-06-05T13:07:11.741214-05:00,2026-06-05T18:07:11.741214+00:00,DX-Y.NYB,DXY,Dólar,100.075996,99.410004,0.665993,0.6699,up,2026-06-05T13:45:00-04:00
2026-06-05T13:07:11.741214-05:00,2026-06-05T18:07:11.741214+00:00,^GSPC,S&P 500,Índice,7445.830078,7584.310059,-138.47998,-1.8259,down,2026-06-05T14:00:00-04:00
2026-06-05T13:07:11.741214-05:00,2026-06-05T18:07:11.741214+00:00,^IXIC,Nasdaq,Índice,26006.546875,26830.960938,-824.414062,-3.0726,down,2026-06-05T14:00:00-04:00
2026-06-05T13:07:11.741214-05:00,2026-06-05T18:07:11.741214+00:00,^DJI,Dow Jones,Índice,51108.449219,51561.929688,-453.480469,-0.8795,down,2026-06-05T14:00:00-04:00
2026-06-05T13:07:11.741214-05:00,2026-06-05T18:07:11.741214+00:00,^VIX,VIX,Volatilidad,18.16,15.4,2.76,17.9221,up,2026-06-05T13:45:00-04:00
2026-06-05T13:07:11.741214-05:00,2026-06-05T18:07:11.741214+00:00,^TNX,US 10Y,Tasa,4.544,4.477,0.066999,1.4965,up,2026-06-05T13:50:00-04:00
2026-06-05T13:07:11.741214-05:00,2026-06-05T18:07:11.741214+00:00,GC=F,Oro,Commodity,4366.399902,4475.799805,-109.399902,-2.4443,down,2026-06-05T13:45:00-04:00
2026-06-05T13:07:11.741214-05:00,2026-06-05T18:07:11.741214+00:00,CL=F,WTI,Commodity,90.010002,93.040001,-3.029999,-3.2567,down,2026-06-05T13:45:00-04:00
2026-06-05T13:07:11.741214-05:00,2026-06-05T18:07:11.741214+00:00,HG=F,Cobre,Commodity,6.285,6.511,-0.226,-3.4711,down,2026-06-05T13:45:00-04:00
2026-06-05T13:07:11.741214-05:00,2026-06-05T18:07:11.741214+00:00,BTC-USD,Bitcoin,Crypto,60806.941406,63801.574219,-2994.632812,-4.6937,down,2026-06-05T14:00:00-04:00
2026-06-05T15:09:24.842419-05:00,2026-06-05T20:09:24.842419+00:00,USDPEN=X,USD/PEN,FX,3.4694,3.4025,0.0669,1.9662,up,2026-06-05T16:00:00-04:00
2026-06-05T15:09:24.842419-05:00,2026-06-05T20:09:24.842419+00:00,EURUSD=X,EUR/USD,FX,1.152339,1.160941,-0.008602,-0.741,down,2026-06-05T16:00:00-04:00
2026-06-05T15:09:24.842419-05:00,2026-06-05T20:09:24.842419+00:00,DX-Y.NYB,DXY,Dólar,100.051003,99.410004,0.640999,0.6448,up,2026-06-05T15:45:00-04:00
2026-06-05T15:09:24.842419-05:00,2026-06-05T20:09:24.842419+00:00,^GSPC,S&P 500,Índice,7384.669922,7584.310059,-199.640137,-2.6323,down,2026-06-05T15:45:00-04:00
2026-06-05T15:09:24.842419-05:00,2026-06-05T20:09:24.842419+00:00,^IXIC,Nasdaq,Índice,25713.675781,26830.960938,-1117.285156,-4.1642,down,2026-06-05T15:45:00-04:00
2026-06-05T15:09:24.842419-05:00,2026-06-05T20:09:24.842419+00:00,^DJI,Dow Jones,Índice,50869.308594,51561.929688,-692.621094,-1.3433,down,2026-06-05T15:45:00-04:00
2026-06-05T15:09:24.842419-05:00,2026-06-05T20:09:24.842419+00:00,^VIX,VIX,Volatilidad,19.790001,15.4,4.390001,28.5065,up,2026-06-05T15:45:00-04:00
2026-06-05T15:09:24.842419-05:00,2026-06-05T20:09:24.842419+00:00,^TNX,US 10Y,Tasa,4.536,4.477,0.059,1.3178,up,2026-06-05T14:50:00-04:00
2026-06-05T15:09:24.842419-05:00,2026-06-05T20:09:24.842419+00:00,GC=F,Oro,Commodity,4343.399902,4475.799805,-132.399902,-2.9581,down,2026-06-05T15:45:00-04:00
2026-06-05T15:09:24.842419-05:00,2026-06-05T20:09:24.842419+00:00,CL=F,WTI,Commodity,90.239998,93.040001,-2.800003,-3.0095,down,2026-06-05T15:45:00-04:00
2026-06-05T15:09:24.842419-05:00,2026-06-05T20:09:24.842419+00:00,HG=F,Cobre,Commodity,6.2635,6.511,-0.2475,-3.8013,down,2026-06-05T15:45:00-04:00
2026-06-05T15:09:24.842419-05:00,2026-06-05T20:09:24.842419+00:00,BTC-USD,Bitcoin,Crypto,60747.859375,63801.574219,-3053.714844,-4.7863,down,2026-06-05T16:00:00-04:00
2026-06-05T16:43:24.870888-05:00,2026-06-05T21:43:24.870888+00:00,USDPEN=X,USD/PEN,FX,3.469,3.4025,0.0665,1.9545,up,2026-06-05T17:30:00-04:00
2026-06-05T16:43:24.870888-05:00,2026-06-05T21:43:24.870888+00:00,EURUSD=X,EUR/USD,FX,1.152738,1.160941,-0.008204,-0.7066,down,2026-06-05T17:15:00-04:00
2026-06-05T16:43:24.870888-05:00,2026-06-05T21:43:24.870888+00:00,DX-Y.NYB,DXY,Dólar,100.070999,99.410004,0.660995,0.6649,up,2026-06-05T16:45:00-04:00
2026-06-05T16:43:24.870888-05:00,2026-06-05T21:43:24.870888+00:00,^GSPC,S&P 500,Índice,7384.669922,7584.310059,-199.640137,-2.6323,down,2026-06-05T15:45:00-04:00
2026-06-05T16:43:24.870888-05:00,2026-06-05T21:43:24.870888+00:00,^IXIC,Nasdaq,Índice,25713.675781,26830.960938,-1117.285156,-4.1642,down,2026-06-05T15:45:00-04:00
2026-06-05T16:43:24.870888-05:00,2026-06-05T21:43:24.870888+00:00,^DJI,Dow Jones,Índice,50869.308594,51561.929688,-692.621094,-1.3433,down,2026-06-05T15:45:00-04:00
2026-06-05T16:43:24.870888-05:00,2026-06-05T21:43:24.870888+00:00,^VIX,VIX,Volatilidad,21.57,15.4,6.17,40.0649,up,2026-06-05T16:00:00-04:00
2026-06-05T16:43:24.870888-05:00,2026-06-05T21:43:24.870888+00:00,^TNX,US 10Y,Tasa,4.536,4.477,0.059,1.3178,up,2026-06-05T14:50:00-04:00
2026-06-05T16:43:24.870888-05:00,2026-06-05T21:43:24.870888+00:00,GC=F,Oro,Commodity,4353.899902,4475.799805,-121.899902,-2.7235,down,2026-06-05T16:45:00-04:00
2026-06-05T16:43:24.870888-05:00,2026-06-05T21:43:24.870888+00:00,CL=F,WTI,Commodity,90.25,93.040001,-2.790001,-2.9987,down,2026-06-05T16:45:00-04:00
2026-06-05T16:43:24.870888-05:00,2026-06-05T21:43:24.870888+00:00,HG=F,Cobre,Commodity,6.2755,6.511,-0.2355,-3.617,down,2026-06-05T16:45:00-04:00
2026-06-05T16:43:24.870888-05:00,2026-06-05T21:43:24.870888+00:00,BTC-USD,Bitcoin,Crypto,61891.878906,63801.574219,-1909.695312,-2.9932,down,2026-06-05T17:30:00-04:00
2026-06-05T18:36:51.581179-05:00,2026-06-05T23:36:51.581179+00:00,USDPEN=X,USD/PEN,FX,3.469,3.333133,0.135867,4.0763,up,2026-06-05T17:30:00-04:00
2026-06-05T18:36:51.581179-05:00,2026-06-05T23:36:51.581179+00:00,EURUSD=X,EUR/USD,FX,1.152738,1.160941,-0.008204,-0.7066,down,2026-06-05T17:15:00-04:00
2026-06-05T18:36:51.581179-05:00,2026-06-05T23:36:51.581179+00:00,DX-Y.NYB,DXY,Dólar,100.070999,99.410004,0.660995,0.6649,up,2026-06-05T16:45:00-04:00
2026-06-05T18:36:51.581179-05:00,2026-06-05T23:36:51.581179+00:00,^GSPC,S&P 500,Índice,7384.669922,7584.310059,-199.640137,-2.6323,down,2026-06-05T15:45:00-04:00
2026-06-05T18:36:51.581179-05:00,2026-06-05T23:36:51.581179+00:00,^IXIC,Nasdaq,Índice,25713.675781,26830.960938,-1117.285156,-4.1642,down,2026-06-05T15:45:00-04:00
2026-06-05T18:36:51.581179-05:00,2026-06-05T23:36:51.581179+00:00,^DJI,Dow Jones,Índice,50869.308594,51561.929688,-692.621094,-1.3433,down,2026-06-05T15:45:00-04:00
2026-06-05T18:36:51.581179-05:00,2026-06-05T23:36:51.581179+00:00,^VIX,VIX,Volatilidad,21.57,15.4,6.17,40.0649,up,2026-06-05T16:00:00-04:00
2026-06-05T18:36:51.581179-05:00,2026-06-05T23:36:51.581179+00:00,^TNX,US 10Y,Tasa,4.536,4.477,0.059,1.3178,up,2026-06-05T14:50:00-04:00
2026-06-05T18:36:51.581179-05:00,2026-06-05T23:36:51.581179+00:00,GC=F,Oro,Commodity,4353.899902,4475.799805,-121.899902,-2.7235,down,2026-06-05T16:45:00-04:00
2026-06-05T18:36:51.581179-05:00,2026-06-05T23:36:51.581179+00:00,CL=F,WTI,Commodity,90.25,93.040001,-2.790001,-2.9987,down,2026-06-05T16:45:00-04:00
2026-06-05T18:36:51.581179-05:00,2026-06-05T23:36:51.581179+00:00,HG=F,Cobre,Commodity,6.2755,6.511,-0.2355,-3.617,down,2026-06-05T16:45:00-04:00
2026-06-05T18:36:51.581179-05:00,2026-06-05T23:36:51.581179+00:00,BTC-USD,Bitcoin,Crypto,60750.328125,63801.574219,-3051.246094,-4.7824,down,2026-06-05T19:30:00-04:00
2026-06-08T11:18:05.373869-05:00,2026-06-08T16:18:05.373869+00:00,USDPEN=X,USD/PEN,FX,3.5157,3.333133,0.182567,5.4773,up,2026-06-08T12:15:00-04:00
2026-06-08T11:18:05.373869-05:00,2026-06-08T16:18:05.373869+00:00,EURUSD=X,EUR/USD,FX,1.154734,1.161265,-0.006531,-0.5624,down,2026-06-08T12:15:00-04:00
2026-06-08T11:18:05.373869-05:00,2026-06-08T16:18:05.373869+00:00,DX-Y.NYB,DXY,Dólar,99.931999,100.07,-0.138,-0.1379,down,2026-06-08T12:00:00-04:00
2026-06-08T11:18:05.373869-05:00,2026-06-08T16:18:05.373869+00:00,^GSPC,S&P 500,Índice,7448.169922,7383.740234,64.429688,0.8726,up,2026-06-08T12:15:00-04:00
2026-06-08T11:18:05.373869-05:00,2026-06-08T16:18:05.373869+00:00,^IXIC,Nasdaq,Índice,26116.570312,25709.429688,407.140625,1.5836,up,2026-06-08T12:15:00-04:00
2026-06-08T11:18:05.373869-05:00,2026-06-08T16:18:05.373869+00:00,^DJI,Dow Jones,Índice,50992.75,50866.78125,125.96875,0.2476,up,2026-06-08T12:15:00-04:00
2026-06-08T11:18:05.373869-05:00,2026-06-08T16:18:05.373869+00:00,^VIX,VIX,Volatilidad,18.379999,21.51,-3.130001,-14.5514,down,2026-06-08T12:00:00-04:00
2026-06-08T11:18:05.373869-05:00,2026-06-08T16:18:05.373869+00:00,^TNX,US 10Y,Tasa,4.556,4.536,0.02,0.4409,up,2026-06-08T11:50:00-04:00
2026-06-08T11:18:05.373869-05:00,2026-06-08T16:18:05.373869+00:00,GC=F,Oro,Commodity,4366.100098,4337.100098,29.0,0.6686,up,2026-06-08T12:00:00-04:00
2026-06-08T11:18:05.373869-05:00,2026-06-08T16:18:05.373869+00:00,CL=F,WTI,Commodity,91.349998,90.540001,0.809998,0.8946,up,2026-06-08T12:00:00-04:00
2026-06-08T11:18:05.373869-05:00,2026-06-08T16:18:05.373869+00:00,HG=F,Cobre,Commodity,6.365,6.2635,0.1015,1.6205,up,2026-06-08T12:00:00-04:00
2026-06-08T11:18:05.373869-05:00,2026-06-08T16:18:05.373869+00:00,BTC-USD,Bitcoin,Crypto,63866.351562,63239.519531,626.832031,0.9912,up,2026-06-08T12:15:00-04:00
2026-06-08T14:34:54.087200-05:00,2026-06-08T19:34:54.087200+00:00,USDPEN=X,USD/PEN,FX,3.4694,3.333133,0.136267,4.0883,up,2026-06-08T14:15:00-04:00
2026-06-08T14:34:54.087200-05:00,2026-06-08T19:34:54.087200+00:00,EURUSD=X,EUR/USD,FX,1.153536,1.161265,-0.007729,-0.6656,down,2026-06-08T15:30:00-04:00
2026-06-08T14:34:54.087200-05:00,2026-06-08T19:34:54.087200+00:00,DX-Y.NYB,DXY,Dólar,100.028,100.07,-0.042,-0.042,down,2026-06-08T15:15:00-04:00
2026-06-08T14:34:54.087200-05:00,2026-06-08T19:34:54.087200+00:00,^GSPC,S&P 500,Índice,7407.540039,7383.740234,23.799805,0.3223,up,2026-06-08T15:30:00-04:00
2026-06-08T14:34:54.087200-05:00,2026-06-08T19:34:54.087200+00:00,^IXIC,Nasdaq,Índice,25924.919922,25709.429688,215.490234,0.8382,up,2026-06-08T15:30:00-04:00
2026-06-08T14:34:54.087200-05:00,2026-06-08T19:34:54.087200+00:00,^DJI,Dow Jones,Índice,50829.851562,50866.78125,-36.929688,-0.0726,down,2026-06-08T15:30:00-04:00
2026-06-08T14:34:54.087200-05:00,2026-06-08T19:34:54.087200+00:00,^VIX,VIX,Volatilidad,19.0,21.51,-2.51,-11.669,down,2026-06-08T15:15:00-04:00
2026-06-08T14:34:54.087200-05:00,2026-06-08T19:34:54.087200+00:00,^TNX,US 10Y,Tasa,4.552,4.536,0.016,0.3527,up,2026-06-08T14:50:00-04:00
2026-06-08T14:34:54.087200-05:00,2026-06-08T19:34:54.087200+00:00,GC=F,Oro,Commodity,4351.200195,4337.100098,14.100098,0.3251,up,2026-06-08T15:15:00-04:00
2026-06-08T14:34:54.087200-05:00,2026-06-08T19:34:54.087200+00:00,CL=F,WTI,Commodity,91.169998,90.540001,0.629997,0.6958,up,2026-06-08T15:15:00-04:00
2026-06-08T14:34:54.087200-05:00,2026-06-08T19:34:54.087200+00:00,HG=F,Cobre,Commodity,6.3275,6.2635,0.064,1.0218,up,2026-06-08T15:15:00-04:00
2026-06-08T14:34:54.087200-05:00,2026-06-08T19:34:54.087200+00:00,BTC-USD,Bitcoin,Crypto,63510.230469,63239.519531,270.710938,0.4281,up,2026-06-08T15:30:00-04:00
2026-06-08T17:00:35.288238-05:00,2026-06-08T22:00:35.288238+00:00,USDPEN=X,USD/PEN,FX,3.4639,3.333133,0.130767,3.9232,up,2026-06-08T17:30:00-04:00
2026-06-08T17:00:35.288238-05:00,2026-06-08T22:00:35.288238+00:00,EURUSD=X,EUR/USD,FX,1.153802,1.15226,0.001542,0.1338,up,2026-06-08T18:00:00-04:00
2026-06-08T17:00:35.288238-05:00,2026-06-08T22:00:35.288238+00:00,DX-Y.NYB,DXY,Dólar,99.986,100.07,-0.084,-0.0839,down,2026-06-08T17:45:00-04:00
2026-06-08T17:00:35.288238-05:00,2026-06-08T22:00:35.288238+00:00,^GSPC,S&P 500,Índice,7405.810059,7383.740234,22.069824,0.2989,up,2026-06-08T15:45:00-04:00
2026-06-08T17:00:35.288238-05:00,2026-06-08T22:00:35.288238+00:00,^IXIC,Nasdaq,Índice,25931.560547,25709.429688,222.130859,0.864,up,2026-06-08T15:45:00-04:00
2026-06-08T17:00:35.288238-05:00,2026-06-08T22:00:35.288238+00:00,^DJI,Dow Jones,Índice,50791.839844,50866.78125,-74.941406,-0.1473,down,2026-06-08T15:45:00-04:00
2026-06-08T17:00:35.288238-05:00,2026-06-08T22:00:35.288238+00:00,^VIX,VIX,Volatilidad,18.92,21.51,-2.59,-12.0409,down,2026-06-08T16:00:00-04:00
2026-06-08T17:00:35.288238-05:00,2026-06-08T22:00:35.288238+00:00,^TNX,US 10Y,Tasa,4.552,4.536,0.016,0.3527,up,2026-06-08T14:50:00-04:00
2026-06-08T17:00:35.288238-05:00,2026-06-08T22:00:35.288238+00:00,GC=F,Oro,Commodity,4353.799805,4337.100098,16.699707,0.385,up,2026-06-08T16:45:00-04:00
2026-06-08T17:00:35.288238-05:00,2026-06-08T22:00:35.288238+00:00,CL=F,WTI,Commodity,91.279999,90.540001,0.739998,0.8173,up,2026-06-08T16:45:00-04:00
2026-06-08T17:00:35.288238-05:00,2026-06-08T22:00:35.288238+00:00,HG=F,Cobre,Commodity,6.3345,6.2635,0.071,1.1335,up,2026-06-08T16:45:00-04:00
2026-06-08T17:00:35.288238-05:00,2026-06-08T22:00:35.288238+00:00,BTC-USD,Bitcoin,Crypto,63615.898438,63239.519531,376.378906,0.5952,up,2026-06-08T18:00:00-04:00
2026-06-08T18:35:31.400596-05:00,2026-06-08T23:35:31.400596+00:00,USDPEN=X,USD/PEN,FX,3.4612,3.47,-0.0088,-0.2536,down,2026-06-08T19:30:00-04:00
2026-06-08T18:35:31.400596-05:00,2026-06-08T23:35:31.400596+00:00,EURUSD=X,EUR/USD,FX,1.153403,1.15226,0.001143,0.0992,up,2026-06-08T19:30:00-04:00
2026-06-08T18:35:31.400596-05:00,2026-06-08T23:35:31.400596+00:00,DX-Y.NYB,DXY,Dólar,100.0,100.07,-0.07,-0.07,down,2026-06-08T18:00:00-04:00
2026-06-08T18:35:31.400596-05:00,2026-06-08T23:35:31.400596+00:00,^GSPC,S&P 500,Índice,7405.810059,7383.740234,22.069824,0.2989,up,2026-06-08T15:45:00-04:00
2026-06-08T18:35:31.400596-05:00,2026-06-08T23:35:31.400596+00:00,^IXIC,Nasdaq,Índice,25931.560547,25709.429688,222.130859,0.864,up,2026-06-08T15:45:00-04:00
2026-06-08T18:35:31.400596-05:00,2026-06-08T23:35:31.400596+00:00,^DJI,Dow Jones,Índice,50791.839844,50866.78125,-74.941406,-0.1473,down,2026-06-08T15:45:00-04:00
2026-06-08T18:35:31.400596-05:00,2026-06-08T23:35:31.400596+00:00,^VIX,VIX,Volatilidad,18.92,21.51,-2.59,-12.0409,down,2026-06-08T16:00:00-04:00
2026-06-08T18:35:31.400596-05:00,2026-06-08T23:35:31.400596+00:00,^TNX,US 10Y,Tasa,4.552,4.536,0.016,0.3527,up,2026-06-08T14:50:00-04:00
2026-06-08T18:35:31.400596-05:00,2026-06-08T23:35:31.400596+00:00,GC=F,Oro,Commodity,4347.299805,4337.100098,10.199707,0.2352,up,2026-06-08T19:15:00-04:00
2026-06-08T18:35:31.400596-05:00,2026-06-08T23:35:31.400596+00:00,CL=F,WTI,Commodity,91.379997,90.540001,0.839996,0.9278,up,2026-06-08T19:15:00-04:00
2026-06-08T18:35:31.400596-05:00,2026-06-08T23:35:31.400596+00:00,HG=F,Cobre,Commodity,6.3325,6.2635,0.069,1.1016,up,2026-06-08T19:15:00-04:00
2026-06-08T18:35:31.400596-05:00,2026-06-08T23:35:31.400596+00:00,BTC-USD,Bitcoin,Crypto,63079.988281,63239.519531,-159.53125,-0.2523,down,2026-06-08T19:30:00-04:00
2026-06-09T10:26:34.898178-05:00,2026-06-09T15:26:34.898178+00:00,USDPEN=X,USD/PEN,FX,3.4642,3.47,-0.0058,-0.1671,down,2026-06-09T11:00:00-04:00
2026-06-09T10:26:34.898178-05:00,2026-06-09T15:26:34.898178+00:00,EURUSD=X,EUR/USD,FX,1.156337,1.15226,0.004077,0.3538,up,2026-06-09T11:15:00-04:00
2026-06-09T10:26:34.898178-05:00,2026-06-09T15:26:34.898178+00:00,DX-Y.NYB,DXY,Dólar,99.806,100.050003,-0.244003,-0.2439,down,2026-06-09T11:15:00-04:00
2026-06-09T10:26:34.898178-05:00,2026-06-09T15:26:34.898178+00:00,^GSPC,S&P 500,Índice,7342.819824,7405.72998,-62.910156,-0.8495,down,2026-06-09T11:15:00-04:00
2026-06-09T10:26:34.898178-05:00,2026-06-09T15:26:34.898178+00:00,^IXIC,Nasdaq,Índice,25535.904297,25929.660156,-393.755859,-1.5186,down,2026-06-09T11:15:00-04:00
2026-06-09T10:26:34.898178-05:00,2026-06-09T15:26:34.898178+00:00,^DJI,Dow Jones,Índice,50604.359375,50786.011719,-181.652344,-0.3577,down,2026-06-09T11:15:00-04:00
2026-06-09T10:26:34.898178-05:00,2026-06-09T15:26:34.898178+00:00,^VIX,VIX,Volatilidad,18.9,18.92,-0.02,-0.1057,down,2026-06-09T11:00:00-04:00
2026-06-09T10:26:34.898178-05:00,2026-06-09T15:26:34.898178+00:00,^TNX,US 10Y,Tasa,4.55,4.552,-0.002,-0.0439,down,2026-06-09T11:05:00-04:00
2026-06-09T10:26:34.898178-05:00,2026-06-09T15:26:34.898178+00:00,GC=F,Oro,Commodity,4318.0,4335.899902,-17.899902,-0.4128,down,2026-06-09T11:15:00-04:00
2026-06-09T10:26:34.898178-05:00,2026-06-09T15:26:34.898178+00:00,CL=F,WTI,Commodity,87.5,91.300003,-3.800003,-4.1621,down,2026-06-09T11:15:00-04:00
2026-06-09T10:26:34.898178-05:00,2026-06-09T15:26:34.898178+00:00,HG=F,Cobre,Commodity,6.399,6.3295,0.0695,1.098,up,2026-06-09T11:15:00-04:00
2026-06-09T10:26:34.898178-05:00,2026-06-09T15:26:34.898178+00:00,BTC-USD,Bitcoin,Crypto,61169.800781,63090.589844,-1920.789062,-3.0445,down,2026-06-09T10:45:00-04:00
2026-06-09T13:20:32.400862-05:00,2026-06-09T18:20:32.400862+00:00,USDPEN=X,USD/PEN,FX,3.3583,3.47,-0.1117,-3.219,down,2026-06-09T14:00:00-04:00
2026-06-09T13:20:32.400862-05:00,2026-06-09T18:20:32.400862+00:00,EURUSD=X,EUR/USD,FX,1.155535,1.15226,0.003275,0.2843,up,2026-06-09T14:15:00-04:00
2026-06-09T13:20:32.400862-05:00,2026-06-09T18:20:32.400862+00:00,DX-Y.NYB,DXY,Dólar,99.913002,100.050003,-0.137001,-0.1369,down,2026-06-09T14:00:00-04:00
2026-06-09T13:20:32.400862-05:00,2026-06-09T18:20:32.400862+00:00,^GSPC,S&P 500,Índice,7357.859863,7405.72998,-47.870117,-0.6464,down,2026-06-09T14:15:00-04:00
2026-06-09T13:20:32.400862-05:00,2026-06-09T18:20:32.400862+00:00,^IXIC,Nasdaq,Índice,25563.773438,25929.660156,-365.886719,-1.4111,down,2026-06-09T14:15:00-04:00
2026-06-09T13:20:32.400862-05:00,2026-06-09T18:20:32.400862+00:00,^DJI,Dow Jones,Índice,50780.539062,50786.011719,-5.472656,-0.0108,down,2026-06-09T14:15:00-04:00
2026-06-09T13:20:32.400862-05:00,2026-06-09T18:20:32.400862+00:00,^VIX,VIX,Volatilidad,20.35,18.92,1.43,7.5581,up,2026-06-09T14:00:00-04:00
2026-06-09T13:20:32.400862-05:00,2026-06-09T18:20:32.400862+00:00,^TNX,US 10Y,Tasa,4.536,4.552,-0.016,-0.3515,down,2026-06-09T14:05:00-04:00
2026-06-09T13:20:32.400862-05:00,2026-06-09T18:20:32.400862+00:00,GC=F,Oro,Commodity,4290.600098,4335.899902,-45.299805,-1.0448,down,2026-06-09T14:00:00-04:00
2026-06-09T13:20:32.400862-05:00,2026-06-09T18:20:32.400862+00:00,CL=F,WTI,Commodity,88.260002,91.300003,-3.040001,-3.3297,down,2026-06-09T14:00:00-04:00
2026-06-09T13:20:32.400862-05:00,2026-06-09T18:20:32.400862+00:00,HG=F,Cobre,Commodity,6.347,6.3295,0.0175,0.2765,up,2026-06-09T14:00:00-04:00
2026-06-09T13:20:32.400862-05:00,2026-06-09T18:20:32.400862+00:00,BTC-USD,Bitcoin,Crypto,61720.359375,63090.589844,-1370.230469,-2.1718,down,2026-06-09T14:15:00-04:00
2026-06-09T16:08:01.863394-05:00,2026-06-09T21:08:01.863394+00:00,USDPEN=X,USD/PEN,FX,3.3887,3.47,-0.0813,-2.3429,down,2026-06-09T16:45:00-04:00
2026-06-09T16:08:01.863394-05:00,2026-06-09T21:08:01.863394+00:00,EURUSD=X,EUR/USD,FX,1.154601,1.15226,0.002342,0.2032,up,2026-06-09T17:00:00-04:00
2026-06-09T16:08:01.863394-05:00,2026-06-09T21:08:01.863394+00:00,DX-Y.NYB,DXY,Dólar,99.950996,100.050003,-0.099007,-0.099,down,2026-06-09T16:45:00-04:00
2026-06-09T16:08:01.863394-05:00,2026-06-09T21:08:01.863394+00:00,^GSPC,S&P 500,Índice,7386.310059,7405.72998,-19.419922,-0.2622,down,2026-06-09T15:45:00-04:00
2026-06-09T16:08:01.863394-05:00,2026-06-09T21:08:01.863394+00:00,^IXIC,Nasdaq,Índice,25675.191406,25929.660156,-254.46875,-0.9814,down,2026-06-09T15:45:00-04:00
2026-06-09T16:08:01.863394-05:00,2026-06-09T21:08:01.863394+00:00,^DJI,Dow Jones,Índice,50863.980469,50786.011719,77.96875,0.1535,up,2026-06-09T15:45:00-04:00
2026-06-09T16:08:01.863394-05:00,2026-06-09T21:08:01.863394+00:00,^VIX,VIX,Volatilidad,19.870001,18.92,0.950001,5.0211,up,2026-06-09T16:00:00-04:00
2026-06-09T16:08:01.863394-05:00,2026-06-09T21:08:01.863394+00:00,^TNX,US 10Y,Tasa,4.528,4.552,-0.024,-0.5272,down,2026-06-09T14:50:00-04:00
2026-06-09T16:08:01.863394-05:00,2026-06-09T21:08:01.863394+00:00,GC=F,Oro,Commodity,4284.299805,4335.899902,-51.600098,-1.1901,down,2026-06-09T16:45:00-04:00
2026-06-09T16:08:01.863394-05:00,2026-06-09T21:08:01.863394+00:00,CL=F,WTI,Commodity,88.739998,91.300003,-2.560005,-2.8039,down,2026-06-09T16:45:00-04:00
2026-06-09T16:08:01.863394-05:00,2026-06-09T21:08:01.863394+00:00,HG=F,Cobre,Commodity,6.3435,6.3295,0.014,0.2212,up,2026-06-09T16:45:00-04:00
2026-06-09T16:08:01.863394-05:00,2026-06-09T21:08:01.863394+00:00,BTC-USD,Bitcoin,Crypto,62071.589844,63090.589844,-1019.0,-1.6151,down,2026-06-09T17:00:00-04:00
2026-06-09T17:47:50.976339-05:00,2026-06-09T22:47:50.976339+00:00,USDPEN=X,USD/PEN,FX,3.3887,3.47,-0.0813,-2.3429,down,2026-06-09T16:45:00-04:00
2026-06-09T17:47:50.976339-05:00,2026-06-09T22:47:50.976339+00:00,EURUSD=X,EUR/USD,FX,1.154068,1.15226,0.001809,0.157,up,2026-06-09T18:45:00-04:00
2026-06-09T17:47:50.976339-05:00,2026-06-09T22:47:50.976339+00:00,DX-Y.NYB,DXY,Dólar,99.995003,100.050003,-0.055,-0.055,down,2026-06-09T18:00:00-04:00
2026-06-09T17:47:50.976339-05:00,2026-06-09T22:47:50.976339+00:00,^GSPC,S&P 500,Índice,7386.310059,7405.72998,-19.419922,-0.2622,down,2026-06-09T15:45:00-04:00
2026-06-09T17:47:50.976339-05:00,2026-06-09T22:47:50.976339+00:00,^IXIC,Nasdaq,Índice,25675.191406,25929.660156,-254.46875,-0.9814,down,2026-06-09T15:45:00-04:00
2026-06-09T17:47:50.976339-05:00,2026-06-09T22:47:50.976339+00:00,^DJI,Dow Jones,Índice,50863.980469,50786.011719,77.96875,0.1535,up,2026-06-09T15:45:00-04:00
2026-06-09T17:47:50.976339-05:00,2026-06-09T22:47:50.976339+00:00,^VIX,VIX,Volatilidad,19.870001,18.92,0.950001,5.0211,up,2026-06-09T16:00:00-04:00
2026-06-09T17:47:50.976339-05:00,2026-06-09T22:47:50.976339+00:00,^TNX,US 10Y,Tasa,4.528,4.552,-0.024,-0.5272,down,2026-06-09T14:50:00-04:00
2026-06-09T17:47:50.976339-05:00,2026-06-09T22:47:50.976339+00:00,GC=F,Oro,Commodity,4275.700195,4335.899902,-60.199707,-1.3884,down,2026-06-09T18:30:00-04:00
2026-06-09T17:47:50.976339-05:00,2026-06-09T22:47:50.976339+00:00,CL=F,WTI,Commodity,89.110001,91.300003,-2.190002,-2.3987,down,2026-06-09T18:30:00-04:00
2026-06-09T17:47:50.976339-05:00,2026-06-09T22:47:50.976339+00:00,HG=F,Cobre,Commodity,6.342,6.3295,0.0125,0.1975,up,2026-06-09T18:30:00-04:00
2026-06-09T17:47:50.976339-05:00,2026-06-09T22:47:50.976339+00:00,BTC-USD,Bitcoin,Crypto,61818.640625,63090.589844,-1271.949219,-2.0161,down,2026-06-09T18:45:00-04:00
2026-06-09T20:29:51.361107-05:00,2026-06-10T01:29:51.361107+00:00,USDPEN=X,USD/PEN,FX,3.3884,3.47,-0.0816,-2.3516,down,2026-06-09T19:00:00-04:00
2026-06-09T20:29:51.361107-05:00,2026-06-10T01:29:51.361107+00:00,EURUSD=X,EUR/USD,FX,1.154335,1.152844,0.00149,0.1293,up,2026-06-09T21:15:00-04:00
2026-06-09T20:29:51.361107-05:00,2026-06-10T01:29:51.361107+00:00,DX-Y.NYB,DXY,Dólar,99.961998,100.050003,-0.088005,-0.088,down,2026-06-09T21:15:00-04:00
2026-06-09T20:29:51.361107-05:00,2026-06-10T01:29:51.361107+00:00,^GSPC,S&P 500,Índice,7386.310059,7405.72998,-19.419922,-0.2622,down,2026-06-09T15:45:00-04:00
2026-06-09T20:29:51.361107-05:00,2026-06-10T01:29:51.361107+00:00,^IXIC,Nasdaq,Índice,25675.191406,25929.660156,-254.46875,-0.9814,down,2026-06-09T15:45:00-04:00
2026-06-09T20:29:51.361107-05:00,2026-06-10T01:29:51.361107+00:00,^DJI,Dow Jones,Índice,50863.980469,50786.011719,77.96875,0.1535,up,2026-06-09T15:45:00-04:00
2026-06-09T20:29:51.361107-05:00,2026-06-10T01:29:51.361107+00:00,^VIX,VIX,Volatilidad,19.870001,18.92,0.950001,5.0211,up,2026-06-09T16:00:00-04:00
2026-06-09T20:29:51.361107-05:00,2026-06-10T01:29:51.361107+00:00,^TNX,US 10Y,Tasa,4.528,4.552,-0.024,-0.5272,down,2026-06-09T14:50:00-04:00
2026-06-09T20:29:51.361107-05:00,2026-06-10T01:29:51.361107+00:00,GC=F,Oro,Commodity,4236.700195,4335.899902,-99.199707,-2.2879,down,2026-06-09T21:15:00-04:00
2026-06-09T20:29:51.361107-05:00,2026-06-10T01:29:51.361107+00:00,CL=F,WTI,Commodity,88.519997,91.300003,-2.780006,-3.0449,down,2026-06-09T21:15:00-04:00
2026-06-09T20:29:51.361107-05:00,2026-06-10T01:29:51.361107+00:00,HG=F,Cobre,Commodity,6.355,6.3295,0.0255,0.4029,up,2026-06-09T21:15:00-04:00
2026-06-09T20:29:51.361107-05:00,2026-06-10T01:29:51.361107+00:00,BTC-USD,Bitcoin,Crypto,61776.25,63090.589844,-1314.339844,-2.0833,down,2026-06-09T21:15:00-04:00
2026-06-10T11:06:35.266833-05:00,2026-06-10T16:06:35.266833+00:00,USDPEN=X,USD/PEN,FX,3.4077,3.47,-0.0623,-1.7954,down,2026-06-10T12:00:00-04:00
2026-06-10T11:06:35.266833-05:00,2026-06-10T16:06:35.266833+00:00,EURUSD=X,EUR/USD,FX,1.155402,1.152844,0.002558,0.2218,up,2026-06-10T12:00:00-04:00
2026-06-10T11:06:35.266833-05:00,2026-06-10T16:06:35.266833+00:00,DX-Y.NYB,DXY,Dólar,99.942001,99.910004,0.031998,0.032,up,2026-06-10T11:45:00-04:00
2026-06-10T11:06:35.266833-05:00,2026-06-10T16:06:35.266833+00:00,^GSPC,S&P 500,Índice,7327.209961,7386.649902,-59.439941,-0.8047,down,2026-06-10T12:00:00-04:00
2026-06-10T11:06:35.266833-05:00,2026-06-10T16:06:35.266833+00:00,^IXIC,Nasdaq,Índice,25414.009766,25678.820312,-264.810547,-1.0312,down,2026-06-10T12:00:00-04:00
2026-06-10T11:06:35.266833-05:00,2026-06-10T16:06:35.266833+00:00,^DJI,Dow Jones,Índice,50300.429688,50872.109375,-571.679688,-1.1238,down,2026-06-10T12:00:00-04:00
2026-06-10T11:06:35.266833-05:00,2026-06-10T16:06:35.266833+00:00,^VIX,VIX,Volatilidad,22.51,19.870001,2.639999,13.2864,up,2026-06-10T11:45:00-04:00
2026-06-10T11:06:35.266833-05:00,2026-06-10T16:06:35.266833+00:00,^TNX,US 10Y,Tasa,4.536,4.528,0.008,0.1767,up,2026-06-10T11:50:00-04:00
2026-06-10T11:06:35.266833-05:00,2026-06-10T16:06:35.266833+00:00,GC=F,Oro,Commodity,4142.399902,4260.0,-117.600098,-2.7606,down,2026-06-10T11:45:00-04:00
2026-06-10T11:06:35.266833-05:00,2026-06-10T16:06:35.266833+00:00,CL=F,WTI,Commodity,90.660004,88.199997,2.460007,2.7891,up,2026-06-10T11:45:00-04:00
2026-06-10T11:06:35.266833-05:00,2026-06-10T16:06:35.266833+00:00,HG=F,Cobre,Commodity,6.2815,6.3025,-0.021,-0.3332,down,2026-06-10T11:45:00-04:00
2026-06-10T11:06:35.266833-05:00,2026-06-10T16:06:35.266833+00:00,BTC-USD,Bitcoin,Crypto,62465.648438,61643.78125,821.867188,1.3333,up,2026-06-10T12:00:00-04:00
2026-06-10T13:40:45.124789-05:00,2026-06-10T18:40:45.124789+00:00,USDPEN=X,USD/PEN,FX,3.4067,3.47,-0.0633,-1.8242,down,2026-06-10T14:30:00-04:00
2026-06-10T13:40:45.124789-05:00,2026-06-10T18:40:45.124789+00:00,EURUSD=X,EUR/USD,FX,1.155268,1.152844,0.002424,0.2103,up,2026-06-10T14:30:00-04:00
2026-06-10T13:40:45.124789-05:00,2026-06-10T18:40:45.124789+00:00,DX-Y.NYB,DXY,Dólar,99.919998,99.910004,0.009995,0.01,up,2026-06-10T14:30:00-04:00
2026-06-10T13:40:45.124789-05:00,2026-06-10T18:40:45.124789+00:00,^GSPC,S&P 500,Índice,7299.169922,7386.649902,-87.47998,-1.1843,down,2026-06-10T14:30:00-04:00
2026-06-10T13:40:45.124789-05:00,2026-06-10T18:40:45.124789+00:00,^IXIC,Nasdaq,Índice,25299.365234,25678.820312,-379.455078,-1.4777,down,2026-06-10T14:30:00-04:00
2026-06-10T13:40:45.124789-05:00,2026-06-10T18:40:45.124789+00:00,^DJI,Dow Jones,Índice,50144.519531,50872.109375,-727.589844,-1.4302,down,2026-06-10T14:30:00-04:00
2026-06-10T13:40:45.124789-05:00,2026-06-10T18:40:45.124789+00:00,^VIX,VIX,Volatilidad,21.32,19.870001,1.449999,7.2974,up,2026-06-10T14:15:00-04:00
2026-06-10T13:40:45.124789-05:00,2026-06-10T18:40:45.124789+00:00,^TNX,US 10Y,Tasa,4.542,4.528,0.014,0.3092,up,2026-06-10T14:20:00-04:00
2026-06-10T13:40:45.124789-05:00,2026-06-10T18:40:45.124789+00:00,GC=F,Oro,Commodity,4134.0,4260.0,-126.0,-2.9577,down,2026-06-10T14:30:00-04:00
2026-06-10T13:40:45.124789-05:00,2026-06-10T18:40:45.124789+00:00,CL=F,WTI,Commodity,90.010002,88.199997,1.810005,2.0522,up,2026-06-10T14:30:00-04:00
2026-06-10T13:40:45.124789-05:00,2026-06-10T18:40:45.124789+00:00,HG=F,Cobre,Commodity,6.248,6.3025,-0.0545,-0.8647,down,2026-06-10T14:30:00-04:00
2026-06-10T13:40:45.124789-05:00,2026-06-10T18:40:45.124789+00:00,BTC-USD,Bitcoin,Crypto,61750.921875,61643.78125,107.140625,0.1738,up,2026-06-10T14:30:00-04:00
2026-06-10T16:27:30.956252-05:00,2026-06-10T21:27:30.956252+00:00,USDPEN=X,USD/PEN,FX,3.3945,3.47,-0.0755,-2.1758,down,2026-06-10T17:15:00-04:00
2026-06-10T16:27:30.956252-05:00,2026-06-10T21:27:30.956252+00:00,EURUSD=X,EUR/USD,FX,1.154201,1.152844,0.001357,0.1177,up,2026-06-10T17:15:00-04:00
2026-06-10T16:27:30.956252-05:00,2026-06-10T21:27:30.956252+00:00,DX-Y.NYB,DXY,Dólar,100.017998,99.910004,0.107994,0.1081,up,2026-06-10T17:15:00-04:00
2026-06-10T16:27:30.956252-05:00,2026-06-10T21:27:30.956252+00:00,^GSPC,S&P 500,Índice,7267.649902,7386.649902,-119.0,-1.611,down,2026-06-10T15:45:00-04:00
2026-06-10T16:27:30.956252-05:00,2026-06-10T21:27:30.956252+00:00,^IXIC,Nasdaq,Índice,25167.123047,25678.820312,-511.697266,-1.9927,down,2026-06-10T15:45:00-04:00
2026-06-10T16:27:30.956252-05:00,2026-06-10T21:27:30.956252+00:00,^DJI,Dow Jones,Índice,49920.199219,50872.109375,-951.910156,-1.8712,down,2026-06-10T15:45:00-04:00
2026-06-10T16:27:30.956252-05:00,2026-06-10T21:27:30.956252+00:00,^VIX,VIX,Volatilidad,22.219999,19.870001,2.349998,11.8269,up,2026-06-10T16:00:00-04:00
2026-06-10T16:27:30.956252-05:00,2026-06-10T21:27:30.956252+00:00,^TNX,US 10Y,Tasa,4.542,4.528,0.014,0.3092,up,2026-06-10T14:50:00-04:00
2026-06-10T16:27:30.956252-05:00,2026-06-10T21:27:30.956252+00:00,GC=F,Oro,Commodity,4094.100098,4260.0,-165.899902,-3.8944,down,2026-06-10T16:45:00-04:00
2026-06-10T16:27:30.956252-05:00,2026-06-10T21:27:30.956252+00:00,CL=F,WTI,Commodity,91.849998,88.199997,3.650002,4.1383,up,2026-06-10T17:00:00-04:00
2026-06-10T16:27:30.956252-05:00,2026-06-10T21:27:30.956252+00:00,HG=F,Cobre,Commodity,6.1995,6.3025,-0.103,-1.6343,down,2026-06-10T16:45:00-04:00
2026-06-10T16:27:30.956252-05:00,2026-06-10T21:27:30.956252+00:00,BTC-USD,Bitcoin,Crypto,61528.628906,61643.78125,-115.152344,-0.1868,down,2026-06-10T17:15:00-04:00
2026-06-10T18:48:47.275829-05:00,2026-06-10T23:48:47.275829+00:00,USDPEN=X,USD/PEN,FX,3.3934,3.389,0.0044,0.1298,up,2026-06-10T19:45:00-04:00
2026-06-10T18:48:47.275829-05:00,2026-06-10T23:48:47.275829+00:00,EURUSD=X,EUR/USD,FX,1.153935,1.153536,0.000399,0.0346,up,2026-06-10T19:45:00-04:00
2026-06-10T18:48:47.275829-05:00,2026-06-10T23:48:47.275829+00:00,DX-Y.NYB,DXY,Dólar,100.114998,99.910004,0.204994,0.2052,up,2026-06-10T19:30:00-04:00
2026-06-10T18:48:47.275829-05:00,2026-06-10T23:48:47.275829+00:00,^GSPC,S&P 500,Índice,7267.649902,7386.649902,-119.0,-1.611,down,2026-06-10T15:45:00-04:00
2026-06-10T18:48:47.275829-05:00,2026-06-10T23:48:47.275829+00:00,^IXIC,Nasdaq,Índice,25167.123047,25678.820312,-511.697266,-1.9927,down,2026-06-10T15:45:00-04:00
2026-06-10T18:48:47.275829-05:00,2026-06-10T23:48:47.275829+00:00,^DJI,Dow Jones,Índice,49920.199219,50872.109375,-951.910156,-1.8712,down,2026-06-10T15:45:00-04:00
2026-06-10T18:48:47.275829-05:00,2026-06-10T23:48:47.275829+00:00,^VIX,VIX,Volatilidad,22.219999,19.870001,2.349998,11.8269,up,2026-06-10T16:00:00-04:00
2026-06-10T18:48:47.275829-05:00,2026-06-10T23:48:47.275829+00:00,^TNX,US 10Y,Tasa,4.542,4.528,0.014,0.3092,up,2026-06-10T14:50:00-04:00
2026-06-10T18:48:47.275829-05:00,2026-06-10T23:48:47.275829+00:00,GC=F,Oro,Commodity,4082.0,4260.0,-178.0,-4.1784,down,2026-06-10T19:30:00-04:00
2026-06-10T18:48:47.275829-05:00,2026-06-10T23:48:47.275829+00:00,CL=F,WTI,Commodity,92.739998,88.199997,4.540001,5.1474,up,2026-06-10T19:30:00-04:00
2026-06-10T18:48:47.275829-05:00,2026-06-10T23:48:47.275829+00:00,HG=F,Cobre,Commodity,6.192,6.3025,-0.1105,-1.7533,down,2026-06-10T19:30:00-04:00
2026-06-10T18:48:47.275829-05:00,2026-06-10T23:48:47.275829+00:00,BTC-USD,Bitcoin,Crypto,61470.011719,61643.78125,-173.769531,-0.2819,down,2026-06-10T19:45:00-04:00
2026-06-11T11:19:58.151998-05:00,2026-06-11T16:19:58.151998+00:00,USDPEN=X,USD/PEN,FX,3.3928,3.389,0.0038,0.1121,up,2026-06-11T12:15:00-04:00
2026-06-11T11:19:58.151998-05:00,2026-06-11T16:19:58.151998+00:00,EURUSD=X,EUR/USD,FX,1.15141,1.153536,-0.002125,-0.1842,down,2026-06-11T12:15:00-04:00
2026-06-11T11:19:58.151998-05:00,2026-06-11T16:19:58.151998+00:00,DX-Y.NYB,DXY,Dólar,100.255997,99.949997,0.306,0.3062,up,2026-06-11T12:00:00-04:00
2026-06-11T11:19:58.151998-05:00,2026-06-11T16:19:58.151998+00:00,^GSPC,S&P 500,Índice,7308.47998,7266.990234,41.489746,0.5709,up,2026-06-11T12:15:00-04:00
2026-06-11T11:19:58.151998-05:00,2026-06-11T16:19:58.151998+00:00,^IXIC,Nasdaq,Índice,25377.003906,25169.5,207.503906,0.8244,up,2026-06-11T12:15:00-04:00
2026-06-11T11:19:58.151998-05:00,2026-06-11T16:19:58.151998+00:00,^DJI,Dow Jones,Índice,50341.210938,49918.78125,422.429688,0.8462,up,2026-06-11T12:15:00-04:00
2026-06-11T11:19:58.151998-05:00,2026-06-11T16:19:58.151998+00:00,^VIX,VIX,Volatilidad,21.84,22.219999,-0.379999,-1.7102,down,2026-06-11T12:00:00-04:00
2026-06-11T11:19:58.151998-05:00,2026-06-11T16:19:58.151998+00:00,^TNX,US 10Y,Tasa,4.53,4.542,-0.012,-0.2642,down,2026-06-11T11:50:00-04:00
2026-06-11T11:19:58.151998-05:00,2026-06-11T16:19:58.151998+00:00,GC=F,Oro,Commodity,4114.299805,4108.200195,6.099609,0.1485,up,2026-06-11T12:00:00-04:00
2026-06-11T11:19:58.151998-05:00,2026-06-11T16:19:58.151998+00:00,CL=F,WTI,Commodity,90.870003,90.029999,0.840004,0.933,up,2026-06-11T12:00:00-04:00
2026-06-11T11:19:58.151998-05:00,2026-06-11T16:19:58.151998+00:00,HG=F,Cobre,Commodity,6.291,6.249,0.042,0.6721,up,2026-06-11T12:00:00-04:00
2026-06-11T11:19:58.151998-05:00,2026-06-11T16:19:58.151998+00:00,BTC-USD,Bitcoin,Crypto,62730.578125,61449.289062,1281.289062,2.0851,up,2026-06-11T12:15:00-04:00
2026-06-11T14:44:43.312560-05:00,2026-06-11T19:44:43.312560+00:00,USDPEN=X,USD/PEN,FX,3.3867,3.389,-0.0023,-0.0679,down,2026-06-11T15:30:00-04:00
2026-06-11T14:44:43.312560-05:00,2026-06-11T19:44:43.312560+00:00,EURUSD=X,EUR/USD,FX,1.15848,1.153536,0.004944,0.4286,up,2026-06-11T15:30:00-04:00
2026-06-11T14:44:43.312560-05:00,2026-06-11T19:44:43.312560+00:00,DX-Y.NYB,DXY,Dólar,99.634003,99.949997,-0.315994,-0.3162,down,2026-06-11T15:30:00-04:00
2026-06-11T14:44:43.312560-05:00,2026-06-11T19:44:43.312560+00:00,^GSPC,S&P 500,Índice,7405.149902,7266.990234,138.159668,1.9012,up,2026-06-11T15:30:00-04:00
2026-06-11T14:44:43.312560-05:00,2026-06-11T19:44:43.312560+00:00,^IXIC,Nasdaq,Índice,25818.255859,25169.5,648.755859,2.5775,up,2026-06-11T15:30:00-04:00
2026-06-11T14:44:43.312560-05:00,2026-06-11T19:44:43.312560+00:00,^DJI,Dow Jones,Índice,50935.0,49918.78125,1016.21875,2.0357,up,2026-06-11T15:30:00-04:00
2026-06-11T14:44:43.312560-05:00,2026-06-11T19:44:43.312560+00:00,^VIX,VIX,Volatilidad,19.59,22.219999,-2.629999,-11.8362,down,2026-06-11T15:15:00-04:00
2026-06-11T14:44:43.312560-05:00,2026-06-11T19:44:43.312560+00:00,^TNX,US 10Y,Tasa,4.463,4.542,-0.079,-1.7393,down,2026-06-11T14:50:00-04:00
2026-06-11T14:44:43.312560-05:00,2026-06-11T19:44:43.312560+00:00,GC=F,Oro,Commodity,4232.5,4108.200195,124.299805,3.0257,up,2026-06-11T15:30:00-04:00
2026-06-11T14:44:43.312560-05:00,2026-06-11T19:44:43.312560+00:00,CL=F,WTI,Commodity,86.129997,90.029999,-3.900002,-4.3319,down,2026-06-11T15:30:00-04:00
2026-06-11T14:44:43.312560-05:00,2026-06-11T19:44:43.312560+00:00,HG=F,Cobre,Commodity,6.401,6.249,0.152,2.4324,up,2026-06-11T15:30:00-04:00
2026-06-11T14:44:43.312560-05:00,2026-06-11T19:44:43.312560+00:00,BTC-USD,Bitcoin,Crypto,63621.148438,61449.289062,2171.859375,3.5344,up,2026-06-11T15:30:00-04:00
2026-06-11T17:14:46.060494-05:00,2026-06-11T22:14:46.060494+00:00,USDPEN=X,USD/PEN,FX,3.3978,3.389,0.0088,0.2597,up,2026-06-11T17:30:00-04:00
2026-06-11T17:14:46.060494-05:00,2026-06-11T22:14:46.060494+00:00,EURUSD=X,EUR/USD,FX,1.158078,1.153536,0.004542,0.3937,up,2026-06-11T18:00:00-04:00
2026-06-11T17:14:46.060494-05:00,2026-06-11T22:14:46.060494+00:00,DX-Y.NYB,DXY,Dólar,99.676003,99.949997,-0.273994,-0.2741,down,2026-06-11T18:00:00-04:00
2026-06-11T17:14:46.060494-05:00,2026-06-11T22:14:46.060494+00:00,^GSPC,S&P 500,Índice,7393.060059,7266.990234,126.069824,1.7348,up,2026-06-11T15:45:00-04:00
2026-06-11T17:14:46.060494-05:00,2026-06-11T22:14:46.060494+00:00,^IXIC,Nasdaq,Índice,25801.464844,25169.5,631.964844,2.5108,up,2026-06-11T15:45:00-04:00
2026-06-11T17:14:46.060494-05:00,2026-06-11T22:14:46.060494+00:00,^DJI,Dow Jones,Índice,50839.328125,49918.78125,920.546875,1.8441,up,2026-06-11T15:45:00-04:00
2026-06-11T17:14:46.060494-05:00,2026-06-11T22:14:46.060494+00:00,^VIX,VIX,Volatilidad,19.450001,22.219999,-2.769999,-12.4662,down,2026-06-11T16:00:00-04:00
2026-06-11T17:14:46.060494-05:00,2026-06-11T22:14:46.060494+00:00,^TNX,US 10Y,Tasa,4.463,4.542,-0.079,-1.7393,down,2026-06-11T14:50:00-04:00
2026-06-11T17:14:46.060494-05:00,2026-06-11T22:14:46.060494+00:00,GC=F,Oro,Commodity,4229.0,4108.200195,120.799805,2.9405,up,2026-06-11T18:00:00-04:00
2026-06-11T17:14:46.060494-05:00,2026-06-11T22:14:46.060494+00:00,CL=F,WTI,Commodity,85.5,90.029999,-4.529999,-5.0317,down,2026-06-11T18:00:00-04:00
2026-06-11T17:14:46.060494-05:00,2026-06-11T22:14:46.060494+00:00,HG=F,Cobre,Commodity,6.391,6.249,0.142,2.2724,up,2026-06-11T18:00:00-04:00
2026-06-11T17:14:46.060494-05:00,2026-06-11T22:14:46.060494+00:00,BTC-USD,Bitcoin,Crypto,63565.0,61449.289062,2115.710938,3.443,up,2026-06-11T18:00:00-04:00
2026-06-11T18:53:36.185298-05:00,2026-06-11T23:53:36.185298+00:00,USDPEN=X,USD/PEN,FX,3.3982,3.332135,0.066065,1.9827,up,2026-06-11T19:30:00-04:00
2026-06-11T18:53:36.185298-05:00,2026-06-11T23:53:36.185298+00:00,EURUSD=X,EUR/USD,FX,1.157809,1.153562,0.004247,0.3682,up,2026-06-11T19:45:00-04:00
2026-06-11T18:53:36.185298-05:00,2026-06-11T23:53:36.185298+00:00,DX-Y.NYB,DXY,Dólar,99.669998,99.949997,-0.279999,-0.2801,down,2026-06-11T19:30:00-04:00
2026-06-11T18:53:36.185298-05:00,2026-06-11T23:53:36.185298+00:00,^GSPC,S&P 500,Índice,7393.060059,7266.990234,126.069824,1.7348,up,2026-06-11T15:45:00-04:00
2026-06-11T18:53:36.185298-05:00,2026-06-11T23:53:36.185298+00:00,^IXIC,Nasdaq,Índice,25809.660156,25169.5,640.160156,2.5434,up,2026-06-11T00:00:00
2026-06-11T18:53:36.185298-05:00,2026-06-11T23:53:36.185298+00:00,^DJI,Dow Jones,Índice,50839.328125,49918.78125,920.546875,1.8441,up,2026-06-11T15:45:00-04:00
2026-06-11T18:53:36.185298-05:00,2026-06-11T23:53:36.185298+00:00,^VIX,VIX,Volatilidad,19.450001,22.219999,-2.769999,-12.4662,down,2026-06-11T16:00:00-04:00
2026-06-11T18:53:36.185298-05:00,2026-06-11T23:53:36.185298+00:00,^TNX,US 10Y,Tasa,4.463,4.542,-0.079,-1.7393,down,2026-06-11T14:50:00-04:00
2026-06-11T18:53:36.185298-05:00,2026-06-11T23:53:36.185298+00:00,GC=F,Oro,Commodity,4241.100098,4108.200195,132.899902,3.235,up,2026-06-11T19:30:00-04:00
2026-06-11T18:53:36.185298-05:00,2026-06-11T23:53:36.185298+00:00,CL=F,WTI,Commodity,86.0,90.029999,-4.029999,-4.4763,down,2026-06-11T19:30:00-04:00
2026-06-11T18:53:36.185298-05:00,2026-06-11T23:53:36.185298+00:00,HG=F,Cobre,Commodity,6.3895,6.249,0.1405,2.2484,up,2026-06-11T19:30:00-04:00
2026-06-11T18:53:36.185298-05:00,2026-06-11T23:53:36.185298+00:00,BTC-USD,Bitcoin,Crypto,63472.761719,61449.289062,2023.472656,3.2929,up,2026-06-11T19:45:00-04:00
2026-06-12T10:37:13.537213-05:00,2026-06-12T15:37:13.537213+00:00,USDPEN=X,USD/PEN,FX,3.3795,3.332135,0.047365,1.4215,up,2026-06-12T11:30:00-04:00
2026-06-12T10:37:13.537213-05:00,2026-06-12T15:37:13.537213+00:00,EURUSD=X,EUR/USD,FX,1.158346,1.153562,0.004784,0.4147,up,2026-06-12T11:30:00-04:00
2026-06-12T10:37:13.537213-05:00,2026-06-12T15:37:13.537213+00:00,DX-Y.NYB,DXY,Dólar,99.681999,99.860001,-0.178001,-0.1783,down,2026-06-12T11:15:00-04:00
2026-06-12T10:37:13.537213-05:00,2026-06-12T15:37:13.537213+00:00,^GSPC,S&P 500,Índice,7440.279785,7394.299805,45.97998,0.6218,up,2026-06-12T11:30:00-04:00
2026-06-12T10:37:13.537213-05:00,2026-06-12T15:37:13.537213+00:00,^IXIC,Nasdaq,Índice,25945.236328,25809.660156,135.576172,0.5253,up,2026-06-12T11:30:00-04:00
2026-06-12T10:37:13.537213-05:00,2026-06-12T15:37:13.537213+00:00,^DJI,Dow Jones,Índice,51294.351562,50848.75,445.601562,0.8763,up,2026-06-12T11:30:00-04:00
2026-06-12T10:37:13.537213-05:00,2026-06-12T15:37:13.537213+00:00,^VIX,VIX,Volatilidad,18.57,19.440001,-0.870001,-4.4753,down,2026-06-12T11:15:00-04:00
2026-06-12T10:37:13.537213-05:00,2026-06-12T15:37:13.537213+00:00,^TNX,US 10Y,Tasa,4.477,4.463,0.014,0.3137,up,2026-06-12T11:20:00-04:00
2026-06-12T10:37:13.537213-05:00,2026-06-12T15:37:13.537213+00:00,GC=F,Oro,Commodity,4254.899902,4090.300049,164.599854,4.0242,up,2026-06-12T11:15:00-04:00
2026-06-12T10:37:13.537213-05:00,2026-06-12T15:37:13.537213+00:00,CL=F,WTI,Commodity,84.360001,87.709999,-3.349998,-3.8194,down,2026-06-12T11:15:00-04:00
2026-06-12T10:37:13.537213-05:00,2026-06-12T15:37:13.537213+00:00,HG=F,Cobre,Commodity,6.443,6.259,0.184,2.9398,up,2026-06-12T11:15:00-04:00
2026-06-12T10:37:13.537213-05:00,2026-06-12T15:37:13.537213+00:00,BTC-USD,Bitcoin,Crypto,63961.75,63561.054688,400.695312,0.6304,up,2026-06-12T11:30:00-04:00
2026-06-12T13:19:14.642833-05:00,2026-06-12T18:19:14.642833+00:00,USDPEN=X,USD/PEN,FX,3.3991,3.332135,0.066965,2.0097,up,2026-06-12T14:15:00-04:00
2026-06-12T13:19:14.642833-05:00,2026-06-12T18:19:14.642833+00:00,EURUSD=X,EUR/USD,FX,1.157675,1.153562,0.004113,0.3566,up,2026-06-12T14:15:00-04:00
2026-06-12T13:19:14.642833-05:00,2026-06-12T18:19:14.642833+00:00,DX-Y.NYB,DXY,Dólar,99.759003,99.860001,-0.100998,-0.1011,down,2026-06-12T14:00:00-04:00
2026-06-12T13:19:14.642833-05:00,2026-06-12T18:19:14.642833+00:00,^GSPC,S&P 500,Índice,7421.0,7394.299805,26.700195,0.3611,up,2026-06-12T14:15:00-04:00
2026-06-12T13:19:14.642833-05:00,2026-06-12T18:19:14.642833+00:00,^IXIC,Nasdaq,Índice,25854.189453,25809.660156,44.529297,0.1725,up,2026-06-12T14:15:00-04:00
2026-06-12T13:19:14.642833-05:00,2026-06-12T18:19:14.642833+00:00,^DJI,Dow Jones,Índice,51198.628906,50848.75,349.878906,0.6881,up,2026-06-12T14:15:00-04:00
2026-06-12T13:19:14.642833-05:00,2026-06-12T18:19:14.642833+00:00,^VIX,VIX,Volatilidad,18.26,19.440001,-1.18,-6.07,down,2026-06-12T14:00:00-04:00
2026-06-12T13:19:14.642833-05:00,2026-06-12T18:19:14.642833+00:00,^TNX,US 10Y,Tasa,4.481,4.463,0.018,0.4033,up,2026-06-12T13:50:00-04:00
2026-06-12T13:19:14.642833-05:00,2026-06-12T18:19:14.642833+00:00,GC=F,Oro,Commodity,4241.0,4090.300049,150.699951,3.6843,up,2026-06-12T14:00:00-04:00
2026-06-12T13:19:14.642833-05:00,2026-06-12T18:19:14.642833+00:00,CL=F,WTI,Commodity,84.760002,87.709999,-2.949997,-3.3634,down,2026-06-12T14:00:00-04:00
2026-06-12T13:19:14.642833-05:00,2026-06-12T18:19:14.642833+00:00,HG=F,Cobre,Commodity,6.45,6.259,0.191,3.0516,up,2026-06-12T14:00:00-04:00
2026-06-12T13:19:14.642833-05:00,2026-06-12T18:19:14.642833+00:00,BTC-USD,Bitcoin,Crypto,63701.21875,63561.054688,140.164062,0.2205,up,2026-06-12T14:15:00-04:00
2026-06-12T16:04:55.971031-05:00,2026-06-12T21:04:55.971031+00:00,USDPEN=X,USD/PEN,FX,3.3999,3.332135,0.067765,2.0337,up,2026-06-12T16:45:00-04:00
2026-06-12T16:04:55.971031-05:00,2026-06-12T21:04:55.971031+00:00,EURUSD=X,EUR/USD,FX,1.157274,1.153562,0.003711,0.3217,up,2026-06-12T17:00:00-04:00
2026-06-12T16:04:55.971031-05:00,2026-06-12T21:04:55.971031+00:00,DX-Y.NYB,DXY,Dólar,99.796997,99.860001,-0.063004,-0.0631,down,2026-06-12T16:45:00-04:00
2026-06-12T16:04:55.971031-05:00,2026-06-12T21:04:55.971031+00:00,^GSPC,S&P 500,Índice,7430.859863,7394.299805,36.560059,0.4944,up,2026-06-12T15:45:00-04:00
2026-06-12T16:04:55.971031-05:00,2026-06-12T21:04:55.971031+00:00,^IXIC,Nasdaq,Índice,25889.744141,25809.660156,80.083984,0.3103,up,2026-06-12T15:45:00-04:00
2026-06-12T16:04:55.971031-05:00,2026-06-12T21:04:55.971031+00:00,^DJI,Dow Jones,Índice,51202.601562,50848.75,353.851562,0.6959,up,2026-06-12T15:45:00-04:00
2026-06-12T16:04:55.971031-05:00,2026-06-12T21:04:55.971031+00:00,^VIX,VIX,Volatilidad,17.690001,19.440001,-1.75,-9.0021,down,2026-06-12T16:00:00-04:00
2026-06-12T16:04:55.971031-05:00,2026-06-12T21:04:55.971031+00:00,^TNX,US 10Y,Tasa,4.487,4.463,0.024,0.5378,up,2026-06-12T14:50:00-04:00
2026-06-12T16:04:55.971031-05:00,2026-06-12T21:04:55.971031+00:00,GC=F,Oro,Commodity,4238.200195,4090.300049,147.900146,3.6159,up,2026-06-12T16:45:00-04:00
2026-06-12T16:04:55.971031-05:00,2026-06-12T21:04:55.971031+00:00,CL=F,WTI,Commodity,84.220001,87.709999,-3.489998,-3.979,down,2026-06-12T16:45:00-04:00
2026-06-12T16:04:55.971031-05:00,2026-06-12T21:04:55.971031+00:00,HG=F,Cobre,Commodity,6.4715,6.259,0.2125,3.3951,up,2026-06-12T16:45:00-04:00
2026-06-12T16:04:55.971031-05:00,2026-06-12T21:04:55.971031+00:00,BTC-USD,Bitcoin,Crypto,63401.25,63561.054688,-159.804688,-0.2514,down,2026-06-12T17:00:00-04:00
2026-06-12T17:46:04.492507-05:00,2026-06-12T22:46:04.492507+00:00,USDPEN=X,USD/PEN,FX,3.3999,3.332135,0.067765,2.0337,up,2026-06-12T17:15:00-04:00
2026-06-12T17:46:04.492507-05:00,2026-06-12T22:46:04.492507+00:00,EURUSD=X,EUR/USD,FX,1.157274,1.153562,0.003711,0.3217,up,2026-06-12T17:15:00-04:00
2026-06-12T17:46:04.492507-05:00,2026-06-12T22:46:04.492507+00:00,DX-Y.NYB,DXY,Dólar,99.806999,99.860001,-0.053001,-0.0531,down,2026-06-12T16:45:00-04:00
2026-06-12T17:46:04.492507-05:00,2026-06-12T22:46:04.492507+00:00,^GSPC,S&P 500,Índice,7430.859863,7394.299805,36.560059,0.4944,up,2026-06-12T15:45:00-04:00
2026-06-12T17:46:04.492507-05:00,2026-06-12T22:46:04.492507+00:00,^IXIC,Nasdaq,Índice,25889.744141,25809.660156,80.083984,0.3103,up,2026-06-12T15:45:00-04:00
2026-06-12T17:46:04.492507-05:00,2026-06-12T22:46:04.492507+00:00,^DJI,Dow Jones,Índice,51202.601562,50848.75,353.851562,0.6959,up,2026-06-12T15:45:00-04:00
2026-06-12T17:46:04.492507-05:00,2026-06-12T22:46:04.492507+00:00,^VIX,VIX,Volatilidad,17.690001,19.440001,-1.75,-9.0021,down,2026-06-12T16:00:00-04:00
2026-06-12T17:46:04.492507-05:00,2026-06-12T22:46:04.492507+00:00,^TNX,US 10Y,Tasa,4.487,4.463,0.024,0.5378,up,2026-06-12T14:50:00-04:00
2026-06-12T17:46:04.492507-05:00,2026-06-12T22:46:04.492507+00:00,GC=F,Oro,Commodity,4239.899902,4090.300049,149.599854,3.6574,up,2026-06-12T16:45:00-04:00
2026-06-12T17:46:04.492507-05:00,2026-06-12T22:46:04.492507+00:00,CL=F,WTI,Commodity,84.290001,87.709999,-3.419998,-3.8992,down,2026-06-12T16:45:00-04:00
2026-06-12T17:46:04.492507-05:00,2026-06-12T22:46:04.492507+00:00,HG=F,Cobre,Commodity,6.474,6.259,0.215,3.4351,up,2026-06-12T16:45:00-04:00
2026-06-12T17:46:04.492507-05:00,2026-06-12T22:46:04.492507+00:00,BTC-USD,Bitcoin,Crypto,63500.78125,63561.054688,-60.273438,-0.0948,down,2026-06-12T18:45:00-04:00
2026-06-12T20:33:54.753285-05:00,2026-06-13T01:33:54.753285+00:00,USDPEN=X,USD/PEN,FX,3.3999,3.332135,0.067765,2.0337,up,2026-06-12T17:15:00-04:00
2026-06-12T20:33:54.753285-05:00,2026-06-13T01:33:54.753285+00:00,EURUSD=X,EUR/USD,FX,1.157274,1.153562,0.003711,0.3217,up,2026-06-12T17:15:00-04:00
2026-06-12T20:33:54.753285-05:00,2026-06-13T01:33:54.753285+00:00,DX-Y.NYB,DXY,Dólar,99.806999,99.860001,-0.053001,-0.0531,down,2026-06-12T16:45:00-04:00
2026-06-12T20:33:54.753285-05:00,2026-06-13T01:33:54.753285+00:00,^GSPC,S&P 500,Índice,7430.859863,7394.299805,36.560059,0.4944,up,2026-06-12T15:45:00-04:00
2026-06-12T20:33:54.753285-05:00,2026-06-13T01:33:54.753285+00:00,^IXIC,Nasdaq,Índice,25889.744141,25809.660156,80.083984,0.3103,up,2026-06-12T15:45:00-04:00
2026-06-12T20:33:54.753285-05:00,2026-06-13T01:33:54.753285+00:00,^DJI,Dow Jones,Índice,51202.601562,50848.75,353.851562,0.6959,up,2026-06-12T15:45:00-04:00
2026-06-12T20:33:54.753285-05:00,2026-06-13T01:33:54.753285+00:00,^VIX,VIX,Volatilidad,17.690001,19.440001,-1.75,-9.0021,down,2026-06-12T16:00:00-04:00
2026-06-12T20:33:54.753285-05:00,2026-06-13T01:33:54.753285+00:00,^TNX,US 10Y,Tasa,4.487,4.463,0.024,0.5378,up,2026-06-12T14:50:00-04:00
2026-06-12T20:33:54.753285-05:00,2026-06-13T01:33:54.753285+00:00,GC=F,Oro,Commodity,4239.899902,4090.300049,149.599854,3.6574,up,2026-06-12T16:45:00-04:00
2026-06-12T20:33:54.753285-05:00,2026-06-13T01:33:54.753285+00:00,CL=F,WTI,Commodity,84.290001,87.709999,-3.419998,-3.8992,down,2026-06-12T16:45:00-04:00
2026-06-12T20:33:54.753285-05:00,2026-06-13T01:33:54.753285+00:00,HG=F,Cobre,Commodity,6.474,6.259,0.215,3.4351,up,2026-06-12T16:45:00-04:00
2026-06-12T20:33:54.753285-05:00,2026-06-13T01:33:54.753285+00:00,BTC-USD,Bitcoin,Crypto,63612.269531,63561.054688,51.214844,0.0806,up,2026-06-12T21:30:00-04:00
2026-06-15T12:27:07.291422-05:00,2026-06-15T17:27:07.291422+00:00,USDPEN=X,USD/PEN,FX,3.381,3.330935,0.050065,1.503,up,2026-06-15T13:15:00-04:00
2026-06-15T12:27:07.291422-05:00,2026-06-15T17:27:07.291422+00:00,EURUSD=X,EUR/USD,FX,1.160497,1.157595,0.002902,0.2507,up,2026-06-15T13:15:00-04:00
2026-06-15T12:27:07.291422-05:00,2026-06-15T17:27:07.291422+00:00,DX-Y.NYB,DXY,Dólar,99.571999,99.75,-0.178001,-0.1784,down,2026-06-15T13:15:00-04:00
2026-06-15T12:27:07.291422-05:00,2026-06-15T17:27:07.291422+00:00,^GSPC,S&P 500,Índice,7572.77002,7431.459961,141.310059,1.9015,up,2026-06-15T13:15:00-04:00
2026-06-15T12:27:07.291422-05:00,2026-06-15T17:27:07.291422+00:00,^IXIC,Nasdaq,Índice,26671.242188,25888.839844,782.402344,3.0222,up,2026-06-15T13:15:00-04:00
2026-06-15T12:27:07.291422-05:00,2026-06-15T17:27:07.291422+00:00,^DJI,Dow Jones,Índice,51932.230469,51202.261719,729.96875,1.4257,up,2026-06-15T13:15:00-04:00
2026-06-15T12:27:07.291422-05:00,2026-06-15T17:27:07.291422+00:00,^VIX,VIX,Volatilidad,16.02,17.68,-1.66,-9.3891,down,2026-06-15T13:00:00-04:00
2026-06-15T12:27:07.291422-05:00,2026-06-15T17:27:07.291422+00:00,^TNX,US 10Y,Tasa,4.469,4.487,-0.018,-0.4012,down,2026-06-15T13:05:00-04:00
2026-06-15T12:27:07.291422-05:00,2026-06-15T17:27:07.291422+00:00,GC=F,Oro,Commodity,4354.399902,4215.0,139.399902,3.3072,up,2026-06-15T13:15:00-04:00
2026-06-15T12:27:07.291422-05:00,2026-06-15T17:27:07.291422+00:00,CL=F,WTI,Commodity,80.379997,84.879997,-4.5,-5.3016,down,2026-06-15T13:15:00-04:00
2026-06-15T12:27:07.291422-05:00,2026-06-15T17:27:07.291422+00:00,HG=F,Cobre,Commodity,6.494,6.4305,0.0635,0.9875,up,2026-06-15T13:15:00-04:00
2026-06-15T12:27:07.291422-05:00,2026-06-15T17:27:07.291422+00:00,BTC-USD,Bitcoin,Crypto,66843.710938,65710.398438,1133.3125,1.7247,up,2026-06-15T13:15:00-04:00
2026-06-15T16:20:04.860842-05:00,2026-06-15T21:20:04.860842+00:00,USDPEN=X,USD/PEN,FX,3.399,3.330935,0.068065,2.0434,up,2026-06-15T17:15:00-04:00
2026-06-15T16:20:04.860842-05:00,2026-06-15T21:20:04.860842+00:00,EURUSD=X,EUR/USD,FX,1.15942,1.157595,0.001825,0.1577,up,2026-06-15T17:15:00-04:00
2026-06-15T16:20:04.860842-05:00,2026-06-15T21:20:04.860842+00:00,DX-Y.NYB,DXY,Dólar,99.646004,99.75,-0.103996,-0.1043,down,2026-06-15T17:00:00-04:00
2026-06-15T16:20:04.860842-05:00,2026-06-15T21:20:04.860842+00:00,^GSPC,S&P 500,Índice,7555.259766,7431.459961,123.799805,1.6659,up,2026-06-15T15:45:00-04:00
2026-06-15T16:20:04.860842-05:00,2026-06-15T21:20:04.860842+00:00,^IXIC,Nasdaq,Índice,26686.636719,25888.839844,797.796875,3.0816,up,2026-06-15T15:45:00-04:00
2026-06-15T16:20:04.860842-05:00,2026-06-15T21:20:04.860842+00:00,^DJI,Dow Jones,Índice,51692.121094,51202.261719,489.859375,0.9567,up,2026-06-15T15:45:00-04:00
2026-06-15T16:20:04.860842-05:00,2026-06-15T21:20:04.860842+00:00,^VIX,VIX,Volatilidad,16.200001,17.68,-1.48,-8.371,down,2026-06-15T16:00:00-04:00
2026-06-15T16:20:04.860842-05:00,2026-06-15T21:20:04.860842+00:00,^TNX,US 10Y,Tasa,4.469,4.487,-0.018,-0.4012,down,2026-06-15T14:50:00-04:00
2026-06-15T16:20:04.860842-05:00,2026-06-15T21:20:04.860842+00:00,GC=F,Oro,Commodity,4331.0,4215.0,116.0,2.7521,up,2026-06-15T16:45:00-04:00
2026-06-15T16:20:04.860842-05:00,2026-06-15T21:20:04.860842+00:00,CL=F,WTI,Commodity,81.160004,84.879997,-3.719994,-4.3827,down,2026-06-15T16:45:00-04:00
2026-06-15T16:20:04.860842-05:00,2026-06-15T21:20:04.860842+00:00,HG=F,Cobre,Commodity,6.4905,6.4305,0.06,0.9331,up,2026-06-15T16:45:00-04:00
2026-06-15T16:20:04.860842-05:00,2026-06-15T21:20:04.860842+00:00,BTC-USD,Bitcoin,Crypto,66498.132812,65710.398438,787.734375,1.1988,up,2026-06-15T17:15:00-04:00
2026-06-15T19:01:09.749415-05:00,2026-06-16T00:01:09.749415+00:00,USDPEN=X,USD/PEN,FX,3.3985,3.331346,0.067154,2.0158,up,2026-06-15T19:45:00-04:00
2026-06-15T19:01:09.749415-05:00,2026-06-16T00:01:09.749415+00:00,EURUSD=X,EUR/USD,FX,1.159555,1.160308,-0.000753,-0.0649,down,2026-06-15T20:00:00-04:00
2026-06-15T19:01:09.749415-05:00,2026-06-16T00:01:09.749415+00:00,DX-Y.NYB,DXY,Dólar,99.654999,99.75,-0.095001,-0.0952,down,2026-06-15T19:45:00-04:00
2026-06-15T19:01:09.749415-05:00,2026-06-16T00:01:09.749415+00:00,^GSPC,S&P 500,Índice,7555.259766,7431.459961,123.799805,1.6659,up,2026-06-15T15:45:00-04:00
2026-06-15T19:01:09.749415-05:00,2026-06-16T00:01:09.749415+00:00,^IXIC,Nasdaq,Índice,26686.636719,25888.839844,797.796875,3.0816,up,2026-06-15T15:45:00-04:00
2026-06-15T19:01:09.749415-05:00,2026-06-16T00:01:09.749415+00:00,^DJI,Dow Jones,Índice,51692.121094,51202.261719,489.859375,0.9567,up,2026-06-15T15:45:00-04:00
2026-06-15T19:01:09.749415-05:00,2026-06-16T00:01:09.749415+00:00,^VIX,VIX,Volatilidad,16.200001,17.68,-1.48,-8.371,down,2026-06-15T16:00:00-04:00
2026-06-15T19:01:09.749415-05:00,2026-06-16T00:01:09.749415+00:00,^TNX,US 10Y,Tasa,4.469,4.487,-0.018,-0.4012,down,2026-06-15T14:50:00-04:00
2026-06-15T19:01:09.749415-05:00,2026-06-16T00:01:09.749415+00:00,GC=F,Oro,Commodity,4338.399902,4215.0,123.399902,2.9276,up,2026-06-15T19:45:00-04:00
2026-06-15T19:01:09.749415-05:00,2026-06-16T00:01:09.749415+00:00,CL=F,WTI,Commodity,81.489998,84.879997,-3.389999,-3.9939,down,2026-06-15T19:45:00-04:00
2026-06-15T19:01:09.749415-05:00,2026-06-16T00:01:09.749415+00:00,HG=F,Cobre,Commodity,6.4815,6.4305,0.051,0.7931,up,2026-06-15T19:45:00-04:00
2026-06-15T19:01:09.749415-05:00,2026-06-16T00:01:09.749415+00:00,BTC-USD,Bitcoin,Crypto,66279.390625,65710.398438,568.992188,0.8659,up,2026-06-15T20:00:00-04:00
2026-06-16T12:20:09.110873-05:00,2026-06-16T17:20:09.110873+00:00,USDPEN=X,USD/PEN,FX,3.3717,3.331346,0.040354,1.2113,up,2026-06-16T13:15:00-04:00
2026-06-16T12:20:09.110873-05:00,2026-06-16T17:20:09.110873+00:00,EURUSD=X,EUR/USD,FX,1.161575,1.160308,0.001267,0.1092,up,2026-06-16T13:15:00-04:00
2026-06-16T12:20:09.110873-05:00,2026-06-16T17:20:09.110873+00:00,DX-Y.NYB,DXY,Dólar,99.516998,99.629997,-0.112999,-0.1134,down,2026-06-16T13:00:00-04:00
2026-06-16T12:20:09.110873-05:00,2026-06-16T17:20:09.110873+00:00,^GSPC,S&P 500,Índice,7531.870117,7554.290039,-22.419922,-0.2968,down,2026-06-16T13:15:00-04:00
2026-06-16T12:20:09.110873-05:00,2026-06-16T17:20:09.110873+00:00,^IXIC,Nasdaq,Índice,26536.738281,26683.939453,-147.201172,-0.5516,down,2026-06-16T13:15:00-04:00
2026-06-16T12:20:09.110873-05:00,2026-06-16T17:20:09.110873+00:00,^DJI,Dow Jones,Índice,52138.179688,51671.03125,467.148438,0.9041,up,2026-06-16T13:15:00-04:00
2026-06-16T12:20:09.110873-05:00,2026-06-16T17:20:09.110873+00:00,^VIX,VIX,Volatilidad,15.98,16.200001,-0.220001,-1.358,down,2026-06-16T13:00:00-04:00
2026-06-16T12:20:09.110873-05:00,2026-06-16T17:20:09.110873+00:00,^TNX,US 10Y,Tasa,4.426,4.487,-0.061,-1.3595,down,2026-06-16T13:05:00-04:00
2026-06-16T12:20:09.110873-05:00,2026-06-16T17:20:09.110873+00:00,GC=F,Oro,Commodity,4361.0,4328.0,33.0,0.7625,up,2026-06-16T13:00:00-04:00
2026-06-16T12:20:09.110873-05:00,2026-06-16T17:20:09.110873+00:00,CL=F,WTI,Commodity,75.150002,80.75,-5.599998,-6.935,down,2026-06-16T13:00:00-04:00
2026-06-16T12:20:09.110873-05:00,2026-06-16T17:20:09.110873+00:00,HG=F,Cobre,Commodity,6.494,6.4825,0.0115,0.1774,up,2026-06-16T13:00:00-04:00
2026-06-16T12:20:09.110873-05:00,2026-06-16T17:20:09.110873+00:00,BTC-USD,Bitcoin,Crypto,65731.03125,66289.5,-558.46875,-0.8425,down,2026-06-16T13:15:00-04:00
2026-06-16T16:18:37.337732-05:00,2026-06-16T21:18:37.337732+00:00,USDPEN=X,USD/PEN,FX,3.4094,3.331346,0.078054,2.343,up,2026-06-16T17:00:00-04:00
2026-06-16T16:18:37.337732-05:00,2026-06-16T21:18:37.337732+00:00,EURUSD=X,EUR/USD,FX,1.16117,1.160308,0.000862,0.0743,up,2026-06-16T17:15:00-04:00
2026-06-16T16:18:37.337732-05:00,2026-06-16T21:18:37.337732+00:00,DX-Y.NYB,DXY,Dólar,99.542999,99.629997,-0.086998,-0.0873,down,2026-06-16T17:00:00-04:00
2026-06-16T16:18:37.337732-05:00,2026-06-16T21:18:37.337732+00:00,^GSPC,S&P 500,Índice,7512.990234,7554.290039,-41.299805,-0.5467,down,2026-06-16T15:45:00-04:00
2026-06-16T16:18:37.337732-05:00,2026-06-16T21:18:37.337732+00:00,^IXIC,Nasdaq,Índice,26380.849609,26683.939453,-303.089844,-1.1359,down,2026-06-16T15:45:00-04:00
2026-06-16T16:18:37.337732-05:00,2026-06-16T21:18:37.337732+00:00,^DJI,Dow Jones,Índice,52013.589844,51671.03125,342.558594,0.663,up,2026-06-16T15:45:00-04:00
2026-06-16T16:18:37.337732-05:00,2026-06-16T21:18:37.337732+00:00,^VIX,VIX,Volatilidad,16.41,16.200001,0.209999,1.2963,up,2026-06-16T16:00:00-04:00
2026-06-16T16:18:37.337732-05:00,2026-06-16T21:18:37.337732+00:00,^TNX,US 10Y,Tasa,4.428,4.487,-0.059,-1.3149,down,2026-06-16T14:50:00-04:00
2026-06-16T16:18:37.337732-05:00,2026-06-16T21:18:37.337732+00:00,GC=F,Oro,Commodity,4353.0,4328.0,25.0,0.5776,up,2026-06-16T16:45:00-04:00
2026-06-16T16:18:37.337732-05:00,2026-06-16T21:18:37.337732+00:00,CL=F,WTI,Commodity,75.830002,80.75,-4.919998,-6.0929,down,2026-06-16T16:45:00-04:00
2026-06-16T16:18:37.337732-05:00,2026-06-16T21:18:37.337732+00:00,HG=F,Cobre,Commodity,6.481,6.4825,-0.0015,-0.0231,down,2026-06-16T16:45:00-04:00
2026-06-16T16:18:37.337732-05:00,2026-06-16T21:18:37.337732+00:00,BTC-USD,Bitcoin,Crypto,65674.53125,66289.5,-614.96875,-0.9277,down,2026-06-16T17:15:00-04:00
2026-06-16T18:46:26.820742-05:00,2026-06-16T23:46:26.820742+00:00,USDPEN=X,USD/PEN,FX,3.4069,3.332328,0.074572,2.2378,up,2026-06-16T19:30:00-04:00
2026-06-16T18:46:26.820742-05:00,2026-06-16T23:46:26.820742+00:00,EURUSD=X,EUR/USD,FX,1.161575,1.15942,0.002155,0.1859,up,2026-06-16T19:45:00-04:00
2026-06-16T18:46:26.820742-05:00,2026-06-16T23:46:26.820742+00:00,DX-Y.NYB,DXY,Dólar,99.519997,99.629997,-0.110001,-0.1104,down,2026-06-16T19:30:00-04:00
2026-06-16T18:46:26.820742-05:00,2026-06-16T23:46:26.820742+00:00,^GSPC,S&P 500,Índice,7512.990234,7554.290039,-41.299805,-0.5467,down,2026-06-16T15:45:00-04:00
2026-06-16T18:46:26.820742-05:00,2026-06-16T23:46:26.820742+00:00,^IXIC,Nasdaq,Índice,26380.849609,26683.939453,-303.089844,-1.1359,down,2026-06-16T15:45:00-04:00
2026-06-16T18:46:26.820742-05:00,2026-06-16T23:46:26.820742+00:00,^DJI,Dow Jones,Índice,52013.589844,51671.03125,342.558594,0.663,up,2026-06-16T15:45:00-04:00
2026-06-16T18:46:26.820742-05:00,2026-06-16T23:46:26.820742+00:00,^VIX,VIX,Volatilidad,16.41,16.200001,0.209999,1.2963,up,2026-06-16T16:00:00-04:00
2026-06-16T18:46:26.820742-05:00,2026-06-16T23:46:26.820742+00:00,^TNX,US 10Y,Tasa,4.428,4.487,-0.059,-1.3149,down,2026-06-16T14:50:00-04:00
2026-06-16T18:46:26.820742-05:00,2026-06-16T23:46:26.820742+00:00,GC=F,Oro,Commodity,4355.0,4328.0,27.0,0.6238,up,2026-06-16T19:30:00-04:00
2026-06-16T18:46:26.820742-05:00,2026-06-16T23:46:26.820742+00:00,CL=F,WTI,Commodity,75.800003,80.75,-4.949997,-6.13,down,2026-06-16T19:30:00-04:00
2026-06-16T18:46:26.820742-05:00,2026-06-16T23:46:26.820742+00:00,HG=F,Cobre,Commodity,6.4955,6.4825,0.013,0.2005,up,2026-06-16T19:30:00-04:00
2026-06-16T18:46:26.820742-05:00,2026-06-16T23:46:26.820742+00:00,BTC-USD,Bitcoin,Crypto,65646.09375,66289.5,-643.40625,-0.9706,down,2026-06-16T19:45:00-04:00
2026-06-17T11:01:42.376891-05:00,2026-06-17T16:01:42.376891+00:00,USDPEN=X,USD/PEN,FX,3.3776,3.332328,0.045272,1.3586,up,2026-06-17T12:00:00-04:00
2026-06-17T11:01:42.376891-05:00,2026-06-17T16:01:42.376891+00:00,EURUSD=X,EUR/USD,FX,1.159555,1.15942,0.000134,0.0116,up,2026-06-17T12:00:00-04:00
2026-06-17T11:01:42.376891-05:00,2026-06-17T16:01:42.376891+00:00,DX-Y.NYB,DXY,Dólar,99.684998,99.540001,0.144997,0.1457,up,2026-06-17T11:45:00-04:00
2026-06-17T11:01:42.376891-05:00,2026-06-17T16:01:42.376891+00:00,^GSPC,S&P 500,Índice,7518.330078,7511.350098,6.97998,0.0929,up,2026-06-17T12:00:00-04:00
2026-06-17T11:01:42.376891-05:00,2026-06-17T16:01:42.376891+00:00,^IXIC,Nasdaq,Índice,26391.822266,26376.339844,15.482422,0.0587,up,2026-06-17T12:00:00-04:00
2026-06-17T11:01:42.376891-05:00,2026-06-17T16:01:42.376891+00:00,^DJI,Dow Jones,Índice,52207.070312,51999.671875,207.398438,0.3988,up,2026-06-17T12:00:00-04:00
2026-06-17T11:01:42.376891-05:00,2026-06-17T16:01:42.376891+00:00,^VIX,VIX,Volatilidad,16.860001,16.41,0.450001,2.7422,up,2026-06-17T11:45:00-04:00
2026-06-17T11:01:42.376891-05:00,2026-06-17T16:01:42.376891+00:00,^TNX,US 10Y,Tasa,4.434,4.487,-0.053,-1.1812,down,2026-06-17T11:35:00-04:00
2026-06-17T11:01:42.376891-05:00,2026-06-17T16:01:42.376891+00:00,GC=F,Oro,Commodity,4378.5,4330.899902,47.600098,1.0991,up,2026-06-17T11:45:00-04:00
2026-06-17T11:01:42.376891-05:00,2026-06-17T16:01:42.376891+00:00,CL=F,WTI,Commodity,75.879997,76.050003,-0.170006,-0.2235,down,2026-06-17T11:45:00-04:00
2026-06-17T11:01:42.376891-05:00,2026-06-17T16:01:42.376891+00:00,HG=F,Cobre,Commodity,6.491,6.489,0.002,0.0308,up,2026-06-17T11:45:00-04:00
2026-06-17T11:01:42.376891-05:00,2026-06-17T16:01:42.376891+00:00,BTC-USD,Bitcoin,Crypto,65743.09375,65600.640625,142.453125,0.2172,up,2026-06-17T12:00:00-04:00
2026-06-17T13:32:17.732902-05:00,2026-06-17T18:32:17.732902+00:00,USDPEN=X,USD/PEN,FX,3.3745,3.332328,0.042172,1.2655,up,2026-06-17T14:30:00-04:00
2026-06-17T13:32:17.732902-05:00,2026-06-17T18:32:17.732902+00:00,EURUSD=X,EUR/USD,FX,1.155535,1.15942,-0.003885,-0.3351,down,2026-06-17T14:30:00-04:00
2026-06-17T13:32:17.732902-05:00,2026-06-17T18:32:17.732902+00:00,DX-Y.NYB,DXY,Dólar,99.967003,99.540001,0.427002,0.429,up,2026-06-17T14:15:00-04:00
2026-06-17T13:32:17.732902-05:00,2026-06-17T18:32:17.732902+00:00,^GSPC,S&P 500,Índice,7484.870117,7511.350098,-26.47998,-0.3525,down,2026-06-17T14:30:00-04:00
2026-06-17T13:32:17.732902-05:00,2026-06-17T18:32:17.732902+00:00,^IXIC,Nasdaq,Índice,26295.353516,26376.339844,-80.986328,-0.307,down,2026-06-17T14:30:00-04:00
2026-06-17T13:32:17.732902-05:00,2026-06-17T18:32:17.732902+00:00,^DJI,Dow Jones,Índice,51969.699219,51999.671875,-29.972656,-0.0576,down,2026-06-17T14:30:00-04:00
2026-06-17T13:32:17.732902-05:00,2026-06-17T18:32:17.732902+00:00,^VIX,VIX,Volatilidad,17.15,16.41,0.74,4.5094,up,2026-06-17T14:15:00-04:00
2026-06-17T13:32:17.732902-05:00,2026-06-17T18:32:17.732902+00:00,^TNX,US 10Y,Tasa,4.451,4.487,-0.036,-0.8023,down,2026-06-17T14:05:00-04:00
2026-06-17T13:32:17.732902-05:00,2026-06-17T18:32:17.732902+00:00,GC=F,Oro,Commodity,4322.399902,4330.899902,-8.5,-0.1963,down,2026-06-17T14:15:00-04:00
2026-06-17T13:32:17.732902-05:00,2026-06-17T18:32:17.732902+00:00,CL=F,WTI,Commodity,75.75,76.050003,-0.300003,-0.3945,down,2026-06-17T14:15:00-04:00
2026-06-17T13:32:17.732902-05:00,2026-06-17T18:32:17.732902+00:00,HG=F,Cobre,Commodity,6.431,6.489,-0.058,-0.8938,down,2026-06-17T14:15:00-04:00
2026-06-17T13:32:17.732902-05:00,2026-06-17T18:32:17.732902+00:00,BTC-USD,Bitcoin,Crypto,65547.25,65600.640625,-53.390625,-0.0814,down,2026-06-17T14:30:00-04:00
2026-06-17T16:20:32.461211-05:00,2026-06-17T21:20:32.461211+00:00,USDPEN=X,USD/PEN,FX,3.3765,3.404,-0.0275,-0.8079,down,2026-06-17T17:00:00-04:00
2026-06-17T16:20:32.461211-05:00,2026-06-17T21:20:32.461211+00:00,EURUSD=X,EUR/USD,FX,1.151013,1.15942,-0.008407,-0.7251,down,2026-06-17T17:15:00-04:00
2026-06-17T16:20:32.461211-05:00,2026-06-17T21:20:32.461211+00:00,DX-Y.NYB,DXY,Dólar,100.383003,99.540001,0.843002,0.8469,up,2026-06-17T17:00:00-04:00
2026-06-17T16:20:32.461211-05:00,2026-06-17T21:20:32.461211+00:00,^GSPC,S&P 500,Índice,7421.759766,7511.350098,-89.590332,-1.1927,down,2026-06-17T15:45:00-04:00
2026-06-17T16:20:32.461211-05:00,2026-06-17T21:20:32.461211+00:00,^IXIC,Nasdaq,Índice,26027.205078,26376.339844,-349.134766,-1.3237,down,2026-06-17T15:45:00-04:00
2026-06-17T16:20:32.461211-05:00,2026-06-17T21:20:32.461211+00:00,^DJI,Dow Jones,Índice,51500.980469,51999.671875,-498.691406,-0.959,down,2026-06-17T15:45:00-04:00
2026-06-17T16:20:32.461211-05:00,2026-06-17T21:20:32.461211+00:00,^VIX,VIX,Volatilidad,18.43,16.41,2.02,12.3096,up,2026-06-17T16:00:00-04:00
2026-06-17T16:20:32.461211-05:00,2026-06-17T21:20:32.461211+00:00,^TNX,US 10Y,Tasa,4.463,4.487,-0.024,-0.5349,down,2026-06-17T14:50:00-04:00
2026-06-17T16:20:32.461211-05:00,2026-06-17T21:20:32.461211+00:00,GC=F,Oro,Commodity,4276.299805,4330.899902,-54.600098,-1.2607,down,2026-06-17T16:45:00-04:00
2026-06-17T16:20:32.461211-05:00,2026-06-17T21:20:32.461211+00:00,CL=F,WTI,Commodity,75.010002,76.050003,-1.040001,-1.3675,down,2026-06-17T16:45:00-04:00
2026-06-17T16:20:32.461211-05:00,2026-06-17T21:20:32.461211+00:00,HG=F,Cobre,Commodity,6.363,6.489,-0.126,-1.9417,down,2026-06-17T16:45:00-04:00
2026-06-17T16:20:32.461211-05:00,2026-06-17T21:20:32.461211+00:00,BTC-USD,Bitcoin,Crypto,64293.421875,65600.640625,-1307.21875,-1.9927,down,2026-06-17T17:15:00-04:00
2026-06-17T18:49:54.878376-05:00,2026-06-17T23:49:54.878376+00:00,USDPEN=X,USD/PEN,FX,3.3767,3.404,-0.0273,-0.802,down,2026-06-17T19:30:00-04:00
2026-06-17T18:49:54.878376-05:00,2026-06-17T23:49:54.878376+00:00,EURUSD=X,EUR/USD,FX,1.151013,1.160995,-0.009982,-0.8598,down,2026-06-17T19:45:00-04:00
2026-06-17T18:49:54.878376-05:00,2026-06-17T23:49:54.878376+00:00,DX-Y.NYB,DXY,Dólar,100.337997,99.540001,0.797997,0.8017,up,2026-06-17T19:30:00-04:00
2026-06-17T18:49:54.878376-05:00,2026-06-17T23:49:54.878376+00:00,^GSPC,S&P 500,Índice,7421.759766,7511.350098,-89.590332,-1.1927,down,2026-06-17T15:45:00-04:00
2026-06-17T18:49:54.878376-05:00,2026-06-17T23:49:54.878376+00:00,^IXIC,Nasdaq,Índice,26027.205078,26376.339844,-349.134766,-1.3237,down,2026-06-17T15:45:00-04:00
2026-06-17T18:49:54.878376-05:00,2026-06-17T23:49:54.878376+00:00,^DJI,Dow Jones,Índice,51500.980469,51999.671875,-498.691406,-0.959,down,2026-06-17T15:45:00-04:00
2026-06-17T18:49:54.878376-05:00,2026-06-17T23:49:54.878376+00:00,^VIX,VIX,Volatilidad,18.43,16.41,2.02,12.3096,up,2026-06-17T16:00:00-04:00
2026-06-17T18:49:54.878376-05:00,2026-06-17T23:49:54.878376+00:00,^TNX,US 10Y,Tasa,4.463,4.487,-0.024,-0.5349,down,2026-06-17T14:50:00-04:00
2026-06-17T18:49:54.878376-05:00,2026-06-17T23:49:54.878376+00:00,GC=F,Oro,Commodity,4294.799805,4330.899902,-36.100098,-0.8335,down,2026-06-17T19:30:00-04:00
2026-06-17T18:49:54.878376-05:00,2026-06-17T23:49:54.878376+00:00,CL=F,WTI,Commodity,75.379997,76.050003,-0.670006,-0.881,down,2026-06-17T19:30:00-04:00
2026-06-17T18:49:54.878376-05:00,2026-06-17T23:49:54.878376+00:00,HG=F,Cobre,Commodity,6.3885,6.489,-0.1005,-1.5488,down,2026-06-17T19:30:00-04:00
2026-06-17T18:49:54.878376-05:00,2026-06-17T23:49:54.878376+00:00,BTC-USD,Bitcoin,Crypto,64409.808594,65600.640625,-1190.832031,-1.8153,down,2026-06-17T19:45:00-04:00
2026-06-18T10:51:19.733611-05:00,2026-06-18T15:51:19.733611+00:00,USDPEN=X,USD/PEN,FX,3.3825,3.404,-0.0215,-0.6316,down,2026-06-18T11:15:00-04:00
2026-06-18T10:51:19.733611-05:00,2026-06-18T15:51:19.733611+00:00,EURUSD=X,EUR/USD,FX,1.147974,1.160995,-0.013021,-1.1216,down,2026-06-18T11:45:00-04:00
2026-06-18T10:51:19.733611-05:00,2026-06-18T15:51:19.733611+00:00,DX-Y.NYB,DXY,Dólar,100.675003,100.089996,0.585007,0.5845,up,2026-06-18T11:30:00-04:00
2026-06-18T10:51:19.733611-05:00,2026-06-18T15:51:19.733611+00:00,^GSPC,S&P 500,Índice,7487.290039,7420.100098,67.189941,0.9055,up,2026-06-18T11:45:00-04:00
2026-06-18T10:51:19.733611-05:00,2026-06-18T15:51:19.733611+00:00,^IXIC,Nasdaq,Índice,26335.830078,26021.660156,314.169922,1.2073,up,2026-06-18T11:45:00-04:00
2026-06-18T10:51:19.733611-05:00,2026-06-18T15:51:19.733611+00:00,^DJI,Dow Jones,Índice,51664.121094,51492.550781,171.570312,0.3332,up,2026-06-18T11:45:00-04:00
2026-06-18T10:51:19.733611-05:00,2026-06-18T15:51:19.733611+00:00,^VIX,VIX,Volatilidad,17.15,18.440001,-1.290001,-6.9957,down,2026-06-18T11:30:00-04:00
2026-06-18T10:51:19.733611-05:00,2026-06-18T15:51:19.733611+00:00,^TNX,US 10Y,Tasa,4.438,4.487,-0.049,-1.092,down,2026-06-18T11:35:00-04:00
2026-06-18T10:51:19.733611-05:00,2026-06-18T15:51:19.733611+00:00,GC=F,Oro,Commodity,4252.899902,4358.899902,-106.0,-2.4318,down,2026-06-18T11:30:00-04:00
2026-06-18T10:51:19.733611-05:00,2026-06-18T15:51:19.733611+00:00,CL=F,WTI,Commodity,73.650002,76.790001,-3.139999,-4.0891,down,2026-06-18T11:30:00-04:00
2026-06-18T10:51:19.733611-05:00,2026-06-18T15:51:19.733611+00:00,HG=F,Cobre,Commodity,6.406,6.4815,-0.0755,-1.1649,down,2026-06-18T11:30:00-04:00
2026-06-18T10:51:19.733611-05:00,2026-06-18T15:51:19.733611+00:00,BTC-USD,Bitcoin,Crypto,62573.871094,65600.640625,-3026.769531,-4.6139,down,2026-06-18T11:45:00-04:00
2026-06-18T13:35:03.775051-05:00,2026-06-18T18:35:03.775051+00:00,USDPEN=X,USD/PEN,FX,3.3795,3.404,-0.0245,-0.7197,down,2026-06-18T14:30:00-04:00
2026-06-18T13:35:03.775051-05:00,2026-06-18T18:35:03.775051+00:00,EURUSD=X,EUR/USD,FX,1.146657,1.160995,-0.014338,-1.235,down,2026-06-18T14:30:00-04:00
2026-06-18T13:35:03.775051-05:00,2026-06-18T18:35:03.775051+00:00,DX-Y.NYB,DXY,Dólar,100.796997,100.089996,0.707001,0.7064,up,2026-06-18T14:15:00-04:00
2026-06-18T13:35:03.775051-05:00,2026-06-18T18:35:03.775051+00:00,^GSPC,S&P 500,Índice,7493.97998,7420.100098,73.879883,0.9957,up,2026-06-18T14:30:00-04:00
2026-06-18T13:35:03.775051-05:00,2026-06-18T18:35:03.775051+00:00,^IXIC,Nasdaq,Índice,26420.060547,26021.660156,398.400391,1.531,up,2026-06-18T14:30:00-04:00
2026-06-18T13:35:03.775051-05:00,2026-06-18T18:35:03.775051+00:00,^DJI,Dow Jones,Índice,51637.410156,51492.550781,144.859375,0.2813,up,2026-06-18T14:30:00-04:00
2026-06-18T13:35:03.775051-05:00,2026-06-18T18:35:03.775051+00:00,^VIX,VIX,Volatilidad,16.76,18.440001,-1.68,-9.1106,down,2026-06-18T14:15:00-04:00
2026-06-18T13:35:03.775051-05:00,2026-06-18T18:35:03.775051+00:00,^TNX,US 10Y,Tasa,4.438,4.487,-0.049,-1.092,down,2026-06-18T14:05:00-04:00
2026-06-18T13:35:03.775051-05:00,2026-06-18T18:35:03.775051+00:00,GC=F,Oro,Commodity,4246.899902,4358.899902,-112.0,-2.5695,down,2026-06-18T14:15:00-04:00
2026-06-18T13:35:03.775051-05:00,2026-06-18T18:35:03.775051+00:00,CL=F,WTI,Commodity,75.370003,76.790001,-1.419998,-1.8492,down,2026-06-18T14:15:00-04:00
2026-06-18T13:35:03.775051-05:00,2026-06-18T18:35:03.775051+00:00,HG=F,Cobre,Commodity,6.3925,6.4815,-0.089,-1.3731,down,2026-06-18T14:15:00-04:00
2026-06-18T13:35:03.775051-05:00,2026-06-18T18:35:03.775051+00:00,BTC-USD,Bitcoin,Crypto,62701.851562,64418.445312,-1716.59375,-2.6648,down,2026-06-18T14:30:00-04:00
2026-06-18T16:27:59.334134-05:00,2026-06-18T21:27:59.334134+00:00,USDPEN=X,USD/PEN,FX,3.3808,3.404,-0.0232,-0.6816,down,2026-06-18T17:15:00-04:00
2026-06-18T16:27:59.334134-05:00,2026-06-18T21:27:59.334134+00:00,EURUSD=X,EUR/USD,FX,1.146263,1.160995,-0.014732,-1.2689,down,2026-06-18T17:15:00-04:00
2026-06-18T16:27:59.334134-05:00,2026-06-18T21:27:59.334134+00:00,DX-Y.NYB,DXY,Dólar,100.808998,100.089996,0.719002,0.7184,up,2026-06-18T17:15:00-04:00
2026-06-18T16:27:59.334134-05:00,2026-06-18T21:27:59.334134+00:00,^GSPC,S&P 500,Índice,7497.859863,7420.100098,77.759766,1.048,up,2026-06-18T15:45:00-04:00
2026-06-18T16:27:59.334134-05:00,2026-06-18T21:27:59.334134+00:00,^IXIC,Nasdaq,Índice,26508.898438,26021.660156,487.238281,1.8724,up,2026-06-18T15:45:00-04:00
2026-06-18T16:27:59.334134-05:00,2026-06-18T21:27:59.334134+00:00,^DJI,Dow Jones,Índice,51558.921875,51492.550781,66.371094,0.1289,up,2026-06-18T15:45:00-04:00
2026-06-18T16:27:59.334134-05:00,2026-06-18T21:27:59.334134+00:00,^VIX,VIX,Volatilidad,16.4,18.440001,-2.040001,-11.0629,down,2026-06-18T16:00:00-04:00
2026-06-18T16:27:59.334134-05:00,2026-06-18T21:27:59.334134+00:00,^TNX,US 10Y,Tasa,4.451,4.487,-0.036,-0.8023,down,2026-06-18T14:50:00-04:00
2026-06-18T16:27:59.334134-05:00,2026-06-18T21:27:59.334134+00:00,GC=F,Oro,Commodity,4227.899902,4358.899902,-131.0,-3.0053,down,2026-06-18T16:45:00-04:00
2026-06-18T16:27:59.334134-05:00,2026-06-18T21:27:59.334134+00:00,CL=F,WTI,Commodity,75.519997,76.790001,-1.270004,-1.6539,down,2026-06-18T16:45:00-04:00
2026-06-18T16:27:59.334134-05:00,2026-06-18T21:27:59.334134+00:00,HG=F,Cobre,Commodity,6.3785,6.4815,-0.103,-1.5891,down,2026-06-18T16:45:00-04:00
2026-06-18T16:27:59.334134-05:00,2026-06-18T21:27:59.334134+00:00,BTC-USD,Bitcoin,Crypto,62871.941406,65600.640625,-2728.699219,-4.1596,down,2026-06-18T17:15:00-04:00
2026-06-18T18:59:35.313807-05:00,2026-06-18T23:59:35.313807+00:00,USDPEN=X,USD/PEN,FX,3.3817,3.344532,0.037168,1.1113,up,2026-06-18T19:15:00-04:00
2026-06-18T18:59:35.313807-05:00,2026-06-18T23:59:35.313807+00:00,EURUSD=X,EUR/USD,FX,1.146132,1.150735,-0.004603,-0.4,down,2026-06-18T19:45:00-04:00
2026-06-18T18:59:35.313807-05:00,2026-06-18T23:59:35.313807+00:00,DX-Y.NYB,DXY,Dólar,100.816002,100.089996,0.726006,0.7254,up,2026-06-18T19:45:00-04:00
2026-06-18T18:59:35.313807-05:00,2026-06-18T23:59:35.313807+00:00,^GSPC,S&P 500,Índice,7497.859863,7420.100098,77.759766,1.048,up,2026-06-18T15:45:00-04:00
2026-06-18T18:59:35.313807-05:00,2026-06-18T23:59:35.313807+00:00,^IXIC,Nasdaq,Índice,26508.898438,26021.660156,487.238281,1.8724,up,2026-06-18T15:45:00-04:00
2026-06-18T18:59:35.313807-05:00,2026-06-18T23:59:35.313807+00:00,^DJI,Dow Jones,Índice,51558.921875,51492.550781,66.371094,0.1289,up,2026-06-18T15:45:00-04:00
2026-06-18T18:59:35.313807-05:00,2026-06-18T23:59:35.313807+00:00,^VIX,VIX,Volatilidad,16.4,18.440001,-2.040001,-11.0629,down,2026-06-18T16:00:00-04:00
2026-06-18T18:59:35.313807-05:00,2026-06-18T23:59:35.313807+00:00,^TNX,US 10Y,Tasa,4.451,4.487,-0.036,-0.8023,down,2026-06-18T14:50:00-04:00
2026-06-18T18:59:35.313807-05:00,2026-06-18T23:59:35.313807+00:00,GC=F,Oro,Commodity,4207.399902,4358.899902,-151.5,-3.4756,down,2026-06-18T19:45:00-04:00
2026-06-18T18:59:35.313807-05:00,2026-06-18T23:59:35.313807+00:00,CL=F,WTI,Commodity,75.349998,76.790001,-1.440002,-1.8752,down,2026-06-18T19:45:00-04:00
2026-06-18T18:59:35.313807-05:00,2026-06-18T23:59:35.313807+00:00,HG=F,Cobre,Commodity,6.369,6.4815,-0.1125,-1.7357,down,2026-06-18T19:45:00-04:00
2026-06-18T18:59:35.313807-05:00,2026-06-18T23:59:35.313807+00:00,BTC-USD,Bitcoin,Crypto,62886.429688,65600.640625,-2714.210938,-4.1375,down,2026-06-18T19:45:00-04:00
2026-06-19T10:40:32.228898-05:00,2026-06-19T15:40:32.228898+00:00,USDPEN=X,USD/PEN,FX,3.3779,3.344532,0.033368,0.9977,up,2026-06-19T11:30:00-04:00
2026-06-19T10:40:32.228898-05:00,2026-06-19T15:40:32.228898+00:00,EURUSD=X,EUR/USD,FX,1.146657,1.150735,-0.004077,-0.3543,down,2026-06-19T11:30:00-04:00
2026-06-19T10:40:32.228898-05:00,2026-06-19T15:40:32.228898+00:00,DX-Y.NYB,DXY,Dólar,100.948997,100.849998,0.098999,0.0982,up,2026-06-18T23:45:00-04:00
2026-06-19T10:40:32.228898-05:00,2026-06-19T15:40:32.228898+00:00,^GSPC,S&P 500,Índice,7497.859863,7511.350098,-13.490234,-0.1796,down,2026-06-18T15:45:00-04:00
2026-06-19T10:40:32.228898-05:00,2026-06-19T15:40:32.228898+00:00,^IXIC,Nasdaq,Índice,26508.898438,26021.660156,487.238281,1.8724,up,2026-06-18T15:45:00-04:00
2026-06-19T10:40:32.228898-05:00,2026-06-19T15:40:32.228898+00:00,^DJI,Dow Jones,Índice,51558.921875,51492.550781,66.371094,0.1289,up,2026-06-18T15:45:00-04:00
2026-06-19T10:40:32.228898-05:00,2026-06-19T15:40:32.228898+00:00,^VIX,VIX,Volatilidad,16.780001,16.4,0.380001,2.3171,up,2026-06-19T11:15:00-04:00
2026-06-19T10:40:32.228898-05:00,2026-06-19T15:40:32.228898+00:00,^TNX,US 10Y,Tasa,4.451,4.463,-0.012,-0.2689,down,2026-06-18T14:50:00-04:00
2026-06-19T10:40:32.228898-05:00,2026-06-19T15:40:32.228898+00:00,GC=F,Oro,Commodity,4167.5,4224.100098,-56.600098,-1.3399,down,2026-06-18T23:45:00-04:00
2026-06-19T10:40:32.228898-05:00,2026-06-19T15:40:32.228898+00:00,CL=F,WTI,Commodity,75.260002,76.599998,-1.339996,-1.7493,down,2026-06-18T23:45:00-04:00
2026-06-19T10:40:32.228898-05:00,2026-06-19T15:40:32.228898+00:00,HG=F,Cobre,Commodity,6.304,6.3745,-0.0705,-1.106,down,2026-06-18T23:45:00-04:00
2026-06-19T10:40:32.228898-05:00,2026-06-19T15:40:32.228898+00:00,BTC-USD,Bitcoin,Crypto,63052.960938,62896.472656,156.488281,0.2488,up,2026-06-19T11:30:00-04:00
2026-06-19T13:06:20.982886-05:00,2026-06-19T18:06:20.982886+00:00,USDPEN=X,USD/PEN,FX,3.3808,3.344532,0.036268,1.0844,up,2026-06-19T14:00:00-04:00
2026-06-19T13:06:20.982886-05:00,2026-06-19T18:06:20.982886+00:00,EURUSD=X,EUR/USD,FX,1.147842,1.150735,-0.002893,-0.2514,down,2026-06-19T14:00:00-04:00
2026-06-19T13:06:20.982886-05:00,2026-06-19T18:06:20.982886+00:00,DX-Y.NYB,DXY,Dólar,100.948997,100.849998,0.098999,0.0982,up,2026-06-18T23:45:00-04:00
2026-06-19T13:06:20.982886-05:00,2026-06-19T18:06:20.982886+00:00,^GSPC,S&P 500,Índice,7497.859863,7420.100098,77.759766,1.048,up,2026-06-18T15:45:00-04:00
2026-06-19T13:06:20.982886-05:00,2026-06-19T18:06:20.982886+00:00,^IXIC,Nasdaq,Índice,26508.898438,26021.660156,487.238281,1.8724,up,2026-06-18T15:45:00-04:00
2026-06-19T13:06:20.982886-05:00,2026-06-19T18:06:20.982886+00:00,^DJI,Dow Jones,Índice,51558.921875,51492.550781,66.371094,0.1289,up,2026-06-18T15:45:00-04:00
2026-06-19T13:06:20.982886-05:00,2026-06-19T18:06:20.982886+00:00,^VIX,VIX,Volatilidad,16.780001,16.4,0.380001,2.3171,up,2026-06-19T11:30:00-04:00
2026-06-19T13:06:20.982886-05:00,2026-06-19T18:06:20.982886+00:00,^TNX,US 10Y,Tasa,4.451,4.463,-0.012,-0.2689,down,2026-06-18T14:50:00-04:00
2026-06-19T13:06:20.982886-05:00,2026-06-19T18:06:20.982886+00:00,GC=F,Oro,Commodity,4167.5,4224.100098,-56.600098,-1.3399,down,2026-06-18T23:45:00-04:00
2026-06-19T13:06:20.982886-05:00,2026-06-19T18:06:20.982886+00:00,CL=F,WTI,Commodity,75.260002,76.599998,-1.339996,-1.7493,down,2026-06-18T23:45:00-04:00
2026-06-19T13:06:20.982886-05:00,2026-06-19T18:06:20.982886+00:00,HG=F,Cobre,Commodity,6.304,6.3745,-0.0705,-1.106,down,2026-06-18T23:45:00-04:00
2026-06-19T13:06:20.982886-05:00,2026-06-19T18:06:20.982886+00:00,BTC-USD,Bitcoin,Crypto,63074.710938,62896.472656,178.238281,0.2834,up,2026-06-19T14:00:00-04:00
2026-06-19T15:02:11.329696-05:00,2026-06-19T20:02:11.329696+00:00,USDPEN=X,USD/PEN,FX,3.3804,3.344532,0.035868,1.0724,up,2026-06-19T15:45:00-04:00
2026-06-19T15:02:11.329696-05:00,2026-06-19T20:02:11.329696+00:00,EURUSD=X,EUR/USD,FX,1.147974,1.150735,-0.002761,-0.2399,down,2026-06-19T16:00:00-04:00
2026-06-19T15:02:11.329696-05:00,2026-06-19T20:02:11.329696+00:00,DX-Y.NYB,DXY,Dólar,100.948997,100.849998,0.098999,0.0982,up,2026-06-18T23:45:00-04:00
2026-06-19T15:02:11.329696-05:00,2026-06-19T20:02:11.329696+00:00,^GSPC,S&P 500,Índice,7497.859863,7420.100098,77.759766,1.048,up,2026-06-18T15:45:00-04:00
2026-06-19T15:02:11.329696-05:00,2026-06-19T20:02:11.329696+00:00,^IXIC,Nasdaq,Índice,26508.898438,26021.660156,487.238281,1.8724,up,2026-06-18T15:45:00-04:00
2026-06-19T15:02:11.329696-05:00,2026-06-19T20:02:11.329696+00:00,^DJI,Dow Jones,Índice,51558.921875,51492.550781,66.371094,0.1289,up,2026-06-18T15:45:00-04:00
2026-06-19T15:02:11.329696-05:00,2026-06-19T20:02:11.329696+00:00,^VIX,VIX,Volatilidad,16.780001,16.4,0.380001,2.3171,up,2026-06-19T11:30:00-04:00
2026-06-19T15:02:11.329696-05:00,2026-06-19T20:02:11.329696+00:00,^TNX,US 10Y,Tasa,4.451,4.463,-0.012,-0.2689,down,2026-06-18T14:50:00-04:00
2026-06-19T15:02:11.329696-05:00,2026-06-19T20:02:11.329696+00:00,GC=F,Oro,Commodity,4167.5,4224.100098,-56.600098,-1.3399,down,2026-06-18T23:45:00-04:00
2026-06-19T15:02:11.329696-05:00,2026-06-19T20:02:11.329696+00:00,CL=F,WTI,Commodity,75.260002,76.599998,-1.339996,-1.7493,down,2026-06-18T23:45:00-04:00
2026-06-19T15:02:11.329696-05:00,2026-06-19T20:02:11.329696+00:00,HG=F,Cobre,Commodity,6.304,6.3745,-0.0705,-1.106,down,2026-06-18T23:45:00-04:00
2026-06-19T15:02:11.329696-05:00,2026-06-19T20:02:11.329696+00:00,BTC-USD,Bitcoin,Crypto,63001.800781,62896.472656,105.328125,0.1675,up,2026-06-19T16:00:00-04:00
2026-06-19T16:21:00.363118-05:00,2026-06-19T21:21:00.363118+00:00,USDPEN=X,USD/PEN,FX,3.3807,3.344532,0.036168,1.0814,up,2026-06-19T17:15:00-04:00
2026-06-19T16:21:00.363118-05:00,2026-06-19T21:21:00.363118+00:00,EURUSD=X,EUR/USD,FX,1.14692,1.150735,-0.003814,-0.3315,down,2026-06-19T17:15:00-04:00
2026-06-19T16:21:00.363118-05:00,2026-06-19T21:21:00.363118+00:00,DX-Y.NYB,DXY,Dólar,100.948997,100.089996,0.859001,0.8582,up,2026-06-18T23:45:00-04:00
2026-06-19T16:21:00.363118-05:00,2026-06-19T21:21:00.363118+00:00,^GSPC,S&P 500,Índice,7497.859863,7511.350098,-13.490234,-0.1796,down,2026-06-18T15:45:00-04:00
2026-06-19T16:21:00.363118-05:00,2026-06-19T21:21:00.363118+00:00,^IXIC,Nasdaq,Índice,26508.898438,26376.339844,132.558594,0.5026,up,2026-06-18T15:45:00-04:00
2026-06-19T16:21:00.363118-05:00,2026-06-19T21:21:00.363118+00:00,^DJI,Dow Jones,Índice,51558.921875,51999.671875,-440.75,-0.8476,down,2026-06-18T15:45:00-04:00
2026-06-19T16:21:00.363118-05:00,2026-06-19T21:21:00.363118+00:00,^VIX,VIX,Volatilidad,16.780001,18.440001,-1.66,-9.0022,down,2026-06-19T11:30:00-04:00
2026-06-19T16:21:00.363118-05:00,2026-06-19T21:21:00.363118+00:00,^TNX,US 10Y,Tasa,4.451,4.463,-0.012,-0.2689,down,2026-06-18T14:50:00-04:00
2026-06-19T16:21:00.363118-05:00,2026-06-19T21:21:00.363118+00:00,GC=F,Oro,Commodity,4167.5,4224.100098,-56.600098,-1.3399,down,2026-06-18T23:45:00-04:00
2026-06-19T16:21:00.363118-05:00,2026-06-19T21:21:00.363118+00:00,CL=F,WTI,Commodity,75.260002,76.599998,-1.339996,-1.7493,down,2026-06-18T23:45:00-04:00
2026-06-19T16:21:00.363118-05:00,2026-06-19T21:21:00.363118+00:00,HG=F,Cobre,Commodity,6.304,6.3745,-0.0705,-1.106,down,2026-06-18T23:45:00-04:00
2026-06-19T16:21:00.363118-05:00,2026-06-19T21:21:00.363118+00:00,BTC-USD,Bitcoin,Crypto,63187.71875,64418.445312,-1230.726562,-1.9105,down,2026-06-19T17:15:00-04:00
2026-06-19T18:13:15.121546-05:00,2026-06-19T23:13:15.121546+00:00,USDPEN=X,USD/PEN,FX,3.3807,3.344532,0.036168,1.0814,up,2026-06-19T18:45:00-04:00
2026-06-19T18:13:15.121546-05:00,2026-06-19T23:13:15.121546+00:00,EURUSD=X,EUR/USD,FX,1.14692,1.150735,-0.003814,-0.3315,down,2026-06-19T17:15:00-04:00
2026-06-19T18:13:15.121546-05:00,2026-06-19T23:13:15.121546+00:00,DX-Y.NYB,DXY,Dólar,100.948997,100.089996,0.859001,0.8582,up,2026-06-18T23:45:00-04:00
2026-06-19T18:13:15.121546-05:00,2026-06-19T23:13:15.121546+00:00,^GSPC,S&P 500,Índice,7497.859863,7420.100098,77.759766,1.048,up,2026-06-18T15:45:00-04:00
2026-06-19T18:13:15.121546-05:00,2026-06-19T23:13:15.121546+00:00,^IXIC,Nasdaq,Índice,26508.898438,26021.660156,487.238281,1.8724,up,2026-06-18T15:45:00-04:00
2026-06-19T18:13:15.121546-05:00,2026-06-19T23:13:15.121546+00:00,^DJI,Dow Jones,Índice,51558.921875,51492.550781,66.371094,0.1289,up,2026-06-18T15:45:00-04:00
2026-06-19T18:13:15.121546-05:00,2026-06-19T23:13:15.121546+00:00,^VIX,VIX,Volatilidad,16.780001,16.4,0.380001,2.3171,up,2026-06-19T11:30:00-04:00
2026-06-19T18:13:15.121546-05:00,2026-06-19T23:13:15.121546+00:00,^TNX,US 10Y,Tasa,4.451,4.463,-0.012,-0.2689,down,2026-06-18T14:50:00-04:00
2026-06-19T18:13:15.121546-05:00,2026-06-19T23:13:15.121546+00:00,GC=F,Oro,Commodity,4167.5,4224.100098,-56.600098,-1.3399,down,2026-06-18T23:45:00-04:00
2026-06-19T18:13:15.121546-05:00,2026-06-19T23:13:15.121546+00:00,CL=F,WTI,Commodity,75.260002,76.599998,-1.339996,-1.7493,down,2026-06-18T23:45:00-04:00
2026-06-19T18:13:15.121546-05:00,2026-06-19T23:13:15.121546+00:00,HG=F,Cobre,Commodity,6.304,6.3745,-0.0705,-1.106,down,2026-06-18T23:45:00-04:00
2026-06-19T18:13:15.121546-05:00,2026-06-19T23:13:15.121546+00:00,BTC-USD,Bitcoin,Crypto,63228.191406,62896.472656,331.71875,0.5274,up,2026-06-19T19:00:00-04:00
2026-06-19T19:19:27.236078-05:00,2026-06-20T00:19:27.236078+00:00,USDPEN=X,USD/PEN,FX,3.3807,3.344532,0.036168,1.0814,up,2026-06-19T18:45:00-04:00
2026-06-19T19:19:27.236078-05:00,2026-06-20T00:19:27.236078+00:00,EURUSD=X,EUR/USD,FX,1.14692,1.150735,-0.003814,-0.3315,down,2026-06-19T17:15:00-04:00
2026-06-19T19:19:27.236078-05:00,2026-06-20T00:19:27.236078+00:00,DX-Y.NYB,DXY,Dólar,100.948997,100.849998,0.098999,0.0982,up,2026-06-18T23:45:00-04:00
2026-06-19T19:19:27.236078-05:00,2026-06-20T00:19:27.236078+00:00,^GSPC,S&P 500,Índice,7497.859863,7420.100098,77.759766,1.048,up,2026-06-18T15:45:00-04:00
2026-06-19T19:19:27.236078-05:00,2026-06-20T00:19:27.236078+00:00,^IXIC,Nasdaq,Índice,26508.898438,26021.660156,487.238281,1.8724,up,2026-06-18T15:45:00-04:00
2026-06-19T19:19:27.236078-05:00,2026-06-20T00:19:27.236078+00:00,^DJI,Dow Jones,Índice,51558.921875,51492.550781,66.371094,0.1289,up,2026-06-18T15:45:00-04:00
2026-06-19T19:19:27.236078-05:00,2026-06-20T00:19:27.236078+00:00,^VIX,VIX,Volatilidad,16.780001,16.4,0.380001,2.3171,up,2026-06-19T11:30:00-04:00
2026-06-19T19:19:27.236078-05:00,2026-06-20T00:19:27.236078+00:00,^TNX,US 10Y,Tasa,4.451,4.463,-0.012,-0.2689,down,2026-06-18T14:50:00-04:00
2026-06-19T19:19:27.236078-05:00,2026-06-20T00:19:27.236078+00:00,GC=F,Oro,Commodity,4167.5,4224.100098,-56.600098,-1.3399,down,2026-06-18T23:45:00-04:00
2026-06-19T19:19:27.236078-05:00,2026-06-20T00:19:27.236078+00:00,CL=F,WTI,Commodity,75.260002,76.599998,-1.339996,-1.7493,down,2026-06-18T23:45:00-04:00
2026-06-19T19:19:27.236078-05:00,2026-06-20T00:19:27.236078+00:00,HG=F,Cobre,Commodity,6.304,6.3745,-0.0705,-1.106,down,2026-06-18T23:45:00-04:00
2026-06-19T19:19:27.236078-05:00,2026-06-20T00:19:27.236078+00:00,BTC-USD,Bitcoin,Crypto,63440.269531,62896.472656,543.796875,0.8646,up,2026-06-19T20:15:00-04:00
2026-06-22T12:12:23.788499-05:00,2026-06-22T17:12:23.788499+00:00,USDPEN=X,USD/PEN,FX,3.3839,3.382,0.0019,0.0562,up,2026-06-22T13:00:00-04:00
2026-06-22T12:12:23.788499-05:00,2026-06-22T17:12:23.788499+00:00,EURUSD=X,EUR/USD,FX,1.14338,1.145856,-0.002476,-0.2161,down,2026-06-22T13:00:00-04:00
2026-06-22T12:12:23.788499-05:00,2026-06-22T17:12:23.788499+00:00,DX-Y.NYB,DXY,Dólar,101.000999,100.849998,0.151001,0.1497,up,2026-06-22T13:00:00-04:00
2026-06-22T12:12:23.788499-05:00,2026-06-22T17:12:23.788499+00:00,^GSPC,S&P 500,Índice,7473.339844,7500.580078,-27.240234,-0.3632,down,2026-06-22T13:00:00-04:00
2026-06-22T12:12:23.788499-05:00,2026-06-22T17:12:23.788499+00:00,^IXIC,Nasdaq,Índice,26182.886719,26517.929688,-335.042969,-1.2635,down,2026-06-22T13:00:00-04:00
2026-06-22T12:12:23.788499-05:00,2026-06-22T17:12:23.788499+00:00,^DJI,Dow Jones,Índice,51740.410156,51564.699219,175.710938,0.3408,up,2026-06-22T13:00:00-04:00
2026-06-22T12:12:23.788499-05:00,2026-06-22T17:12:23.788499+00:00,^VIX,VIX,Volatilidad,17.23,16.4,0.83,5.061,up,2026-06-22T12:45:00-04:00
2026-06-22T12:12:23.788499-05:00,2026-06-22T17:12:23.788499+00:00,^TNX,US 10Y,Tasa,4.507,4.451,0.056,1.2581,up,2026-06-22T12:50:00-04:00
2026-06-22T12:12:23.788499-05:00,2026-06-22T17:12:23.788499+00:00,GC=F,Oro,Commodity,4207.899902,4224.100098,-16.200195,-0.3835,down,2026-06-22T13:00:00-04:00
2026-06-22T12:12:23.788499-05:00,2026-06-22T17:12:23.788499+00:00,CL=F,WTI,Commodity,73.599998,76.599998,-3.0,-3.9164,down,2026-06-22T13:00:00-04:00
2026-06-22T12:12:23.788499-05:00,2026-06-22T17:12:23.788499+00:00,HG=F,Cobre,Commodity,6.364,6.3745,-0.0105,-0.1647,down,2026-06-22T13:00:00-04:00
2026-06-22T12:12:23.788499-05:00,2026-06-22T17:12:23.788499+00:00,BTC-USD,Bitcoin,Crypto,64612.410156,63237.539062,1374.871094,2.1741,up,2026-06-22T13:00:00-04:00
2026-06-22T15:14:42.609638-05:00,2026-06-22T20:14:42.609638+00:00,USDPEN=X,USD/PEN,FX,3.3832,3.382,0.0012,0.0355,up,2026-06-22T16:00:00-04:00
2026-06-22T15:14:42.609638-05:00,2026-06-22T20:14:42.609638+00:00,EURUSD=X,EUR/USD,FX,1.143118,1.145856,-0.002738,-0.2389,down,2026-06-22T16:00:00-04:00
2026-06-22T15:14:42.609638-05:00,2026-06-22T20:14:42.609638+00:00,DX-Y.NYB,DXY,Dólar,101.016998,100.849998,0.167,0.1656,up,2026-06-22T16:00:00-04:00
2026-06-22T15:14:42.609638-05:00,2026-06-22T20:14:42.609638+00:00,^GSPC,S&P 500,Índice,7475.459961,7500.580078,-25.120117,-0.3349,down,2026-06-22T15:45:00-04:00
2026-06-22T15:14:42.609638-05:00,2026-06-22T20:14:42.609638+00:00,^IXIC,Nasdaq,Índice,26174.712891,26517.929688,-343.216797,-1.2943,down,2026-06-22T15:45:00-04:00
2026-06-22T15:14:42.609638-05:00,2026-06-22T20:14:42.609638+00:00,^DJI,Dow Jones,Índice,51730.101562,51564.699219,165.402344,0.3208,up,2026-06-22T15:45:00-04:00
2026-06-22T15:14:42.609638-05:00,2026-06-22T20:14:42.609638+00:00,^VIX,VIX,Volatilidad,17.35,16.4,0.950001,5.7927,up,2026-06-22T15:45:00-04:00
2026-06-22T15:14:42.609638-05:00,2026-06-22T20:14:42.609638+00:00,^TNX,US 10Y,Tasa,4.509,4.451,0.058,1.3031,up,2026-06-22T14:50:00-04:00
2026-06-22T15:14:42.609638-05:00,2026-06-22T20:14:42.609638+00:00,GC=F,Oro,Commodity,4210.700195,4224.100098,-13.399902,-0.3172,down,2026-06-22T16:00:00-04:00
2026-06-22T15:14:42.609638-05:00,2026-06-22T20:14:42.609638+00:00,CL=F,WTI,Commodity,74.239998,76.599998,-2.360001,-3.0809,down,2026-06-22T16:00:00-04:00
2026-06-22T15:14:42.609638-05:00,2026-06-22T20:14:42.609638+00:00,HG=F,Cobre,Commodity,6.3655,6.3745,-0.009,-0.1412,down,2026-06-22T16:00:00-04:00
2026-06-22T15:14:42.609638-05:00,2026-06-22T20:14:42.609638+00:00,BTC-USD,Bitcoin,Crypto,64461.039062,63237.539062,1223.5,1.9348,up,2026-06-22T16:00:00-04:00
2026-06-22T17:16:12.257541-05:00,2026-06-22T22:16:12.257541+00:00,USDPEN=X,USD/PEN,FX,3.3832,3.382,0.0012,0.0355,up,2026-06-22T17:00:00-04:00
2026-06-22T17:16:12.257541-05:00,2026-06-22T22:16:12.257541+00:00,EURUSD=X,EUR/USD,FX,1.143249,1.145856,-0.002607,-0.2275,down,2026-06-22T18:15:00-04:00
2026-06-22T17:16:12.257541-05:00,2026-06-22T22:16:12.257541+00:00,DX-Y.NYB,DXY,Dólar,100.996002,100.849998,0.146004,0.1448,up,2026-06-22T18:00:00-04:00
2026-06-22T17:16:12.257541-05:00,2026-06-22T22:16:12.257541+00:00,^GSPC,S&P 500,Índice,7475.459961,7500.580078,-25.120117,-0.3349,down,2026-06-22T15:45:00-04:00
2026-06-22T17:16:12.257541-05:00,2026-06-22T22:16:12.257541+00:00,^IXIC,Nasdaq,Índice,26174.712891,26517.929688,-343.216797,-1.2943,down,2026-06-22T15:45:00-04:00
2026-06-22T17:16:12.257541-05:00,2026-06-22T22:16:12.257541+00:00,^DJI,Dow Jones,Índice,51730.101562,51564.699219,165.402344,0.3208,up,2026-06-22T15:45:00-04:00
2026-06-22T17:16:12.257541-05:00,2026-06-22T22:16:12.257541+00:00,^VIX,VIX,Volatilidad,17.280001,16.4,0.880001,5.3659,up,2026-06-22T16:00:00-04:00
2026-06-22T17:16:12.257541-05:00,2026-06-22T22:16:12.257541+00:00,^TNX,US 10Y,Tasa,4.509,4.451,0.058,1.3031,up,2026-06-22T14:50:00-04:00
2026-06-22T17:16:12.257541-05:00,2026-06-22T22:16:12.257541+00:00,GC=F,Oro,Commodity,4210.700195,4224.100098,-13.399902,-0.3172,down,2026-06-22T18:00:00-04:00
2026-06-22T17:16:12.257541-05:00,2026-06-22T22:16:12.257541+00:00,CL=F,WTI,Commodity,74.18,76.599998,-2.419998,-3.1593,down,2026-06-22T18:00:00-04:00
2026-06-22T17:16:12.257541-05:00,2026-06-22T22:16:12.257541+00:00,HG=F,Cobre,Commodity,6.3615,6.3745,-0.013,-0.2039,down,2026-06-22T18:00:00-04:00
2026-06-22T17:16:12.257541-05:00,2026-06-22T22:16:12.257541+00:00,BTC-USD,Bitcoin,Crypto,64237.988281,63237.539062,1000.449219,1.582,up,2026-06-22T18:15:00-04:00
2026-06-22T18:43:17.838627-05:00,2026-06-22T23:43:17.838627+00:00,USDPEN=X,USD/PEN,FX,3.384,3.311484,0.072516,2.1898,up,2026-06-22T19:30:00-04:00
2026-06-22T18:43:17.838627-05:00,2026-06-22T23:43:17.838627+00:00,EURUSD=X,EUR/USD,FX,1.142988,1.146276,-0.003289,-0.2869,down,2026-06-22T19:30:00-04:00
2026-06-22T18:43:17.838627-05:00,2026-06-22T23:43:17.838627+00:00,DX-Y.NYB,DXY,Dólar,100.996002,100.849998,0.146004,0.1448,up,2026-06-22T18:00:00-04:00
2026-06-22T18:43:17.838627-05:00,2026-06-22T23:43:17.838627+00:00,^GSPC,S&P 500,Índice,7475.459961,7500.580078,-25.120117,-0.3349,down,2026-06-22T15:45:00-04:00
2026-06-22T18:43:17.838627-05:00,2026-06-22T23:43:17.838627+00:00,^IXIC,Nasdaq,Índice,26174.712891,26517.929688,-343.216797,-1.2943,down,2026-06-22T15:45:00-04:00
2026-06-22T18:43:17.838627-05:00,2026-06-22T23:43:17.838627+00:00,^DJI,Dow Jones,Índice,51730.101562,51564.699219,165.402344,0.3208,up,2026-06-22T15:45:00-04:00
2026-06-22T18:43:17.838627-05:00,2026-06-22T23:43:17.838627+00:00,^VIX,VIX,Volatilidad,17.280001,16.4,0.880001,5.3659,up,2026-06-22T16:00:00-04:00
2026-06-22T18:43:17.838627-05:00,2026-06-22T23:43:17.838627+00:00,^TNX,US 10Y,Tasa,4.509,4.451,0.058,1.3031,up,2026-06-22T14:50:00-04:00
2026-06-22T18:43:17.838627-05:00,2026-06-22T23:43:17.838627+00:00,GC=F,Oro,Commodity,4209.899902,4224.100098,-14.200195,-0.3362,down,2026-06-22T19:30:00-04:00
2026-06-22T18:43:17.838627-05:00,2026-06-22T23:43:17.838627+00:00,CL=F,WTI,Commodity,74.18,76.599998,-2.419998,-3.1593,down,2026-06-22T19:30:00-04:00
2026-06-22T18:43:17.838627-05:00,2026-06-22T23:43:17.838627+00:00,HG=F,Cobre,Commodity,6.3545,6.3745,-0.02,-0.3137,down,2026-06-22T19:30:00-04:00
2026-06-22T18:43:17.838627-05:00,2026-06-22T23:43:17.838627+00:00,BTC-USD,Bitcoin,Crypto,63909.121094,63237.539062,671.582031,1.062,up,2026-06-22T19:30:00-04:00
2026-06-23T10:23:06.593389-05:00,2026-06-23T15:23:06.593389+00:00,USDPEN=X,USD/PEN,FX,3.4085,3.311484,0.097016,2.9297,up,2026-06-23T11:15:00-04:00
2026-06-23T10:23:06.593389-05:00,2026-06-23T15:23:06.593389+00:00,EURUSD=X,EUR/USD,FX,1.138433,1.146276,-0.007843,-0.6842,down,2026-06-23T11:15:00-04:00
2026-06-23T10:23:06.593389-05:00,2026-06-23T15:23:06.593389+00:00,DX-Y.NYB,DXY,Dólar,101.373001,101.019997,0.353004,0.3494,up,2026-06-23T11:00:00-04:00
2026-06-23T10:23:06.593389-05:00,2026-06-23T15:23:06.593389+00:00,^GSPC,S&P 500,Índice,7377.509766,7472.790039,-95.280273,-1.275,down,2026-06-23T11:15:00-04:00
2026-06-23T10:23:06.593389-05:00,2026-06-23T15:23:06.593389+00:00,^IXIC,Nasdaq,Índice,25665.615234,26166.599609,-500.984375,-1.9146,down,2026-06-23T11:15:00-04:00
2026-06-23T10:23:06.593389-05:00,2026-06-23T15:23:06.593389+00:00,^DJI,Dow Jones,Índice,51672.828125,51712.710938,-39.882812,-0.0771,down,2026-06-23T11:15:00-04:00
2026-06-23T10:23:06.593389-05:00,2026-06-23T15:23:06.593389+00:00,^VIX,VIX,Volatilidad,19.5,17.280001,2.219999,12.8472,up,2026-06-23T11:00:00-04:00
2026-06-23T10:23:06.593389-05:00,2026-06-23T15:23:06.593389+00:00,^TNX,US 10Y,Tasa,4.489,4.451,0.038,0.8537,up,2026-06-23T11:05:00-04:00
2026-06-23T10:23:06.593389-05:00,2026-06-23T15:23:06.593389+00:00,GC=F,Oro,Commodity,4143.0,4181.899902,-38.899902,-0.9302,down,2026-06-23T11:00:00-04:00
2026-06-23T10:23:06.593389-05:00,2026-06-23T15:23:06.593389+00:00,CL=F,WTI,Commodity,73.239998,74.82,-1.580002,-2.1117,down,2026-06-23T11:00:00-04:00
2026-06-23T10:23:06.593389-05:00,2026-06-23T15:23:06.593389+00:00,HG=F,Cobre,Commodity,6.1445,6.3565,-0.212,-3.3352,down,2026-06-23T11:00:00-04:00
2026-06-23T10:23:06.593389-05:00,2026-06-23T15:23:06.593389+00:00,BTC-USD,Bitcoin,Crypto,62171.410156,63952.105469,-1780.695312,-2.7844,down,2026-06-23T11:15:00-04:00
2026-06-23T13:13:08.897869-05:00,2026-06-23T18:13:08.897869+00:00,USDPEN=X,USD/PEN,FX,3.4037,3.311484,0.092216,2.7847,up,2026-06-23T14:00:00-04:00
2026-06-23T13:13:08.897869-05:00,2026-06-23T18:13:08.897869+00:00,EURUSD=X,EUR/USD,FX,1.138304,1.146276,-0.007972,-0.6955,down,2026-06-23T14:00:00-04:00
2026-06-23T13:13:08.897869-05:00,2026-06-23T18:13:08.897869+00:00,DX-Y.NYB,DXY,Dólar,101.400002,101.019997,0.380005,0.3762,up,2026-06-23T14:00:00-04:00
2026-06-23T13:13:08.897869-05:00,2026-06-23T18:13:08.897869+00:00,^GSPC,S&P 500,Índice,7386.069824,7472.790039,-86.720215,-1.1605,down,2026-06-23T14:00:00-04:00
2026-06-23T13:13:08.897869-05:00,2026-06-23T18:13:08.897869+00:00,^IXIC,Nasdaq,Índice,25704.066406,26166.599609,-462.533203,-1.7676,down,2026-06-23T14:00:00-04:00
2026-06-23T13:13:08.897869-05:00,2026-06-23T18:13:08.897869+00:00,^DJI,Dow Jones,Índice,51775.660156,51712.710938,62.949219,0.1217,up,2026-06-23T14:00:00-04:00
2026-06-23T13:13:08.897869-05:00,2026-06-23T18:13:08.897869+00:00,^VIX,VIX,Volatilidad,19.030001,17.280001,1.75,10.1273,up,2026-06-23T13:45:00-04:00
2026-06-23T13:13:08.897869-05:00,2026-06-23T18:13:08.897869+00:00,^TNX,US 10Y,Tasa,4.489,4.451,0.038,0.8537,up,2026-06-23T13:50:00-04:00
2026-06-23T13:13:08.897869-05:00,2026-06-23T18:13:08.897869+00:00,GC=F,Oro,Commodity,4146.799805,4181.899902,-35.100098,-0.8393,down,2026-06-23T14:00:00-04:00
2026-06-23T13:13:08.897869-05:00,2026-06-23T18:13:08.897869+00:00,CL=F,WTI,Commodity,73.099998,74.82,-1.720001,-2.2989,down,2026-06-23T14:00:00-04:00
2026-06-23T13:13:08.897869-05:00,2026-06-23T18:13:08.897869+00:00,HG=F,Cobre,Commodity,6.148,6.3565,-0.2085,-3.2801,down,2026-06-23T14:00:00-04:00
2026-06-23T13:13:08.897869-05:00,2026-06-23T18:13:08.897869+00:00,BTC-USD,Bitcoin,Crypto,62289.890625,63952.105469,-1662.214844,-2.5992,down,2026-06-23T14:00:00-04:00
2026-06-23T15:21:20.760286-05:00,2026-06-23T20:21:20.760286+00:00,USDPEN=X,USD/PEN,FX,3.3872,3.311484,0.075716,2.2865,up,2026-06-23T16:15:00-04:00
2026-06-23T15:21:20.760286-05:00,2026-06-23T20:21:20.760286+00:00,EURUSD=X,EUR/USD,FX,1.138304,1.146276,-0.007972,-0.6955,down,2026-06-23T16:15:00-04:00
2026-06-23T15:21:20.760286-05:00,2026-06-23T20:21:20.760286+00:00,DX-Y.NYB,DXY,Dólar,101.393997,101.019997,0.374001,0.3702,up,2026-06-23T16:00:00-04:00
2026-06-23T15:21:20.760286-05:00,2026-06-23T20:21:20.760286+00:00,^GSPC,S&P 500,Índice,7365.919922,7472.790039,-106.870117,-1.4301,down,2026-06-23T15:45:00-04:00
2026-06-23T15:21:20.760286-05:00,2026-06-23T20:21:20.760286+00:00,^IXIC,Nasdaq,Índice,25589.011719,26166.599609,-577.587891,-2.2073,down,2026-06-23T15:45:00-04:00
2026-06-23T15:21:20.760286-05:00,2026-06-23T20:21:20.760286+00:00,^DJI,Dow Jones,Índice,51668.910156,51712.710938,-43.800781,-0.0847,down,2026-06-23T15:45:00-04:00
2026-06-23T15:21:20.760286-05:00,2026-06-23T20:21:20.760286+00:00,^VIX,VIX,Volatilidad,19.549999,17.280001,2.269999,13.1366,up,2026-06-23T16:00:00-04:00
2026-06-23T15:21:20.760286-05:00,2026-06-23T20:21:20.760286+00:00,^TNX,US 10Y,Tasa,4.493,4.451,0.042,0.9436,up,2026-06-23T14:50:00-04:00
2026-06-23T15:21:20.760286-05:00,2026-06-23T20:21:20.760286+00:00,GC=F,Oro,Commodity,4130.700195,4181.899902,-51.199707,-1.2243,down,2026-06-23T16:00:00-04:00
2026-06-23T15:21:20.760286-05:00,2026-06-23T20:21:20.760286+00:00,CL=F,WTI,Commodity,73.440002,74.82,-1.379997,-1.8444,down,2026-06-23T16:00:00-04:00
2026-06-23T15:21:20.760286-05:00,2026-06-23T20:21:20.760286+00:00,HG=F,Cobre,Commodity,6.128,6.3565,-0.2285,-3.5948,down,2026-06-23T16:00:00-04:00
2026-06-23T15:21:20.760286-05:00,2026-06-23T20:21:20.760286+00:00,BTC-USD,Bitcoin,Crypto,62350.960938,63952.105469,-1601.144531,-2.5037,down,2026-06-23T16:15:00-04:00
2026-06-23T17:36:54.099842-05:00,2026-06-23T22:36:54.099842+00:00,USDPEN=X,USD/PEN,FX,3.3936,3.311484,0.082116,2.4797,up,2026-06-23T18:30:00-04:00
2026-06-23T17:36:54.099842-05:00,2026-06-23T22:36:54.099842+00:00,EURUSD=X,EUR/USD,FX,1.138304,1.146276,-0.007972,-0.6955,down,2026-06-23T18:30:00-04:00
2026-06-23T17:36:54.099842-05:00,2026-06-23T22:36:54.099842+00:00,DX-Y.NYB,DXY,Dólar,101.389999,101.019997,0.370003,0.3663,up,2026-06-23T18:00:00-04:00
2026-06-23T17:36:54.099842-05:00,2026-06-23T22:36:54.099842+00:00,^GSPC,S&P 500,Índice,7365.919922,7472.790039,-106.870117,-1.4301,down,2026-06-23T15:45:00-04:00
2026-06-23T17:36:54.099842-05:00,2026-06-23T22:36:54.099842+00:00,^IXIC,Nasdaq,Índice,25589.011719,26166.599609,-577.587891,-2.2073,down,2026-06-23T15:45:00-04:00
2026-06-23T17:36:54.099842-05:00,2026-06-23T22:36:54.099842+00:00,^DJI,Dow Jones,Índice,51668.910156,51712.710938,-43.800781,-0.0847,down,2026-06-23T15:45:00-04:00
2026-06-23T17:36:54.099842-05:00,2026-06-23T22:36:54.099842+00:00,^VIX,VIX,Volatilidad,19.48,17.280001,2.199999,12.7315,up,2026-06-23T16:00:00-04:00
2026-06-23T17:36:54.099842-05:00,2026-06-23T22:36:54.099842+00:00,^TNX,US 10Y,Tasa,4.493,4.451,0.042,0.9436,up,2026-06-23T14:50:00-04:00
2026-06-23T17:36:54.099842-05:00,2026-06-23T22:36:54.099842+00:00,GC=F,Oro,Commodity,4126.600098,4181.899902,-55.299805,-1.3224,down,2026-06-23T18:15:00-04:00
2026-06-23T17:36:54.099842-05:00,2026-06-23T22:36:54.099842+00:00,CL=F,WTI,Commodity,73.120003,74.82,-1.699997,-2.2721,down,2026-06-23T18:15:00-04:00
2026-06-23T17:36:54.099842-05:00,2026-06-23T22:36:54.099842+00:00,HG=F,Cobre,Commodity,6.1235,6.3565,-0.233,-3.6655,down,2026-06-23T18:15:00-04:00
2026-06-23T17:36:54.099842-05:00,2026-06-23T22:36:54.099842+00:00,BTC-USD,Bitcoin,Crypto,62474.890625,63952.105469,-1477.214844,-2.3099,down,2026-06-23T18:30:00-04:00
2026-06-23T19:10:07.179800-05:00,2026-06-24T00:10:07.179800+00:00,USDPEN=X,USD/PEN,FX,3.3877,3.379,0.0087,0.2575,up,2026-06-23T19:45:00-04:00
2026-06-23T19:10:07.179800-05:00,2026-06-24T00:10:07.179800+00:00,EURUSD=X,EUR/USD,FX,1.138433,1.142714,-0.00428,-0.3746,down,2026-06-23T20:00:00-04:00
2026-06-23T19:10:07.179800-05:00,2026-06-24T00:10:07.179800+00:00,DX-Y.NYB,DXY,Dólar,101.391998,101.019997,0.372002,0.3682,up,2026-06-23T20:00:00-04:00
2026-06-23T19:10:07.179800-05:00,2026-06-24T00:10:07.179800+00:00,^GSPC,S&P 500,Índice,7365.919922,7472.790039,-106.870117,-1.4301,down,2026-06-23T15:45:00-04:00
2026-06-23T19:10:07.179800-05:00,2026-06-24T00:10:07.179800+00:00,^IXIC,Nasdaq,Índice,25589.011719,26166.599609,-577.587891,-2.2073,down,2026-06-23T15:45:00-04:00
2026-06-23T19:10:07.179800-05:00,2026-06-24T00:10:07.179800+00:00,^DJI,Dow Jones,Índice,51668.910156,51712.710938,-43.800781,-0.0847,down,2026-06-23T15:45:00-04:00
2026-06-23T19:10:07.179800-05:00,2026-06-24T00:10:07.179800+00:00,^VIX,VIX,Volatilidad,19.48,17.280001,2.199999,12.7315,up,2026-06-23T16:00:00-04:00
2026-06-23T19:10:07.179800-05:00,2026-06-24T00:10:07.179800+00:00,^TNX,US 10Y,Tasa,4.493,4.451,0.042,0.9436,up,2026-06-23T14:50:00-04:00
2026-06-23T19:10:07.179800-05:00,2026-06-24T00:10:07.179800+00:00,GC=F,Oro,Commodity,4116.700195,4181.899902,-65.199707,-1.5591,down,2026-06-23T20:00:00-04:00
2026-06-23T19:10:07.179800-05:00,2026-06-24T00:10:07.179800+00:00,CL=F,WTI,Commodity,72.709999,74.82,-2.110001,-2.8201,down,2026-06-23T20:00:00-04:00
2026-06-23T19:10:07.179800-05:00,2026-06-24T00:10:07.179800+00:00,HG=F,Cobre,Commodity,6.139,6.3565,-0.2175,-3.4217,down,2026-06-23T20:00:00-04:00
2026-06-23T19:10:07.179800-05:00,2026-06-24T00:10:07.179800+00:00,BTC-USD,Bitcoin,Crypto,62769.371094,63952.105469,-1182.734375,-1.8494,down,2026-06-23T20:00:00-04:00
2026-06-24T10:05:44.692254-05:00,2026-06-24T15:05:44.692254+00:00,USDPEN=X,USD/PEN,FX,3.4248,3.379,0.0458,1.3554,up,2026-06-24T11:00:00-04:00
2026-06-24T10:05:44.692254-05:00,2026-06-24T15:05:44.692254+00:00,EURUSD=X,EUR/USD,FX,1.134945,1.142714,-0.007769,-0.6798,down,2026-06-24T11:00:00-04:00
2026-06-24T10:05:44.692254-05:00,2026-06-24T15:05:44.692254+00:00,DX-Y.NYB,DXY,Dólar,101.719002,101.410004,0.308998,0.3047,up,2026-06-24T10:45:00-04:00
2026-06-24T10:05:44.692254-05:00,2026-06-24T15:05:44.692254+00:00,^GSPC,S&P 500,Índice,7421.040039,7365.459961,55.580078,0.7546,up,2026-06-24T11:00:00-04:00
2026-06-24T10:05:44.692254-05:00,2026-06-24T15:05:44.692254+00:00,^IXIC,Nasdaq,Índice,25811.335938,25587.039062,224.296875,0.8766,up,2026-06-24T11:00:00-04:00
2026-06-24T10:05:44.692254-05:00,2026-06-24T15:05:44.692254+00:00,^DJI,Dow Jones,Índice,52084.390625,51666.839844,417.550781,0.8082,up,2026-06-24T11:00:00-04:00
2026-06-24T10:05:44.692254-05:00,2026-06-24T15:05:44.692254+00:00,^VIX,VIX,Volatilidad,18.24,19.49,-1.25,-6.4135,down,2026-06-24T10:45:00-04:00
2026-06-24T10:05:44.692254-05:00,2026-06-24T15:05:44.692254+00:00,^TNX,US 10Y,Tasa,4.408,4.451,-0.043,-0.9661,down,2026-06-24T10:50:00-04:00
2026-06-24T10:05:44.692254-05:00,2026-06-24T15:05:44.692254+00:00,GC=F,Oro,Commodity,4021.100098,4129.899902,-108.799805,-2.6344,down,2026-06-24T10:45:00-04:00
2026-06-24T10:05:44.692254-05:00,2026-06-24T15:05:44.692254+00:00,CL=F,WTI,Commodity,69.93,73.209999,-3.279999,-4.4803,down,2026-06-24T10:45:00-04:00
2026-06-24T10:05:44.692254-05:00,2026-06-24T15:05:44.692254+00:00,HG=F,Cobre,Commodity,5.9745,6.141,-0.1665,-2.7113,down,2026-06-24T10:45:00-04:00
2026-06-24T10:05:44.692254-05:00,2026-06-24T15:05:44.692254+00:00,BTC-USD,Bitcoin,Crypto,60874.0,62668.019531,-1794.019531,-2.8627,down,2026-06-24T11:00:00-04:00
2026-06-24T12:16:54.494001-05:00,2026-06-24T17:16:54.494001+00:00,USDPEN=X,USD/PEN,FX,3.4206,3.379,0.0416,1.2311,up,2026-06-24T13:15:00-04:00
2026-06-24T12:16:54.494001-05:00,2026-06-24T17:16:54.494001+00:00,EURUSD=X,EUR/USD,FX,1.135718,1.142714,-0.006995,-0.6122,down,2026-06-24T13:15:00-04:00
2026-06-24T12:16:54.494001-05:00,2026-06-24T17:16:54.494001+00:00,DX-Y.NYB,DXY,Dólar,101.581001,101.410004,0.170998,0.1686,up,2026-06-24T13:00:00-04:00
2026-06-24T12:16:54.494001-05:00,2026-06-24T17:16:54.494001+00:00,^GSPC,S&P 500,Índice,7368.370117,7365.459961,2.910156,0.0395,up,2026-06-24T13:15:00-04:00
2026-06-24T12:16:54.494001-05:00,2026-06-24T17:16:54.494001+00:00,^IXIC,Nasdaq,Índice,25550.617188,25587.039062,-36.421875,-0.1423,down,2026-06-24T13:15:00-04:00
2026-06-24T12:16:54.494001-05:00,2026-06-24T17:16:54.494001+00:00,^DJI,Dow Jones,Índice,51920.25,51666.839844,253.410156,0.4905,up,2026-06-24T13:15:00-04:00
2026-06-24T12:16:54.494001-05:00,2026-06-24T17:16:54.494001+00:00,^VIX,VIX,Volatilidad,18.93,19.49,-0.559999,-2.8733,down,2026-06-24T13:00:00-04:00
2026-06-24T12:16:54.494001-05:00,2026-06-24T17:16:54.494001+00:00,^TNX,US 10Y,Tasa,4.406,4.451,-0.045,-1.011,down,2026-06-24T12:50:00-04:00
2026-06-24T12:16:54.494001-05:00,2026-06-24T17:16:54.494001+00:00,GC=F,Oro,Commodity,4025.300049,4129.899902,-104.599854,-2.5327,down,2026-06-24T13:00:00-04:00
2026-06-24T12:16:54.494001-05:00,2026-06-24T17:16:54.494001+00:00,CL=F,WTI,Commodity,70.529999,73.209999,-2.68,-3.6607,down,2026-06-24T13:00:00-04:00
2026-06-24T12:16:54.494001-05:00,2026-06-24T17:16:54.494001+00:00,HG=F,Cobre,Commodity,5.948,6.141,-0.193,-3.1428,down,2026-06-24T13:00:00-04:00
2026-06-24T12:16:54.494001-05:00,2026-06-24T17:16:54.494001+00:00,BTC-USD,Bitcoin,Crypto,59635.878906,62668.019531,-3032.140625,-4.8384,down,2026-06-24T13:15:00-04:00
2026-06-24T14:01:09.824461-05:00,2026-06-24T19:01:09.824461+00:00,USDPEN=X,USD/PEN,FX,3.4194,3.379,0.0404,1.1956,up,2026-06-24T14:45:00-04:00
2026-06-24T14:01:09.824461-05:00,2026-06-24T19:01:09.824461+00:00,EURUSD=X,EUR/USD,FX,1.135976,1.142714,-0.006737,-0.5896,down,2026-06-24T15:00:00-04:00
2026-06-24T14:01:09.824461-05:00,2026-06-24T19:01:09.824461+00:00,DX-Y.NYB,DXY,Dólar,101.603996,101.410004,0.193993,0.1913,up,2026-06-24T14:45:00-04:00
2026-06-24T14:01:09.824461-05:00,2026-06-24T19:01:09.824461+00:00,^GSPC,S&P 500,Índice,7344.089844,7365.459961,-21.370117,-0.2901,down,2026-06-24T15:00:00-04:00
2026-06-24T14:01:09.824461-05:00,2026-06-24T19:01:09.824461+00:00,^IXIC,Nasdaq,Índice,25383.742188,25587.039062,-203.296875,-0.7945,down,2026-06-24T15:00:00-04:00
2026-06-24T14:01:09.824461-05:00,2026-06-24T19:01:09.824461+00:00,^DJI,Dow Jones,Índice,51878.421875,51666.839844,211.582031,0.4095,up,2026-06-24T15:00:00-04:00
2026-06-24T14:01:09.824461-05:00,2026-06-24T19:01:09.824461+00:00,^VIX,VIX,Volatilidad,19.5,19.49,0.01,0.0513,up,2026-06-24T14:45:00-04:00
2026-06-24T14:01:09.824461-05:00,2026-06-24T19:01:09.824461+00:00,^TNX,US 10Y,Tasa,4.402,4.451,-0.049,-1.1009,down,2026-06-24T14:35:00-04:00
2026-06-24T14:01:09.824461-05:00,2026-06-24T19:01:09.824461+00:00,GC=F,Oro,Commodity,3995.5,4129.899902,-134.399902,-3.2543,down,2026-06-24T14:45:00-04:00
2026-06-24T14:01:09.824461-05:00,2026-06-24T19:01:09.824461+00:00,CL=F,WTI,Commodity,70.0,73.209999,-3.209999,-4.3846,down,2026-06-24T14:45:00-04:00
2026-06-24T14:01:09.824461-05:00,2026-06-24T19:01:09.824461+00:00,HG=F,Cobre,Commodity,5.934,6.141,-0.207,-3.3708,down,2026-06-24T14:45:00-04:00
2026-06-24T14:01:09.824461-05:00,2026-06-24T19:01:09.824461+00:00,BTC-USD,Bitcoin,Crypto,59530.410156,62668.019531,-3137.609375,-5.0067,down,2026-06-24T15:00:00-04:00
2026-06-24T15:54:56.626478-05:00,2026-06-24T20:54:56.626478+00:00,USDPEN=X,USD/PEN,FX,3.4183,3.379,0.0393,1.1631,up,2026-06-24T16:45:00-04:00
2026-06-24T15:54:56.626478-05:00,2026-06-24T20:54:56.626478+00:00,EURUSD=X,EUR/USD,FX,1.136235,1.142714,-0.006479,-0.567,down,2026-06-24T16:45:00-04:00
2026-06-24T15:54:56.626478-05:00,2026-06-24T20:54:56.626478+00:00,DX-Y.NYB,DXY,Dólar,101.569,101.410004,0.158997,0.1568,up,2026-06-24T16:30:00-04:00
2026-06-24T15:54:56.626478-05:00,2026-06-24T20:54:56.626478+00:00,^GSPC,S&P 500,Índice,7359.899902,7365.459961,-5.560059,-0.0755,down,2026-06-24T15:45:00-04:00
2026-06-24T15:54:56.626478-05:00,2026-06-24T20:54:56.626478+00:00,^IXIC,Nasdaq,Índice,25484.753906,25587.039062,-102.285156,-0.3998,down,2026-06-24T15:45:00-04:00
2026-06-24T15:54:56.626478-05:00,2026-06-24T20:54:56.626478+00:00,^DJI,Dow Jones,Índice,51858.25,51666.839844,191.410156,0.3705,up,2026-06-24T15:45:00-04:00
2026-06-24T15:54:56.626478-05:00,2026-06-24T20:54:56.626478+00:00,^VIX,VIX,Volatilidad,18.65,19.49,-0.84,-4.3099,down,2026-06-24T16:00:00-04:00
2026-06-24T15:54:56.626478-05:00,2026-06-24T20:54:56.626478+00:00,^TNX,US 10Y,Tasa,4.402,4.451,-0.049,-1.1009,down,2026-06-24T14:50:00-04:00
2026-06-24T15:54:56.626478-05:00,2026-06-24T20:54:56.626478+00:00,GC=F,Oro,Commodity,4016.199951,4129.899902,-113.699951,-2.7531,down,2026-06-24T16:30:00-04:00
2026-06-24T15:54:56.626478-05:00,2026-06-24T20:54:56.626478+00:00,CL=F,WTI,Commodity,69.889999,73.209999,-3.32,-4.5349,down,2026-06-24T16:30:00-04:00
2026-06-24T15:54:56.626478-05:00,2026-06-24T20:54:56.626478+00:00,HG=F,Cobre,Commodity,5.9895,6.141,-0.1515,-2.467,down,2026-06-24T16:30:00-04:00
2026-06-24T15:54:56.626478-05:00,2026-06-24T20:54:56.626478+00:00,BTC-USD,Bitcoin,Crypto,60927.96875,62668.019531,-1740.050781,-2.7766,down,2026-06-24T16:45:00-04:00
2026-06-24T17:38:47.786489-05:00,2026-06-24T22:38:47.786489+00:00,USDPEN=X,USD/PEN,FX,3.4183,3.379,0.0393,1.1631,up,2026-06-24T18:30:00-04:00
2026-06-24T17:38:47.786489-05:00,2026-06-24T22:38:47.786489+00:00,EURUSD=X,EUR/USD,FX,1.135976,1.142714,-0.006737,-0.5896,down,2026-06-24T18:30:00-04:00
2026-06-24T17:38:47.786489-05:00,2026-06-24T22:38:47.786489+00:00,DX-Y.NYB,DXY,Dólar,101.584,101.410004,0.173996,0.1716,up,2026-06-24T18:00:00-04:00
2026-06-24T17:38:47.786489-05:00,2026-06-24T22:38:47.786489+00:00,^GSPC,S&P 500,Índice,7359.899902,7365.459961,-5.560059,-0.0755,down,2026-06-24T15:45:00-04:00
2026-06-24T17:38:47.786489-05:00,2026-06-24T22:38:47.786489+00:00,^IXIC,Nasdaq,Índice,25484.753906,25587.039062,-102.285156,-0.3998,down,2026-06-24T15:45:00-04:00
2026-06-24T17:38:47.786489-05:00,2026-06-24T22:38:47.786489+00:00,^DJI,Dow Jones,Índice,51858.25,51666.839844,191.410156,0.3705,up,2026-06-24T15:45:00-04:00
2026-06-24T17:38:47.786489-05:00,2026-06-24T22:38:47.786489+00:00,^VIX,VIX,Volatilidad,18.65,19.49,-0.84,-4.3099,down,2026-06-24T16:00:00-04:00
2026-06-24T17:38:47.786489-05:00,2026-06-24T22:38:47.786489+00:00,^TNX,US 10Y,Tasa,4.402,4.451,-0.049,-1.1009,down,2026-06-24T14:50:00-04:00
2026-06-24T17:38:47.786489-05:00,2026-06-24T22:38:47.786489+00:00,GC=F,Oro,Commodity,4017.699951,4129.899902,-112.199951,-2.7168,down,2026-06-24T18:15:00-04:00
2026-06-24T17:38:47.786489-05:00,2026-06-24T22:38:47.786489+00:00,CL=F,WTI,Commodity,69.830002,73.209999,-3.379997,-4.6169,down,2026-06-24T18:15:00-04:00
2026-06-24T17:38:47.786489-05:00,2026-06-24T22:38:47.786489+00:00,HG=F,Cobre,Commodity,5.9815,6.141,-0.1595,-2.5973,down,2026-06-24T18:15:00-04:00
2026-06-24T17:38:47.786489-05:00,2026-06-24T22:38:47.786489+00:00,BTC-USD,Bitcoin,Crypto,60766.0,62668.019531,-1902.019531,-3.0351,down,2026-06-24T18:30:00-04:00
2026-06-24T19:20:59.611285-05:00,2026-06-25T00:20:59.611285+00:00,USDPEN=X,USD/PEN,FX,3.4182,3.321352,0.096848,2.9159,up,2026-06-24T20:15:00-04:00
2026-06-24T19:20:59.611285-05:00,2026-06-25T00:20:59.611285+00:00,EURUSD=X,EUR/USD,FX,1.13546,1.137954,-0.002494,-0.2191,down,2026-06-24T20:15:00-04:00
2026-06-24T19:20:59.611285-05:00,2026-06-25T00:20:59.611285+00:00,DX-Y.NYB,DXY,Dólar,101.611,101.410004,0.200996,0.1982,up,2026-06-24T20:00:00-04:00
2026-06-24T19:20:59.611285-05:00,2026-06-25T00:20:59.611285+00:00,^GSPC,S&P 500,Índice,7359.899902,7365.459961,-5.560059,-0.0755,down,2026-06-24T15:45:00-04:00
2026-06-24T19:20:59.611285-05:00,2026-06-25T00:20:59.611285+00:00,^IXIC,Nasdaq,Índice,25484.753906,25587.039062,-102.285156,-0.3998,down,2026-06-24T15:45:00-04:00
2026-06-24T19:20:59.611285-05:00,2026-06-25T00:20:59.611285+00:00,^DJI,Dow Jones,Índice,51858.25,51666.839844,191.410156,0.3705,up,2026-06-24T15:45:00-04:00
2026-06-24T19:20:59.611285-05:00,2026-06-25T00:20:59.611285+00:00,^VIX,VIX,Volatilidad,18.65,19.49,-0.84,-4.3099,down,2026-06-24T16:00:00-04:00
2026-06-24T19:20:59.611285-05:00,2026-06-25T00:20:59.611285+00:00,^TNX,US 10Y,Tasa,4.402,4.451,-0.049,-1.1009,down,2026-06-24T14:50:00-04:00
2026-06-24T19:20:59.611285-05:00,2026-06-25T00:20:59.611285+00:00,GC=F,Oro,Commodity,4031.0,4129.899902,-98.899902,-2.3947,down,2026-06-24T20:00:00-04:00
2026-06-24T19:20:59.611285-05:00,2026-06-25T00:20:59.611285+00:00,CL=F,WTI,Commodity,70.040001,73.209999,-3.169998,-4.33,down,2026-06-24T20:00:00-04:00
2026-06-24T19:20:59.611285-05:00,2026-06-25T00:20:59.611285+00:00,HG=F,Cobre,Commodity,5.978,6.141,-0.163,-2.6543,down,2026-06-24T20:00:00-04:00
2026-06-24T19:20:59.611285-05:00,2026-06-25T00:20:59.611285+00:00,BTC-USD,Bitcoin,Crypto,60861.179688,62668.019531,-1806.839844,-2.8832,down,2026-06-24T20:15:00-04:00
2026-06-25T10:10:43.872113-05:00,2026-06-25T15:10:43.872113+00:00,USDPEN=X,USD/PEN,FX,3.4083,3.321352,0.086948,2.6178,up,2026-06-25T11:00:00-04:00
2026-06-25T10:10:43.872113-05:00,2026-06-25T15:10:43.872113+00:00,EURUSD=X,EUR/USD,FX,1.138174,1.137954,0.00022,0.0193,up,2026-06-25T11:00:00-04:00
2026-06-25T10:10:43.872113-05:00,2026-06-25T15:10:43.872113+00:00,DX-Y.NYB,DXY,Dólar,101.399002,101.610001,-0.210999,-0.2077,down,2026-06-25T11:00:00-04:00
2026-06-25T10:10:43.872113-05:00,2026-06-25T15:10:43.872113+00:00,^GSPC,S&P 500,Índice,7372.379883,7358.220215,14.159668,0.1924,up,2026-06-25T11:00:00-04:00
2026-06-25T10:10:43.872113-05:00,2026-06-25T15:10:43.872113+00:00,^IXIC,Nasdaq,Índice,25355.5,25476.640625,-121.140625,-0.4755,down,2026-06-25T11:00:00-04:00
2026-06-25T10:10:43.872113-05:00,2026-06-25T15:10:43.872113+00:00,^DJI,Dow Jones,Índice,52344.089844,51848.898438,495.191406,0.9551,up,2026-06-25T11:00:00-04:00
2026-06-25T10:10:43.872113-05:00,2026-06-25T15:10:43.872113+00:00,^VIX,VIX,Volatilidad,18.469999,18.629999,-0.16,-0.8588,down,2026-06-25T10:45:00-04:00
2026-06-25T10:10:43.872113-05:00,2026-06-25T15:10:43.872113+00:00,^TNX,US 10Y,Tasa,4.375,4.451,-0.076,-1.7075,down,2026-06-25T10:50:00-04:00
2026-06-25T10:10:43.872113-05:00,2026-06-25T15:10:43.872113+00:00,GC=F,Oro,Commodity,4026.699951,3990.300049,36.399902,0.9122,up,2026-06-25T11:00:00-04:00
2026-06-25T10:10:43.872113-05:00,2026-06-25T15:10:43.872113+00:00,CL=F,WTI,Commodity,70.839996,70.339996,0.5,0.7108,up,2026-06-25T11:00:00-04:00
2026-06-25T10:10:43.872113-05:00,2026-06-25T15:10:43.872113+00:00,HG=F,Cobre,Commodity,6.123,5.943,0.18,3.0288,up,2026-06-25T11:00:00-04:00
2026-06-25T10:10:43.872113-05:00,2026-06-25T15:10:43.872113+00:00,BTC-USD,Bitcoin,Crypto,59134.949219,60995.132812,-1860.183594,-3.0497,down,2026-06-25T11:00:00-04:00
2026-06-25T12:22:21.665506-05:00,2026-06-25T17:22:21.665506+00:00,USDPEN=X,USD/PEN,FX,3.4025,3.321352,0.081148,2.4432,up,2026-06-25T13:15:00-04:00
2026-06-25T12:22:21.665506-05:00,2026-06-25T17:22:21.665506+00:00,EURUSD=X,EUR/USD,FX,1.137656,1.137954,-0.000298,-0.0262,down,2026-06-25T13:15:00-04:00
2026-06-25T12:22:21.665506-05:00,2026-06-25T17:22:21.665506+00:00,DX-Y.NYB,DXY,Dólar,101.403,101.610001,-0.207001,-0.2037,down,2026-06-25T13:00:00-04:00
2026-06-25T12:22:21.665506-05:00,2026-06-25T17:22:21.665506+00:00,^GSPC,S&P 500,Índice,7355.419922,7358.220215,-2.800293,-0.0381,down,2026-06-25T13:15:00-04:00
2026-06-25T12:22:21.665506-05:00,2026-06-25T17:22:21.665506+00:00,^IXIC,Nasdaq,Índice,25339.435547,25476.640625,-137.205078,-0.5386,down,2026-06-25T13:15:00-04:00
2026-06-25T12:22:21.665506-05:00,2026-06-25T17:22:21.665506+00:00,^DJI,Dow Jones,Índice,52009.5,51848.898438,160.601562,0.3097,up,2026-06-25T13:15:00-04:00
2026-06-25T12:22:21.665506-05:00,2026-06-25T17:22:21.665506+00:00,^VIX,VIX,Volatilidad,19.23,18.629999,0.6,3.2206,up,2026-06-25T13:00:00-04:00
2026-06-25T12:22:21.665506-05:00,2026-06-25T17:22:21.665506+00:00,^TNX,US 10Y,Tasa,4.382,4.451,-0.069,-1.5502,down,2026-06-25T13:05:00-04:00
2026-06-25T12:22:21.665506-05:00,2026-06-25T17:22:21.665506+00:00,GC=F,Oro,Commodity,4045.199951,3990.300049,54.899902,1.3758,up,2026-06-25T13:00:00-04:00
2026-06-25T12:22:21.665506-05:00,2026-06-25T17:22:21.665506+00:00,CL=F,WTI,Commodity,71.410004,70.339996,1.070007,1.5212,up,2026-06-25T13:00:00-04:00
2026-06-25T12:22:21.665506-05:00,2026-06-25T17:22:21.665506+00:00,HG=F,Cobre,Commodity,6.138,5.943,0.195,3.2812,up,2026-06-25T13:00:00-04:00
2026-06-25T12:22:21.665506-05:00,2026-06-25T17:22:21.665506+00:00,BTC-USD,Bitcoin,Crypto,59393.199219,60995.132812,-1601.933594,-2.6263,down,2026-06-25T13:15:00-04:00
2026-06-25T15:21:04.399054-05:00,2026-06-25T20:21:04.399054+00:00,USDPEN=X,USD/PEN,FX,3.4192,3.321352,0.097848,2.946,up,2026-06-25T16:00:00-04:00
2026-06-25T15:21:04.399054-05:00,2026-06-25T20:21:04.399054+00:00,EURUSD=X,EUR/USD,FX,1.137527,1.137954,-0.000427,-0.0375,down,2026-06-25T16:15:00-04:00
2026-06-25T15:21:04.399054-05:00,2026-06-25T20:21:04.399054+00:00,DX-Y.NYB,DXY,Dólar,101.431,101.610001,-0.179001,-0.1762,down,2026-06-25T16:00:00-04:00
2026-06-25T15:21:04.399054-05:00,2026-06-25T20:21:04.399054+00:00,^GSPC,S&P 500,Índice,7357.169922,7358.220215,-1.050293,-0.0143,down,2026-06-25T15:45:00-04:00
2026-06-25T15:21:04.399054-05:00,2026-06-25T20:21:04.399054+00:00,^IXIC,Nasdaq,Índice,25356.566406,25476.640625,-120.074219,-0.4713,down,2026-06-25T15:45:00-04:00
2026-06-25T15:21:04.399054-05:00,2026-06-25T20:21:04.399054+00:00,^DJI,Dow Jones,Índice,51924.089844,51848.898438,75.191406,0.145,up,2026-06-25T15:45:00-04:00
2026-06-25T15:21:04.399054-05:00,2026-06-25T20:21:04.399054+00:00,^VIX,VIX,Volatilidad,18.870001,18.629999,0.240002,1.2883,up,2026-06-25T16:00:00-04:00
2026-06-25T15:21:04.399054-05:00,2026-06-25T20:21:04.399054+00:00,^TNX,US 10Y,Tasa,4.392,4.451,-0.059,-1.3256,down,2026-06-25T14:50:00-04:00
2026-06-25T15:21:04.399054-05:00,2026-06-25T20:21:04.399054+00:00,GC=F,Oro,Commodity,4043.699951,3990.300049,53.399902,1.3382,up,2026-06-25T16:00:00-04:00
2026-06-25T15:21:04.399054-05:00,2026-06-25T20:21:04.399054+00:00,CL=F,WTI,Commodity,72.099998,70.339996,1.760002,2.5021,up,2026-06-25T16:00:00-04:00
2026-06-25T15:21:04.399054-05:00,2026-06-25T20:21:04.399054+00:00,HG=F,Cobre,Commodity,6.1385,5.943,0.1955,3.2896,up,2026-06-25T16:00:00-04:00
2026-06-25T15:21:04.399054-05:00,2026-06-25T20:21:04.399054+00:00,BTC-USD,Bitcoin,Crypto,59511.96875,60995.132812,-1483.164062,-2.4316,down,2026-06-25T16:15:00-04:00
2026-06-25T17:44:33.176545-05:00,2026-06-25T22:44:33.176545+00:00,USDPEN=X,USD/PEN,FX,3.4193,3.321352,0.097948,2.949,up,2026-06-25T18:30:00-04:00
2026-06-25T17:44:33.176545-05:00,2026-06-25T22:44:33.176545+00:00,EURUSD=X,EUR/USD,FX,1.137268,1.137954,-0.000686,-0.0603,down,2026-06-25T18:30:00-04:00
2026-06-25T17:44:33.176545-05:00,2026-06-25T22:44:33.176545+00:00,DX-Y.NYB,DXY,Dólar,101.441002,101.610001,-0.168999,-0.1663,down,2026-06-25T18:00:00-04:00
2026-06-25T17:44:33.176545-05:00,2026-06-25T22:44:33.176545+00:00,^GSPC,S&P 500,Índice,7357.169922,7358.220215,-1.050293,-0.0143,down,2026-06-25T15:45:00-04:00
2026-06-25T17:44:33.176545-05:00,2026-06-25T22:44:33.176545+00:00,^IXIC,Nasdaq,Índice,25356.566406,25476.640625,-120.074219,-0.4713,down,2026-06-25T15:45:00-04:00
2026-06-25T17:44:33.176545-05:00,2026-06-25T22:44:33.176545+00:00,^DJI,Dow Jones,Índice,51924.089844,51848.898438,75.191406,0.145,up,2026-06-25T15:45:00-04:00
2026-06-25T17:44:33.176545-05:00,2026-06-25T22:44:33.176545+00:00,^VIX,VIX,Volatilidad,18.9,18.629999,0.27,1.4493,up,2026-06-25T16:00:00-04:00
2026-06-25T17:44:33.176545-05:00,2026-06-25T22:44:33.176545+00:00,^TNX,US 10Y,Tasa,4.392,4.451,-0.059,-1.3256,down,2026-06-25T14:50:00-04:00
2026-06-25T17:44:33.176545-05:00,2026-06-25T22:44:33.176545+00:00,GC=F,Oro,Commodity,4043.300049,3990.300049,53.0,1.3282,up,2026-06-25T18:30:00-04:00
2026-06-25T17:44:33.176545-05:00,2026-06-25T22:44:33.176545+00:00,CL=F,WTI,Commodity,71.43,70.339996,1.090004,1.5496,up,2026-06-25T18:30:00-04:00
2026-06-25T17:44:33.176545-05:00,2026-06-25T22:44:33.176545+00:00,HG=F,Cobre,Commodity,6.1185,5.943,0.1755,2.9531,up,2026-06-25T18:30:00-04:00
2026-06-25T17:44:33.176545-05:00,2026-06-25T22:44:33.176545+00:00,BTC-USD,Bitcoin,Crypto,59702.398438,60995.132812,-1292.734375,-2.1194,down,2026-06-25T18:30:00-04:00
2026-06-25T20:28:55.279434-05:00,2026-06-26T01:28:55.279434+00:00,USDPEN=X,USD/PEN,FX,3.4194,3.42,-0.0006,-0.0175,down,2026-06-25T21:15:00-04:00
2026-06-25T20:28:55.279434-05:00,2026-06-26T01:28:55.279434+00:00,EURUSD=X,EUR/USD,FX,1.13688,1.135422,0.001459,0.1285,up,2026-06-25T21:15:00-04:00
2026-06-25T20:28:55.279434-05:00,2026-06-26T01:28:55.279434+00:00,DX-Y.NYB,DXY,Dólar,101.462997,101.610001,-0.147003,-0.1447,down,2026-06-25T21:15:00-04:00
2026-06-25T20:28:55.279434-05:00,2026-06-26T01:28:55.279434+00:00,^GSPC,S&P 500,Índice,7357.169922,7358.220215,-1.050293,-0.0143,down,2026-06-25T15:45:00-04:00
2026-06-25T20:28:55.279434-05:00,2026-06-26T01:28:55.279434+00:00,^IXIC,Nasdaq,Índice,25356.566406,25476.640625,-120.074219,-0.4713,down,2026-06-25T15:45:00-04:00
2026-06-25T20:28:55.279434-05:00,2026-06-26T01:28:55.279434+00:00,^DJI,Dow Jones,Índice,51924.089844,51848.898438,75.191406,0.145,up,2026-06-25T15:45:00-04:00
2026-06-25T20:28:55.279434-05:00,2026-06-26T01:28:55.279434+00:00,^VIX,VIX,Volatilidad,18.9,18.629999,0.27,1.4493,up,2026-06-25T16:00:00-04:00
2026-06-25T20:28:55.279434-05:00,2026-06-26T01:28:55.279434+00:00,^TNX,US 10Y,Tasa,4.392,4.451,-0.059,-1.3256,down,2026-06-25T14:50:00-04:00
2026-06-25T20:28:55.279434-05:00,2026-06-26T01:28:55.279434+00:00,GC=F,Oro,Commodity,4039.5,3990.300049,49.199951,1.233,up,2026-06-25T21:15:00-04:00
2026-06-25T20:28:55.279434-05:00,2026-06-26T01:28:55.279434+00:00,CL=F,WTI,Commodity,71.5,70.339996,1.160004,1.6491,up,2026-06-25T21:15:00-04:00
2026-06-25T20:28:55.279434-05:00,2026-06-26T01:28:55.279434+00:00,HG=F,Cobre,Commodity,6.104,5.943,0.161,2.7091,up,2026-06-25T21:15:00-04:00
2026-06-25T20:28:55.279434-05:00,2026-06-26T01:28:55.279434+00:00,BTC-USD,Bitcoin,Crypto,59288.148438,60995.132812,-1706.984375,-2.7986,down,2026-06-25T21:15:00-04:00
2026-06-26T09:45:43.049669-05:00,2026-06-26T14:45:43.049669+00:00,USDPEN=X,USD/PEN,FX,3.406,3.42,-0.014,-0.4094,down,2026-06-26T10:30:00-04:00
2026-06-26T09:45:43.049669-05:00,2026-06-26T14:45:43.049669+00:00,EURUSD=X,EUR/USD,FX,1.141944,1.135422,0.006522,0.5744,up,2026-06-26T10:45:00-04:00
2026-06-26T09:45:43.049669-05:00,2026-06-26T14:45:43.049669+00:00,DX-Y.NYB,DXY,Dólar,101.130997,101.43,-0.299004,-0.2948,down,2026-06-26T10:30:00-04:00
2026-06-26T09:45:43.049669-05:00,2026-06-26T14:45:43.049669+00:00,^GSPC,S&P 500,Índice,7351.439941,7357.490234,-6.050293,-0.0822,down,2026-06-26T10:45:00-04:00
2026-06-26T09:45:43.049669-05:00,2026-06-26T14:45:43.049669+00:00,^IXIC,Nasdaq,Índice,25286.958984,25358.599609,-71.640625,-0.2825,down,2026-06-26T10:45:00-04:00
2026-06-26T09:45:43.049669-05:00,2026-06-26T14:45:43.049669+00:00,^DJI,Dow Jones,Índice,51898.828125,51920.621094,-21.792969,-0.042,down,2026-06-26T10:45:00-04:00
2026-06-26T09:45:43.049669-05:00,2026-06-26T14:45:43.049669+00:00,^VIX,VIX,Volatilidad,19.200001,18.889999,0.310001,1.6411,up,2026-06-26T10:30:00-04:00
2026-06-26T09:45:43.049669-05:00,2026-06-26T14:45:43.049669+00:00,^TNX,US 10Y,Tasa,4.382,4.451,-0.069,-1.5502,down,2026-06-26T10:20:00-04:00
2026-06-26T09:45:43.049669-05:00,2026-06-26T14:45:43.049669+00:00,GC=F,Oro,Commodity,4096.299805,4030.5,65.799805,1.6325,up,2026-06-26T10:30:00-04:00
2026-06-26T09:45:43.049669-05:00,2026-06-26T14:45:43.049669+00:00,CL=F,WTI,Commodity,69.150002,71.919998,-2.769997,-3.8515,down,2026-06-26T10:30:00-04:00
2026-06-26T09:45:43.049669-05:00,2026-06-26T14:45:43.049669+00:00,HG=F,Cobre,Commodity,6.2035,6.0705,0.133,2.1909,up,2026-06-26T10:30:00-04:00
2026-06-26T09:45:43.049669-05:00,2026-06-26T14:45:43.049669+00:00,BTC-USD,Bitcoin,Crypto,59499.679688,59721.675781,-221.996094,-0.3717,down,2026-06-26T10:45:00-04:00
2026-06-26T12:06:48.904466-05:00,2026-06-26T17:06:48.904466+00:00,USDPEN=X,USD/PEN,FX,3.4058,3.42,-0.0142,-0.4152,down,2026-06-26T12:30:00-04:00
2026-06-26T12:06:48.904466-05:00,2026-06-26T17:06:48.904466+00:00,EURUSD=X,EUR/USD,FX,1.139471,1.135422,0.00405,0.3567,up,2026-06-26T13:00:00-04:00
2026-06-26T12:06:48.904466-05:00,2026-06-26T17:06:48.904466+00:00,DX-Y.NYB,DXY,Dólar,101.321999,101.43,-0.108002,-0.1065,down,2026-06-26T12:45:00-04:00
2026-06-26T12:06:48.904466-05:00,2026-06-26T17:06:48.904466+00:00,^GSPC,S&P 500,Índice,7378.509766,7357.490234,21.019531,0.2857,up,2026-06-26T13:00:00-04:00
2026-06-26T12:06:48.904466-05:00,2026-06-26T17:06:48.904466+00:00,^IXIC,Nasdaq,Índice,25441.5625,25358.599609,82.962891,0.3272,up,2026-06-26T13:00:00-04:00
2026-06-26T12:06:48.904466-05:00,2026-06-26T17:06:48.904466+00:00,^DJI,Dow Jones,Índice,52026.671875,51920.621094,106.050781,0.2043,up,2026-06-26T13:00:00-04:00
2026-06-26T12:06:48.904466-05:00,2026-06-26T17:06:48.904466+00:00,^VIX,VIX,Volatilidad,18.879999,18.889999,-0.01,-0.0529,down,2026-06-26T12:45:00-04:00
2026-06-26T12:06:48.904466-05:00,2026-06-26T17:06:48.904466+00:00,^TNX,US 10Y,Tasa,4.375,4.451,-0.076,-1.7075,down,2026-06-26T12:50:00-04:00
2026-06-26T12:06:48.904466-05:00,2026-06-26T17:06:48.904466+00:00,GC=F,Oro,Commodity,4100.399902,4030.5,69.899902,1.7343,up,2026-06-26T12:45:00-04:00
2026-06-26T12:06:48.904466-05:00,2026-06-26T17:06:48.904466+00:00,CL=F,WTI,Commodity,69.260002,71.919998,-2.659996,-3.6985,down,2026-06-26T12:45:00-04:00
2026-06-26T12:06:48.904466-05:00,2026-06-26T17:06:48.904466+00:00,HG=F,Cobre,Commodity,6.2065,6.0705,0.136,2.2403,up,2026-06-26T12:45:00-04:00
2026-06-26T12:06:48.904466-05:00,2026-06-26T17:06:48.904466+00:00,BTC-USD,Bitcoin,Crypto,60037.890625,59721.675781,316.214844,0.5295,up,2026-06-26T13:00:00-04:00
2026-06-26T14:01:59.482257-05:00,2026-06-26T19:01:59.482257+00:00,USDPEN=X,USD/PEN,FX,3.4058,3.42,-0.0142,-0.4152,down,2026-06-26T14:30:00-04:00
2026-06-26T14:01:59.482257-05:00,2026-06-26T19:01:59.482257+00:00,EURUSD=X,EUR/USD,FX,1.138952,1.135422,0.00353,0.3109,up,2026-06-26T15:00:00-04:00
2026-06-26T14:01:59.482257-05:00,2026-06-26T19:01:59.482257+00:00,DX-Y.NYB,DXY,Dólar,101.338997,101.43,-0.091003,-0.0897,down,2026-06-26T14:45:00-04:00
2026-06-26T14:01:59.482257-05:00,2026-06-26T19:01:59.482257+00:00,^GSPC,S&P 500,Índice,7347.109863,7357.490234,-10.380371,-0.1411,down,2026-06-26T15:00:00-04:00
2026-06-26T14:01:59.482257-05:00,2026-06-26T19:01:59.482257+00:00,^IXIC,Nasdaq,Índice,25279.613281,25358.599609,-78.986328,-0.3115,down,2026-06-26T15:00:00-04:00
2026-06-26T14:01:59.482257-05:00,2026-06-26T19:01:59.482257+00:00,^DJI,Dow Jones,Índice,51863.488281,51920.621094,-57.132812,-0.11,down,2026-06-26T15:00:00-04:00
2026-06-26T14:01:59.482257-05:00,2026-06-26T19:01:59.482257+00:00,^VIX,VIX,Volatilidad,18.82,18.889999,-0.07,-0.3706,down,2026-06-26T14:45:00-04:00
2026-06-26T14:01:59.482257-05:00,2026-06-26T19:01:59.482257+00:00,^TNX,US 10Y,Tasa,4.372,4.451,-0.079,-1.7749,down,2026-06-26T14:35:00-04:00
2026-06-26T14:01:59.482257-05:00,2026-06-26T19:01:59.482257+00:00,GC=F,Oro,Commodity,4084.199951,4030.5,53.699951,1.3323,up,2026-06-26T14:45:00-04:00
2026-06-26T14:01:59.482257-05:00,2026-06-26T19:01:59.482257+00:00,CL=F,WTI,Commodity,69.18,71.919998,-2.739998,-3.8098,down,2026-06-26T14:45:00-04:00
2026-06-26T14:01:59.482257-05:00,2026-06-26T19:01:59.482257+00:00,HG=F,Cobre,Commodity,6.1825,6.0705,0.112,1.845,up,2026-06-26T14:45:00-04:00
2026-06-26T14:01:59.482257-05:00,2026-06-26T19:01:59.482257+00:00,BTC-USD,Bitcoin,Crypto,59582.53125,59721.675781,-139.144531,-0.233,down,2026-06-26T15:00:00-04:00
2026-06-26T15:53:58.639772-05:00,2026-06-26T20:53:58.639772+00:00,USDPEN=X,USD/PEN,FX,3.4058,3.42,-0.0142,-0.4152,down,2026-06-26T16:30:00-04:00
2026-06-26T15:53:58.639772-05:00,2026-06-26T20:53:58.639772+00:00,EURUSD=X,EUR/USD,FX,1.138693,1.135422,0.003271,0.2881,up,2026-06-26T16:45:00-04:00
2026-06-26T15:53:58.639772-05:00,2026-06-26T20:53:58.639772+00:00,DX-Y.NYB,DXY,Dólar,101.362,101.43,-0.068001,-0.067,down,2026-06-26T16:30:00-04:00
2026-06-26T15:53:58.639772-05:00,2026-06-26T20:53:58.639772+00:00,^GSPC,S&P 500,Índice,7337.810059,7357.490234,-19.680176,-0.2675,down,2026-06-26T15:45:00-04:00
2026-06-26T15:53:58.639772-05:00,2026-06-26T20:53:58.639772+00:00,^IXIC,Nasdaq,Índice,25206.568359,25358.599609,-152.03125,-0.5995,down,2026-06-26T15:45:00-04:00
2026-06-26T15:53:58.639772-05:00,2026-06-26T20:53:58.639772+00:00,^DJI,Dow Jones,Índice,51788.011719,51920.621094,-132.609375,-0.2554,down,2026-06-26T15:45:00-04:00
2026-06-26T15:53:58.639772-05:00,2026-06-26T20:53:58.639772+00:00,^VIX,VIX,Volatilidad,18.379999,18.889999,-0.51,-2.6998,down,2026-06-26T16:00:00-04:00
2026-06-26T15:53:58.639772-05:00,2026-06-26T20:53:58.639772+00:00,^TNX,US 10Y,Tasa,4.372,4.451,-0.079,-1.7749,down,2026-06-26T14:50:00-04:00
2026-06-26T15:53:58.639772-05:00,2026-06-26T20:53:58.639772+00:00,GC=F,Oro,Commodity,4084.600098,4030.5,54.100098,1.3423,up,2026-06-26T16:30:00-04:00
2026-06-26T15:53:58.639772-05:00,2026-06-26T20:53:58.639772+00:00,CL=F,WTI,Commodity,69.860001,71.919998,-2.059998,-2.8643,down,2026-06-26T16:30:00-04:00
2026-06-26T15:53:58.639772-05:00,2026-06-26T20:53:58.639772+00:00,HG=F,Cobre,Commodity,6.185,6.0705,0.1145,1.8862,up,2026-06-26T16:30:00-04:00
2026-06-26T15:53:58.639772-05:00,2026-06-26T20:53:58.639772+00:00,BTC-USD,Bitcoin,Crypto,59651.378906,59721.675781,-70.296875,-0.1177,down,2026-06-26T16:45:00-04:00
2026-06-26T17:22:19.778197-05:00,2026-06-26T22:22:19.778197+00:00,USDPEN=X,USD/PEN,FX,3.4058,3.42,-0.0142,-0.4152,down,2026-06-26T17:00:00-04:00
2026-06-26T17:22:19.778197-05:00,2026-06-26T22:22:19.778197+00:00,EURUSD=X,EUR/USD,FX,1.138952,1.135422,0.00353,0.3109,up,2026-06-26T17:15:00-04:00
2026-06-26T17:22:19.778197-05:00,2026-06-26T22:22:19.778197+00:00,DX-Y.NYB,DXY,Dólar,101.365997,101.43,-0.064003,-0.0631,down,2026-06-26T16:45:00-04:00
2026-06-26T17:22:19.778197-05:00,2026-06-26T22:22:19.778197+00:00,^GSPC,S&P 500,Índice,7337.810059,7357.490234,-19.680176,-0.2675,down,2026-06-26T15:45:00-04:00
2026-06-26T17:22:19.778197-05:00,2026-06-26T22:22:19.778197+00:00,^IXIC,Nasdaq,Índice,25206.568359,25358.599609,-152.03125,-0.5995,down,2026-06-26T15:45:00-04:00
2026-06-26T17:22:19.778197-05:00,2026-06-26T22:22:19.778197+00:00,^DJI,Dow Jones,Índice,51788.011719,51920.621094,-132.609375,-0.2554,down,2026-06-26T15:45:00-04:00
2026-06-26T17:22:19.778197-05:00,2026-06-26T22:22:19.778197+00:00,^VIX,VIX,Volatilidad,18.379999,18.889999,-0.51,-2.6998,down,2026-06-26T16:00:00-04:00
2026-06-26T17:22:19.778197-05:00,2026-06-26T22:22:19.778197+00:00,^TNX,US 10Y,Tasa,4.372,4.451,-0.079,-1.7749,down,2026-06-26T14:50:00-04:00
2026-06-26T17:22:19.778197-05:00,2026-06-26T22:22:19.778197+00:00,GC=F,Oro,Commodity,4103.0,4030.5,72.5,1.7988,up,2026-06-26T16:45:00-04:00
2026-06-26T17:22:19.778197-05:00,2026-06-26T22:22:19.778197+00:00,CL=F,WTI,Commodity,70.239998,71.919998,-1.68,-2.3359,down,2026-06-26T16:45:00-04:00
2026-06-26T17:22:19.778197-05:00,2026-06-26T22:22:19.778197+00:00,HG=F,Cobre,Commodity,6.1975,6.0705,0.127,2.0921,up,2026-06-26T16:45:00-04:00
2026-06-26T17:22:19.778197-05:00,2026-06-26T22:22:19.778197+00:00,BTC-USD,Bitcoin,Crypto,59827.320312,59721.675781,105.644531,0.1769,up,2026-06-26T18:15:00-04:00
2026-06-26T19:19:21.770918-05:00,2026-06-27T00:19:21.770918+00:00,USDPEN=X,USD/PEN,FX,3.4058,3.42,-0.0142,-0.4152,down,2026-06-26T17:00:00-04:00
2026-06-26T19:19:21.770918-05:00,2026-06-27T00:19:21.770918+00:00,EURUSD=X,EUR/USD,FX,1.138952,1.135422,0.00353,0.3109,up,2026-06-26T17:15:00-04:00
2026-06-26T19:19:21.770918-05:00,2026-06-27T00:19:21.770918+00:00,DX-Y.NYB,DXY,Dólar,101.365997,101.43,-0.064003,-0.0631,down,2026-06-26T16:45:00-04:00
2026-06-26T19:19:21.770918-05:00,2026-06-27T00:19:21.770918+00:00,^GSPC,S&P 500,Índice,7337.810059,7357.490234,-19.680176,-0.2675,down,2026-06-26T15:45:00-04:00
2026-06-26T19:19:21.770918-05:00,2026-06-27T00:19:21.770918+00:00,^IXIC,Nasdaq,Índice,25206.568359,25358.599609,-152.03125,-0.5995,down,2026-06-26T15:45:00-04:00
2026-06-26T19:19:21.770918-05:00,2026-06-27T00:19:21.770918+00:00,^DJI,Dow Jones,Índice,51788.011719,51920.621094,-132.609375,-0.2554,down,2026-06-26T15:45:00-04:00
2026-06-26T19:19:21.770918-05:00,2026-06-27T00:19:21.770918+00:00,^VIX,VIX,Volatilidad,18.379999,18.889999,-0.51,-2.6998,down,2026-06-26T16:00:00-04:00
2026-06-26T19:19:21.770918-05:00,2026-06-27T00:19:21.770918+00:00,^TNX,US 10Y,Tasa,4.372,4.451,-0.079,-1.7749,down,2026-06-26T14:50:00-04:00
2026-06-26T19:19:21.770918-05:00,2026-06-27T00:19:21.770918+00:00,GC=F,Oro,Commodity,4103.0,4030.5,72.5,1.7988,up,2026-06-26T16:45:00-04:00
2026-06-26T19:19:21.770918-05:00,2026-06-27T00:19:21.770918+00:00,CL=F,WTI,Commodity,70.239998,71.919998,-1.68,-2.3359,down,2026-06-26T16:45:00-04:00
2026-06-26T19:19:21.770918-05:00,2026-06-27T00:19:21.770918+00:00,HG=F,Cobre,Commodity,6.1975,6.0705,0.127,2.0921,up,2026-06-26T16:45:00-04:00
2026-06-26T19:19:21.770918-05:00,2026-06-27T00:19:21.770918+00:00,BTC-USD,Bitcoin,Crypto,60016.25,59721.675781,294.574219,0.4932,up,2026-06-26T20:15:00-04:00
2026-06-29T11:08:34.932158-05:00,2026-06-29T16:08:34.932158+00:00,USDPEN=X,USD/PEN,FX,3.4058,3.42,-0.0142,-0.4152,down,2026-06-29T11:15:00-04:00
2026-06-29T11:08:34.932158-05:00,2026-06-29T16:08:34.932158+00:00,EURUSD=X,EUR/USD,FX,1.142988,1.13617,0.006818,0.6001,up,2026-06-29T12:00:00-04:00
2026-06-29T11:08:34.932158-05:00,2026-06-29T16:08:34.932158+00:00,DX-Y.NYB,DXY,Dólar,101.136002,101.360001,-0.223999,-0.221,down,2026-06-29T11:45:00-04:00
2026-06-29T11:08:34.932158-05:00,2026-06-29T16:08:34.932158+00:00,^GSPC,S&P 500,Índice,7417.22998,7354.02002,63.209961,0.8595,up,2026-06-29T12:00:00-04:00
2026-06-29T11:08:34.932158-05:00,2026-06-29T16:08:34.932158+00:00,^IXIC,Nasdaq,Índice,25658.837891,25297.619141,361.21875,1.4279,up,2026-06-29T12:00:00-04:00
2026-06-29T11:08:34.932158-05:00,2026-06-29T16:08:34.932158+00:00,^DJI,Dow Jones,Índice,52154.839844,51876.109375,278.730469,0.5373,up,2026-06-29T12:00:00-04:00
2026-06-29T11:08:34.932158-05:00,2026-06-29T16:08:34.932158+00:00,^VIX,VIX,Volatilidad,17.950001,18.41,-0.459999,-2.4986,down,2026-06-29T11:45:00-04:00
2026-06-29T11:08:34.932158-05:00,2026-06-29T16:08:34.932158+00:00,^TNX,US 10Y,Tasa,4.376,4.372,0.004,0.0915,up,2026-06-29T11:50:00-04:00
2026-06-29T11:08:34.932158-05:00,2026-06-29T16:08:34.932158+00:00,GC=F,Oro,Commodity,4042.0,4078.699951,-36.699951,-0.8998,down,2026-06-29T11:45:00-04:00
2026-06-29T11:08:34.932158-05:00,2026-06-29T16:08:34.932158+00:00,CL=F,WTI,Commodity,70.57,69.230003,1.339996,1.9356,up,2026-06-29T11:45:00-04:00
2026-06-29T11:08:34.932158-05:00,2026-06-29T16:08:34.932158+00:00,HG=F,Cobre,Commodity,6.163,6.1415,0.0215,0.3501,up,2026-06-29T11:45:00-04:00
2026-06-29T11:08:34.932158-05:00,2026-06-29T16:08:34.932158+00:00,BTC-USD,Bitcoin,Crypto,59754.601562,59532.339844,222.261719,0.3733,up,2026-06-29T12:00:00-04:00
2026-06-29T13:21:26.830923-05:00,2026-06-29T18:21:26.830923+00:00,USDPEN=X,USD/PEN,FX,3.4058,3.42,-0.0142,-0.4152,down,2026-06-29T11:15:00-04:00
2026-06-29T13:21:26.830923-05:00,2026-06-29T18:21:26.830923+00:00,EURUSD=X,EUR/USD,FX,1.143118,1.13617,0.006948,0.6116,up,2026-06-29T14:15:00-04:00
2026-06-29T13:21:26.830923-05:00,2026-06-29T18:21:26.830923+00:00,DX-Y.NYB,DXY,Dólar,101.082001,101.360001,-0.278,-0.2743,down,2026-06-29T14:00:00-04:00
2026-06-29T13:21:26.830923-05:00,2026-06-29T18:21:26.830923+00:00,^GSPC,S&P 500,Índice,7432.589844,7354.02002,78.569824,1.0684,up,2026-06-29T14:15:00-04:00
2026-06-29T13:21:26.830923-05:00,2026-06-29T18:21:26.830923+00:00,^IXIC,Nasdaq,Índice,25754.300781,25297.619141,456.681641,1.8052,up,2026-06-29T14:15:00-04:00
2026-06-29T13:21:26.830923-05:00,2026-06-29T18:21:26.830923+00:00,^DJI,Dow Jones,Índice,52235.039062,51876.109375,358.929688,0.6919,up,2026-06-29T14:15:00-04:00
2026-06-29T13:21:26.830923-05:00,2026-06-29T18:21:26.830923+00:00,^VIX,VIX,Volatilidad,17.66,18.41,-0.75,-4.0739,down,2026-06-29T14:00:00-04:00
2026-06-29T13:21:26.830923-05:00,2026-06-29T18:21:26.830923+00:00,^TNX,US 10Y,Tasa,4.376,4.372,0.004,0.0915,up,2026-06-29T14:05:00-04:00
2026-06-29T13:21:26.830923-05:00,2026-06-29T18:21:26.830923+00:00,GC=F,Oro,Commodity,4038.0,4078.699951,-40.699951,-0.9979,down,2026-06-29T14:00:00-04:00
2026-06-29T13:21:26.830923-05:00,2026-06-29T18:21:26.830923+00:00,CL=F,WTI,Commodity,70.93,69.230003,1.699997,2.4556,up,2026-06-29T14:00:00-04:00
2026-06-29T13:21:26.830923-05:00,2026-06-29T18:21:26.830923+00:00,HG=F,Cobre,Commodity,6.177,6.1415,0.0355,0.578,up,2026-06-29T14:00:00-04:00
2026-06-29T13:21:26.830923-05:00,2026-06-29T18:21:26.830923+00:00,BTC-USD,Bitcoin,Crypto,60357.828125,59532.339844,825.488281,1.3866,up,2026-06-29T14:15:00-04:00
2026-06-29T15:56:07.313918-05:00,2026-06-29T20:56:07.313918+00:00,USDPEN=X,USD/PEN,FX,3.41,3.42,-0.01,-0.2924,down,2026-06-29T16:15:00-04:00
2026-06-29T15:56:07.313918-05:00,2026-06-29T20:56:07.313918+00:00,EURUSD=X,EUR/USD,FX,1.142727,1.13617,0.006557,0.5771,up,2026-06-29T16:45:00-04:00
2026-06-29T15:56:07.313918-05:00,2026-06-29T20:56:07.313918+00:00,DX-Y.NYB,DXY,Dólar,101.115997,101.360001,-0.244003,-0.2407,down,2026-06-29T16:45:00-04:00
2026-06-29T15:56:07.313918-05:00,2026-06-29T20:56:07.313918+00:00,^GSPC,S&P 500,Índice,7439.259766,7354.02002,85.239746,1.1591,up,2026-06-29T15:45:00-04:00
2026-06-29T15:56:07.313918-05:00,2026-06-29T20:56:07.313918+00:00,^IXIC,Nasdaq,Índice,25815.138672,25297.619141,517.519531,2.0457,up,2026-06-29T15:45:00-04:00
2026-06-29T15:56:07.313918-05:00,2026-06-29T20:56:07.313918+00:00,^DJI,Dow Jones,Índice,52172.039062,51876.109375,295.929688,0.5705,up,2026-06-29T15:45:00-04:00
2026-06-29T15:56:07.313918-05:00,2026-06-29T20:56:07.313918+00:00,^VIX,VIX,Volatilidad,17.65,18.41,-0.76,-4.1282,down,2026-06-29T16:00:00-04:00
2026-06-29T15:56:07.313918-05:00,2026-06-29T20:56:07.313918+00:00,^TNX,US 10Y,Tasa,4.374,4.372,0.002,0.0457,up,2026-06-29T14:50:00-04:00
2026-06-29T15:56:07.313918-05:00,2026-06-29T20:56:07.313918+00:00,GC=F,Oro,Commodity,4030.300049,4078.699951,-48.399902,-1.1867,down,2026-06-29T16:45:00-04:00
2026-06-29T15:56:07.313918-05:00,2026-06-29T20:56:07.313918+00:00,CL=F,WTI,Commodity,70.470001,69.230003,1.239998,1.7911,up,2026-06-29T16:45:00-04:00
2026-06-29T15:56:07.313918-05:00,2026-06-29T20:56:07.313918+00:00,HG=F,Cobre,Commodity,6.173,6.1415,0.0315,0.5129,up,2026-06-29T16:45:00-04:00
2026-06-29T15:56:07.313918-05:00,2026-06-29T20:56:07.313918+00:00,BTC-USD,Bitcoin,Crypto,60211.480469,59532.339844,679.140625,1.1408,up,2026-06-29T16:45:00-04:00
2026-06-29T17:19:33.717665-05:00,2026-06-29T22:19:33.717665+00:00,USDPEN=X,USD/PEN,FX,3.4058,3.42,-0.0142,-0.4152,down,2026-06-29T17:15:00-04:00
2026-06-29T17:19:33.717665-05:00,2026-06-29T22:19:33.717665+00:00,EURUSD=X,EUR/USD,FX,1.142857,1.13617,0.006687,0.5886,up,2026-06-29T18:15:00-04:00
2026-06-29T17:19:33.717665-05:00,2026-06-29T22:19:33.717665+00:00,DX-Y.NYB,DXY,Dólar,101.111,101.360001,-0.249001,-0.2457,down,2026-06-29T18:00:00-04:00
2026-06-29T17:19:33.717665-05:00,2026-06-29T22:19:33.717665+00:00,^GSPC,S&P 500,Índice,7439.259766,7354.02002,85.239746,1.1591,up,2026-06-29T15:45:00-04:00
2026-06-29T17:19:33.717665-05:00,2026-06-29T22:19:33.717665+00:00,^IXIC,Nasdaq,Índice,25815.138672,25297.619141,517.519531,2.0457,up,2026-06-29T15:45:00-04:00
2026-06-29T17:19:33.717665-05:00,2026-06-29T22:19:33.717665+00:00,^DJI,Dow Jones,Índice,52172.039062,51876.109375,295.929688,0.5705,up,2026-06-29T15:45:00-04:00
2026-06-29T17:19:33.717665-05:00,2026-06-29T22:19:33.717665+00:00,^VIX,VIX,Volatilidad,17.65,18.41,-0.76,-4.1282,down,2026-06-29T16:00:00-04:00
2026-06-29T17:19:33.717665-05:00,2026-06-29T22:19:33.717665+00:00,^TNX,US 10Y,Tasa,4.374,4.372,0.002,0.0457,up,2026-06-29T14:50:00-04:00
2026-06-29T17:19:33.717665-05:00,2026-06-29T22:19:33.717665+00:00,GC=F,Oro,Commodity,4035.100098,4078.699951,-43.599854,-1.069,down,2026-06-29T18:00:00-04:00
2026-06-29T17:19:33.717665-05:00,2026-06-29T22:19:33.717665+00:00,CL=F,WTI,Commodity,70.389999,69.230003,1.159996,1.6756,up,2026-06-29T18:00:00-04:00
2026-06-29T17:19:33.717665-05:00,2026-06-29T22:19:33.717665+00:00,HG=F,Cobre,Commodity,6.1735,6.1415,0.032,0.521,up,2026-06-29T18:00:00-04:00
2026-06-29T17:19:33.717665-05:00,2026-06-29T22:19:33.717665+00:00,BTC-USD,Bitcoin,Crypto,60357.328125,59532.339844,824.988281,1.3858,up,2026-06-29T18:15:00-04:00
2026-06-29T19:17:47.925367-05:00,2026-06-30T00:17:47.925367+00:00,USDPEN=X,USD/PEN,FX,3.4058,3.42,-0.0142,-0.4152,down,2026-06-29T17:15:00-04:00
2026-06-29T19:17:47.925367-05:00,2026-06-30T00:17:47.925367+00:00,EURUSD=X,EUR/USD,FX,1.141944,1.138563,0.00338,0.2969,up,2026-06-29T20:15:00-04:00
2026-06-29T19:17:47.925367-05:00,2026-06-30T00:17:47.925367+00:00,DX-Y.NYB,DXY,Dólar,101.162003,101.360001,-0.197998,-0.1953,down,2026-06-29T20:00:00-04:00
2026-06-29T19:17:47.925367-05:00,2026-06-30T00:17:47.925367+00:00,^GSPC,S&P 500,Índice,7439.259766,7354.02002,85.239746,1.1591,up,2026-06-29T15:45:00-04:00
2026-06-29T19:17:47.925367-05:00,2026-06-30T00:17:47.925367+00:00,^IXIC,Nasdaq,Índice,25815.138672,25297.619141,517.519531,2.0457,up,2026-06-29T15:45:00-04:00
2026-06-29T19:17:47.925367-05:00,2026-06-30T00:17:47.925367+00:00,^DJI,Dow Jones,Índice,52172.039062,51876.109375,295.929688,0.5705,up,2026-06-29T15:45:00-04:00
2026-06-29T19:17:47.925367-05:00,2026-06-30T00:17:47.925367+00:00,^VIX,VIX,Volatilidad,17.65,18.41,-0.76,-4.1282,down,2026-06-29T16:00:00-04:00
2026-06-29T19:17:47.925367-05:00,2026-06-30T00:17:47.925367+00:00,^TNX,US 10Y,Tasa,4.374,4.372,0.002,0.0457,up,2026-06-29T14:50:00-04:00
2026-06-29T19:17:47.925367-05:00,2026-06-30T00:17:47.925367+00:00,GC=F,Oro,Commodity,4021.199951,4078.699951,-57.5,-1.4098,down,2026-06-29T20:00:00-04:00
2026-06-29T19:17:47.925367-05:00,2026-06-30T00:17:47.925367+00:00,CL=F,WTI,Commodity,70.300003,69.230003,1.07,1.5456,up,2026-06-29T20:00:00-04:00
2026-06-29T19:17:47.925367-05:00,2026-06-30T00:17:47.925367+00:00,HG=F,Cobre,Commodity,6.173,6.1415,0.0315,0.5129,up,2026-06-29T20:00:00-04:00
2026-06-29T19:17:47.925367-05:00,2026-06-30T00:17:47.925367+00:00,BTC-USD,Bitcoin,Crypto,60128.019531,59532.339844,595.679688,1.0006,up,2026-06-29T20:15:00-04:00
2026-06-30T09:41:27.072232-05:00,2026-06-30T14:41:27.072232+00:00,USDPEN=X,USD/PEN,FX,3.4058,3.42,-0.0142,-0.4152,down,2026-06-29T17:15:00-04:00
2026-06-30T09:41:27.072232-05:00,2026-06-30T14:41:27.072232+00:00,EURUSD=X,EUR/USD,FX,1.141553,1.138563,0.002989,0.2626,up,2026-06-30T10:30:00-04:00
2026-06-30T09:41:27.072232-05:00,2026-06-30T14:41:27.072232+00:00,DX-Y.NYB,DXY,Dólar,101.206001,101.110001,0.096001,0.0949,up,2026-06-30T10:30:00-04:00
2026-06-30T09:41:27.072232-05:00,2026-06-30T14:41:27.072232+00:00,^GSPC,S&P 500,Índice,7473.609863,7440.430176,33.179688,0.4459,up,2026-06-30T10:30:00-04:00
2026-06-30T09:41:27.072232-05:00,2026-06-30T14:41:27.072232+00:00,^IXIC,Nasdaq,Índice,26061.154297,25820.140625,241.013672,0.9334,up,2026-06-30T10:30:00-04:00
2026-06-30T09:41:27.072232-05:00,2026-06-30T14:41:27.072232+00:00,^DJI,Dow Jones,Índice,52281.351562,52182.738281,98.613281,0.189,up,2026-06-30T10:30:00-04:00
2026-06-30T09:41:27.072232-05:00,2026-06-30T14:41:27.072232+00:00,^VIX,VIX,Volatilidad,17.09,17.65,-0.559999,-3.1728,down,2026-06-30T10:15:00-04:00
2026-06-30T09:41:27.072232-05:00,2026-06-30T14:41:27.072232+00:00,^TNX,US 10Y,Tasa,4.4,4.372,0.028,0.6404,up,2026-06-30T10:20:00-04:00
2026-06-30T09:41:27.072232-05:00,2026-06-30T14:41:27.072232+00:00,GC=F,Oro,Commodity,4072.699951,4022.300049,50.399902,1.253,up,2026-06-30T10:30:00-04:00
2026-06-30T09:41:27.072232-05:00,2026-06-30T14:41:27.072232+00:00,CL=F,WTI,Commodity,70.82,70.75,0.07,0.0989,up,2026-06-30T10:30:00-04:00
2026-06-30T09:41:27.072232-05:00,2026-06-30T14:41:27.072232+00:00,HG=F,Cobre,Commodity,6.3145,6.0975,0.217,3.5588,up,2026-06-30T10:30:00-04:00
2026-06-30T09:41:27.072232-05:00,2026-06-30T14:41:27.072232+00:00,BTC-USD,Bitcoin,Crypto,58593.980469,60138.378906,-1544.398438,-2.5681,down,2026-06-30T10:30:00-04:00
2026-06-30T12:14:17.925863-05:00,2026-06-30T17:14:17.925863+00:00,USDPEN=X,USD/PEN,FX,3.4058,3.42,-0.0142,-0.4152,down,2026-06-29T17:15:00-04:00
2026-06-30T12:14:17.925863-05:00,2026-06-30T17:14:17.925863+00:00,EURUSD=X,EUR/USD,FX,1.141944,1.138563,0.00338,0.2969,up,2026-06-30T13:00:00-04:00
2026-06-30T12:14:17.925863-05:00,2026-06-30T17:14:17.925863+00:00,DX-Y.NYB,DXY,Dólar,101.207001,101.110001,0.097,0.0959,up,2026-06-30T13:00:00-04:00
2026-06-30T12:14:17.925863-05:00,2026-06-30T17:14:17.925863+00:00,^GSPC,S&P 500,Índice,7494.930176,7440.430176,54.5,0.7325,up,2026-06-30T13:00:00-04:00
2026-06-30T12:14:17.925863-05:00,2026-06-30T17:14:17.925863+00:00,^IXIC,Nasdaq,Índice,26168.228516,25820.140625,348.087891,1.3481,up,2026-06-30T13:00:00-04:00
2026-06-30T12:14:17.925863-05:00,2026-06-30T17:14:17.925863+00:00,^DJI,Dow Jones,Índice,52352.101562,52182.738281,169.363281,0.3246,up,2026-06-30T13:00:00-04:00
2026-06-30T12:14:17.925863-05:00,2026-06-30T17:14:17.925863+00:00,^VIX,VIX,Volatilidad,16.66,17.65,-0.99,-5.6091,down,2026-06-30T12:45:00-04:00
2026-06-30T12:14:17.925863-05:00,2026-06-30T17:14:17.925863+00:00,^TNX,US 10Y,Tasa,4.406,4.372,0.034,0.7777,up,2026-06-30T12:50:00-04:00
2026-06-30T12:14:17.925863-05:00,2026-06-30T17:14:17.925863+00:00,GC=F,Oro,Commodity,4041.600098,4022.300049,19.300049,0.4798,up,2026-06-30T13:00:00-04:00
2026-06-30T12:14:17.925863-05:00,2026-06-30T17:14:17.925863+00:00,CL=F,WTI,Commodity,69.809998,70.75,-0.940002,-1.3286,down,2026-06-30T13:00:00-04:00
2026-06-30T12:14:17.925863-05:00,2026-06-30T17:14:17.925863+00:00,HG=F,Cobre,Commodity,6.2545,6.0975,0.157,2.5748,up,2026-06-30T13:00:00-04:00
2026-06-30T12:14:17.925863-05:00,2026-06-30T17:14:17.925863+00:00,BTC-USD,Bitcoin,Crypto,58288.0,60138.378906,-1850.378906,-3.0769,down,2026-06-30T13:00:00-04:00
2026-06-30T14:05:17.477958-05:00,2026-06-30T19:05:17.477958+00:00,USDPEN=X,USD/PEN,FX,3.4058,3.342841,0.062959,1.8834,up,2026-06-30T15:00:00-04:00
2026-06-30T14:05:17.477958-05:00,2026-06-30T19:05:17.477958+00:00,EURUSD=X,EUR/USD,FX,1.142465,1.138563,0.003902,0.3427,up,2026-06-30T15:00:00-04:00
2026-06-30T14:05:17.477958-05:00,2026-06-30T19:05:17.477958+00:00,DX-Y.NYB,DXY,Dólar,101.171997,101.110001,0.061996,0.0613,up,2026-06-30T14:45:00-04:00
2026-06-30T14:05:17.477958-05:00,2026-06-30T19:05:17.477958+00:00,^GSPC,S&P 500,Índice,7501.22998,7440.430176,60.799805,0.8172,up,2026-06-30T15:00:00-04:00
2026-06-30T14:05:17.477958-05:00,2026-06-30T19:05:17.477958+00:00,^IXIC,Nasdaq,Índice,26191.15625,25820.140625,371.015625,1.4369,up,2026-06-30T15:00:00-04:00
2026-06-30T14:05:17.477958-05:00,2026-06-30T19:05:17.477958+00:00,^DJI,Dow Jones,Índice,52321.640625,52182.738281,138.902344,0.2662,up,2026-06-30T15:00:00-04:00
2026-06-30T14:05:17.477958-05:00,2026-06-30T19:05:17.477958+00:00,^VIX,VIX,Volatilidad,16.530001,17.65,-1.119999,-6.3456,down,2026-06-30T14:45:00-04:00
2026-06-30T14:05:17.477958-05:00,2026-06-30T19:05:17.477958+00:00,^TNX,US 10Y,Tasa,4.416,4.372,0.044,1.0064,up,2026-06-30T14:35:00-04:00
2026-06-30T14:05:17.477958-05:00,2026-06-30T19:05:17.477958+00:00,GC=F,Oro,Commodity,4045.699951,4022.300049,23.399902,0.5818,up,2026-06-30T14:45:00-04:00
2026-06-30T14:05:17.477958-05:00,2026-06-30T19:05:17.477958+00:00,CL=F,WTI,Commodity,69.949997,70.75,-0.800003,-1.1307,down,2026-06-30T14:45:00-04:00
2026-06-30T14:05:17.477958-05:00,2026-06-30T19:05:17.477958+00:00,HG=F,Cobre,Commodity,6.2615,6.0975,0.164,2.6896,up,2026-06-30T14:45:00-04:00
2026-06-30T14:05:17.477958-05:00,2026-06-30T19:05:17.477958+00:00,BTC-USD,Bitcoin,Crypto,58545.648438,60138.378906,-1592.730469,-2.6484,down,2026-06-30T15:00:00-04:00
2026-06-30T16:03:50.561563-05:00,2026-06-30T21:03:50.561563+00:00,USDPEN=X,USD/PEN,FX,3.4058,3.342841,0.062959,1.8834,up,2026-06-30T16:00:00-04:00
2026-06-30T16:03:50.561563-05:00,2026-06-30T21:03:50.561563+00:00,EURUSD=X,EUR/USD,FX,1.143118,1.138563,0.004555,0.4001,up,2026-06-30T17:00:00-04:00
2026-06-30T16:03:50.561563-05:00,2026-06-30T21:03:50.561563+00:00,DX-Y.NYB,DXY,Dólar,101.163002,101.110001,0.053001,0.0524,up,2026-06-30T16:45:00-04:00
2026-06-30T16:03:50.561563-05:00,2026-06-30T21:03:50.561563+00:00,^GSPC,S&P 500,Índice,7496.310059,7440.430176,55.879883,0.751,up,2026-06-30T15:45:00-04:00
2026-06-30T16:03:50.561563-05:00,2026-06-30T21:03:50.561563+00:00,^IXIC,Nasdaq,Índice,26203.181641,25820.140625,383.041016,1.4835,up,2026-06-30T15:45:00-04:00
2026-06-30T16:03:50.561563-05:00,2026-06-30T21:03:50.561563+00:00,^DJI,Dow Jones,Índice,52303.160156,52182.738281,120.421875,0.2308,up,2026-06-30T15:45:00-04:00
2026-06-30T16:03:50.561563-05:00,2026-06-30T21:03:50.561563+00:00,^VIX,VIX,Volatilidad,16.450001,17.65,-1.199999,-6.7989,down,2026-06-30T16:00:00-04:00
2026-06-30T16:03:50.561563-05:00,2026-06-30T21:03:50.561563+00:00,^TNX,US 10Y,Tasa,4.418,4.372,0.046,1.0522,up,2026-06-30T14:50:00-04:00
2026-06-30T16:03:50.561563-05:00,2026-06-30T21:03:50.561563+00:00,GC=F,Oro,Commodity,4025.0,4022.300049,2.699951,0.0671,up,2026-06-30T16:45:00-04:00
2026-06-30T16:03:50.561563-05:00,2026-06-30T21:03:50.561563+00:00,CL=F,WTI,Commodity,70.050003,70.75,-0.699997,-0.9894,down,2026-06-30T16:45:00-04:00
2026-06-30T16:03:50.561563-05:00,2026-06-30T21:03:50.561563+00:00,HG=F,Cobre,Commodity,6.2475,6.0975,0.15,2.46,up,2026-06-30T16:45:00-04:00
2026-06-30T16:03:50.561563-05:00,2026-06-30T21:03:50.561563+00:00,BTC-USD,Bitcoin,Crypto,58640.148438,60138.378906,-1498.230469,-2.4913,down,2026-06-30T17:00:00-04:00
2026-06-30T17:38:09.465438-05:00,2026-06-30T22:38:09.465438+00:00,USDPEN=X,USD/PEN,FX,3.4058,3.342841,0.062959,1.8834,up,2026-06-30T17:15:00-04:00
2026-06-30T17:38:09.465438-05:00,2026-06-30T22:38:09.465438+00:00,EURUSD=X,EUR/USD,FX,1.142465,1.138563,0.003902,0.3427,up,2026-06-30T18:30:00-04:00
2026-06-30T17:38:09.465438-05:00,2026-06-30T22:38:09.465438+00:00,DX-Y.NYB,DXY,Dólar,101.171997,101.110001,0.061996,0.0613,up,2026-06-30T18:00:00-04:00
2026-06-30T17:38:09.465438-05:00,2026-06-30T22:38:09.465438+00:00,^GSPC,S&P 500,Índice,7496.310059,7440.430176,55.879883,0.751,up,2026-06-30T15:45:00-04:00
2026-06-30T17:38:09.465438-05:00,2026-06-30T22:38:09.465438+00:00,^IXIC,Nasdaq,Índice,26203.181641,25820.140625,383.041016,1.4835,up,2026-06-30T15:45:00-04:00
2026-06-30T17:38:09.465438-05:00,2026-06-30T22:38:09.465438+00:00,^DJI,Dow Jones,Índice,52303.160156,52182.738281,120.421875,0.2308,up,2026-06-30T15:45:00-04:00
2026-06-30T17:38:09.465438-05:00,2026-06-30T22:38:09.465438+00:00,^VIX,VIX,Volatilidad,16.450001,17.65,-1.199999,-6.7989,down,2026-06-30T16:00:00-04:00
2026-06-30T17:38:09.465438-05:00,2026-06-30T22:38:09.465438+00:00,^TNX,US 10Y,Tasa,4.418,4.372,0.046,1.0522,up,2026-06-30T14:50:00-04:00
2026-06-30T17:38:09.465438-05:00,2026-06-30T22:38:09.465438+00:00,GC=F,Oro,Commodity,4025.800049,4022.300049,3.5,0.087,up,2026-06-30T18:15:00-04:00
2026-06-30T17:38:09.465438-05:00,2026-06-30T22:38:09.465438+00:00,CL=F,WTI,Commodity,69.93,70.75,-0.82,-1.159,down,2026-06-30T18:15:00-04:00
2026-06-30T17:38:09.465438-05:00,2026-06-30T22:38:09.465438+00:00,HG=F,Cobre,Commodity,6.254,6.0975,0.1565,2.5666,up,2026-06-30T18:15:00-04:00
2026-06-30T17:38:09.465438-05:00,2026-06-30T22:38:09.465438+00:00,BTC-USD,Bitcoin,Crypto,58446.980469,60138.378906,-1691.398438,-2.8125,down,2026-06-30T18:30:00-04:00
2026-07-01T10:11:13.357920-05:00,2026-07-01T15:11:13.357920+00:00,USDPEN=X,USD/PEN,FX,3.4058,3.41,-0.0042,-0.1232,down,2026-07-01T11:00:00-04:00
2026-07-01T10:11:13.357920-05:00,2026-07-01T15:11:13.357920+00:00,EURUSD=X,EUR/USD,FX,1.139212,1.142204,-0.002993,-0.262,down,2026-07-01T11:00:00-04:00
2026-07-01T10:11:13.357920-05:00,2026-07-01T15:11:13.357920+00:00,DX-Y.NYB,DXY,Dólar,101.289001,101.190002,0.098999,0.0978,up,2026-07-01T11:00:00-04:00
2026-07-01T10:11:13.357920-05:00,2026-07-01T15:11:13.357920+00:00,^GSPC,S&P 500,Índice,7505.430176,7499.359863,6.070312,0.0809,up,2026-07-01T11:00:00-04:00
2026-07-01T10:11:13.357920-05:00,2026-07-01T15:11:13.357920+00:00,^IXIC,Nasdaq,Índice,26143.099609,26213.720703,-70.621094,-0.2694,down,2026-07-01T11:00:00-04:00
2026-07-01T10:11:13.357920-05:00,2026-07-01T15:11:13.357920+00:00,^DJI,Dow Jones,Índice,52465.210938,52319.199219,146.011719,0.2791,up,2026-07-01T11:00:00-04:00
2026-07-01T10:11:13.357920-05:00,2026-07-01T15:11:13.357920+00:00,^VIX,VIX,Volatilidad,16.389999,16.450001,-0.060001,-0.3647,down,2026-07-01T10:45:00-04:00
2026-07-01T10:11:13.357920-05:00,2026-07-01T15:11:13.357920+00:00,^TNX,US 10Y,Tasa,4.461,4.372,0.089,2.0357,up,2026-07-01T10:50:00-04:00
2026-07-01T10:11:13.357920-05:00,2026-07-01T15:11:13.357920+00:00,GC=F,Oro,Commodity,4105.5,4022.899902,82.600098,2.0532,up,2026-07-01T11:00:00-04:00
2026-07-01T10:11:13.357920-05:00,2026-07-01T15:11:13.357920+00:00,CL=F,WTI,Commodity,68.129997,69.5,-1.370003,-1.9712,down,2026-07-01T11:00:00-04:00
2026-07-01T10:11:13.357920-05:00,2026-07-01T15:11:13.357920+00:00,HG=F,Cobre,Commodity,6.1865,6.1925,-0.006,-0.0969,down,2026-07-01T11:00:00-04:00
2026-07-01T10:11:13.357920-05:00,2026-07-01T15:11:13.357920+00:00,BTC-USD,Bitcoin,Crypto,59821.308594,58558.859375,1262.449219,2.1559,up,2026-07-01T11:00:00-04:00
2026-07-01T12:22:31.494549-05:00,2026-07-01T17:22:31.494549+00:00,USDPEN=X,USD/PEN,FX,3.416,3.41,0.006,0.1759,up,2026-07-01T12:45:00-04:00
2026-07-01T12:22:31.494549-05:00,2026-07-01T17:22:31.494549+00:00,EURUSD=X,EUR/USD,FX,1.138563,1.142204,-0.003641,-0.3188,down,2026-07-01T13:15:00-04:00
2026-07-01T12:22:31.494549-05:00,2026-07-01T17:22:31.494549+00:00,DX-Y.NYB,DXY,Dólar,101.360001,101.190002,0.169998,0.168,up,2026-07-01T13:00:00-04:00
2026-07-01T12:22:31.494549-05:00,2026-07-01T17:22:31.494549+00:00,^GSPC,S&P 500,Índice,7509.209961,7499.359863,9.850098,0.1313,up,2026-07-01T13:15:00-04:00
2026-07-01T12:22:31.494549-05:00,2026-07-01T17:22:31.494549+00:00,^IXIC,Nasdaq,Índice,26165.181641,26213.720703,-48.539062,-0.1852,down,2026-07-01T13:15:00-04:00
2026-07-01T12:22:31.494549-05:00,2026-07-01T17:22:31.494549+00:00,^DJI,Dow Jones,Índice,52481.53125,52319.199219,162.332031,0.3103,up,2026-07-01T13:15:00-04:00
2026-07-01T12:22:31.494549-05:00,2026-07-01T17:22:31.494549+00:00,^VIX,VIX,Volatilidad,16.41,16.450001,-0.040001,-0.2432,down,2026-07-01T13:00:00-04:00
2026-07-01T12:22:31.494549-05:00,2026-07-01T17:22:31.494549+00:00,^TNX,US 10Y,Tasa,4.469,4.372,0.097,2.2187,up,2026-07-01T13:05:00-04:00
2026-07-01T12:22:31.494549-05:00,2026-07-01T17:22:31.494549+00:00,GC=F,Oro,Commodity,4083.199951,4022.899902,60.300049,1.4989,up,2026-07-01T13:00:00-04:00
2026-07-01T12:22:31.494549-05:00,2026-07-01T17:22:31.494549+00:00,CL=F,WTI,Commodity,68.260002,69.5,-1.239998,-1.7842,down,2026-07-01T13:00:00-04:00
2026-07-01T12:22:31.494549-05:00,2026-07-01T17:22:31.494549+00:00,HG=F,Cobre,Commodity,6.1715,6.1925,-0.021,-0.3391,down,2026-07-01T13:00:00-04:00
2026-07-01T12:22:31.494549-05:00,2026-07-01T17:22:31.494549+00:00,BTC-USD,Bitcoin,Crypto,60038.929688,58558.859375,1480.070312,2.5275,up,2026-07-01T13:15:00-04:00
2026-07-01T15:11:59.806324-05:00,2026-07-01T20:11:59.806324+00:00,USDPEN=X,USD/PEN,FX,3.416,3.41,0.006,0.1759,up,2026-07-01T12:45:00-04:00
2026-07-01T15:11:59.806324-05:00,2026-07-01T20:11:59.806324+00:00,EURUSD=X,EUR/USD,FX,1.138174,1.142204,-0.00403,-0.3528,down,2026-07-01T16:00:00-04:00
2026-07-01T15:11:59.806324-05:00,2026-07-01T20:11:59.806324+00:00,DX-Y.NYB,DXY,Dólar,101.402,101.190002,0.211998,0.2095,up,2026-07-01T16:00:00-04:00
2026-07-01T15:11:59.806324-05:00,2026-07-01T20:11:59.806324+00:00,^GSPC,S&P 500,Índice,7485.02002,7499.359863,-14.339844,-0.1912,down,2026-07-01T15:45:00-04:00
2026-07-01T15:11:59.806324-05:00,2026-07-01T20:11:59.806324+00:00,^IXIC,Nasdaq,Índice,26049.15625,26213.720703,-164.564453,-0.6278,down,2026-07-01T15:45:00-04:00
2026-07-01T15:11:59.806324-05:00,2026-07-01T20:11:59.806324+00:00,^DJI,Dow Jones,Índice,52315.578125,52319.199219,-3.621094,-0.0069,down,2026-07-01T15:45:00-04:00
2026-07-01T15:11:59.806324-05:00,2026-07-01T20:11:59.806324+00:00,^VIX,VIX,Volatilidad,16.360001,16.450001,-0.09,-0.5471,down,2026-07-01T15:45:00-04:00
2026-07-01T15:11:59.806324-05:00,2026-07-01T20:11:59.806324+00:00,^TNX,US 10Y,Tasa,4.475,4.372,0.103,2.3559,up,2026-07-01T14:50:00-04:00
2026-07-01T15:11:59.806324-05:00,2026-07-01T20:11:59.806324+00:00,GC=F,Oro,Commodity,4049.199951,4022.899902,26.300049,0.6538,up,2026-07-01T16:00:00-04:00
2026-07-01T15:11:59.806324-05:00,2026-07-01T20:11:59.806324+00:00,CL=F,WTI,Commodity,68.010002,69.5,-1.489998,-2.1439,down,2026-07-01T16:00:00-04:00
2026-07-01T15:11:59.806324-05:00,2026-07-01T20:11:59.806324+00:00,HG=F,Cobre,Commodity,6.16,6.1925,-0.0325,-0.5248,down,2026-07-01T16:00:00-04:00
2026-07-01T15:11:59.806324-05:00,2026-07-01T20:11:59.806324+00:00,BTC-USD,Bitcoin,Crypto,59868.050781,58558.859375,1309.191406,2.2357,up,2026-07-01T16:00:00-04:00
2026-07-01T16:45:55.649834-05:00,2026-07-01T21:45:55.649834+00:00,USDPEN=X,USD/PEN,FX,3.416,3.41,0.006,0.1759,up,2026-07-01T12:45:00-04:00
2026-07-01T16:45:55.649834-05:00,2026-07-01T21:45:55.649834+00:00,EURUSD=X,EUR/USD,FX,1.138304,1.142204,-0.0039,-0.3415,down,2026-07-01T17:45:00-04:00
2026-07-01T16:45:55.649834-05:00,2026-07-01T21:45:55.649834+00:00,DX-Y.NYB,DXY,Dólar,101.394997,101.190002,0.204994,0.2026,up,2026-07-01T17:30:00-04:00
2026-07-01T16:45:55.649834-05:00,2026-07-01T21:45:55.649834+00:00,^GSPC,S&P 500,Índice,7485.02002,7499.359863,-14.339844,-0.1912,down,2026-07-01T15:45:00-04:00
2026-07-01T16:45:55.649834-05:00,2026-07-01T21:45:55.649834+00:00,^IXIC,Nasdaq,Índice,26049.15625,26213.720703,-164.564453,-0.6278,down,2026-07-01T15:45:00-04:00
2026-07-01T16:45:55.649834-05:00,2026-07-01T21:45:55.649834+00:00,^DJI,Dow Jones,Índice,52315.578125,52319.199219,-3.621094,-0.0069,down,2026-07-01T15:45:00-04:00
2026-07-01T16:45:55.649834-05:00,2026-07-01T21:45:55.649834+00:00,^VIX,VIX,Volatilidad,16.57,16.450001,0.119999,0.7295,up,2026-07-01T16:00:00-04:00
2026-07-01T16:45:55.649834-05:00,2026-07-01T21:45:55.649834+00:00,^TNX,US 10Y,Tasa,4.475,4.372,0.103,2.3559,up,2026-07-01T14:50:00-04:00
2026-07-01T16:45:55.649834-05:00,2026-07-01T21:45:55.649834+00:00,GC=F,Oro,Commodity,4044.600098,4022.899902,21.700195,0.5394,up,2026-07-01T00:00:00
2026-07-01T16:45:55.649834-05:00,2026-07-01T21:45:55.649834+00:00,CL=F,WTI,Commodity,68.089996,69.5,-1.410004,-2.0288,down,2026-07-01T16:45:00-04:00
2026-07-01T16:45:55.649834-05:00,2026-07-01T21:45:55.649834+00:00,HG=F,Cobre,Commodity,6.156,6.1925,-0.0365,-0.5894,down,2026-07-01T16:45:00-04:00
2026-07-01T16:45:55.649834-05:00,2026-07-01T21:45:55.649834+00:00,BTC-USD,Bitcoin,Crypto,60732.96875,58558.859375,2174.109375,3.7127,up,2026-07-01T17:45:00-04:00
2026-07-01T18:41:03.179222-05:00,2026-07-01T23:41:03.179222+00:00,USDPEN=X,USD/PEN,FX,3.416,3.41,0.006,0.1759,up,2026-07-01T12:45:00-04:00
2026-07-01T18:41:03.179222-05:00,2026-07-01T23:41:03.179222+00:00,EURUSD=X,EUR/USD,FX,1.138174,1.141331,-0.003157,-0.2766,down,2026-07-01T19:30:00-04:00
2026-07-01T18:41:03.179222-05:00,2026-07-01T23:41:03.179222+00:00,DX-Y.NYB,DXY,Dólar,101.413002,101.190002,0.223,0.2204,up,2026-07-01T18:00:00-04:00
2026-07-01T18:41:03.179222-05:00,2026-07-01T23:41:03.179222+00:00,^GSPC,S&P 500,Índice,7485.02002,7499.359863,-14.339844,-0.1912,down,2026-07-01T15:45:00-04:00
2026-07-01T18:41:03.179222-05:00,2026-07-01T23:41:03.179222+00:00,^IXIC,Nasdaq,Índice,26049.15625,26213.720703,-164.564453,-0.6278,down,2026-07-01T15:45:00-04:00
2026-07-01T18:41:03.179222-05:00,2026-07-01T23:41:03.179222+00:00,^DJI,Dow Jones,Índice,52315.578125,52319.199219,-3.621094,-0.0069,down,2026-07-01T15:45:00-04:00
2026-07-01T18:41:03.179222-05:00,2026-07-01T23:41:03.179222+00:00,^VIX,VIX,Volatilidad,16.57,16.450001,0.119999,0.7295,up,2026-07-01T16:00:00-04:00
2026-07-01T18:41:03.179222-05:00,2026-07-01T23:41:03.179222+00:00,^TNX,US 10Y,Tasa,4.475,4.372,0.103,2.3559,up,2026-07-01T14:50:00-04:00
2026-07-01T18:41:03.179222-05:00,2026-07-01T23:41:03.179222+00:00,GC=F,Oro,Commodity,4051.100098,4022.899902,28.200195,0.701,up,2026-07-01T19:30:00-04:00
2026-07-01T18:41:03.179222-05:00,2026-07-01T23:41:03.179222+00:00,CL=F,WTI,Commodity,68.050003,69.5,-1.449997,-2.0863,down,2026-07-01T19:15:00-04:00
2026-07-01T18:41:03.179222-05:00,2026-07-01T23:41:03.179222+00:00,HG=F,Cobre,Commodity,6.159,6.1925,-0.0335,-0.541,down,2026-07-01T19:30:00-04:00
2026-07-01T18:41:03.179222-05:00,2026-07-01T23:41:03.179222+00:00,BTC-USD,Bitcoin,Crypto,60047.019531,58558.859375,1488.160156,2.5413,up,2026-07-01T19:30:00-04:00
2026-07-02T09:27:19.085841-05:00,2026-07-02T14:27:19.085841+00:00,USDPEN=X,USD/PEN,FX,3.4056,3.342294,0.063306,1.8941,up,2026-07-02T10:15:00-04:00
2026-07-02T09:27:19.085841-05:00,2026-07-02T14:27:19.085841+00:00,EURUSD=X,EUR/USD,FX,1.144951,1.141331,0.00362,0.3171,up,2026-07-02T10:15:00-04:00
2026-07-02T09:27:19.085841-05:00,2026-07-02T14:27:19.085841+00:00,DX-Y.NYB,DXY,Dólar,100.68,101.389999,-0.709999,-0.7003,down,2026-07-02T10:15:00-04:00
2026-07-02T09:27:19.085841-05:00,2026-07-02T14:27:19.085841+00:00,^GSPC,S&P 500,Índice,7518.02002,7483.22998,34.790039,0.4649,up,2026-07-02T10:15:00-04:00
2026-07-02T09:27:19.085841-05:00,2026-07-02T14:27:19.085841+00:00,^IXIC,Nasdaq,Índice,26098.470703,26040.029297,58.441406,0.2244,up,2026-07-02T10:15:00-04:00
2026-07-02T09:27:19.085841-05:00,2026-07-02T14:27:19.085841+00:00,^DJI,Dow Jones,Índice,52696.800781,52305.238281,391.5625,0.7486,up,2026-07-02T10:15:00-04:00
2026-07-02T09:27:19.085841-05:00,2026-07-02T14:27:19.085841+00:00,^VIX,VIX,Volatilidad,15.86,16.59,-0.73,-4.4002,down,2026-07-02T10:00:00-04:00
2026-07-02T09:27:19.085841-05:00,2026-07-02T14:27:19.085841+00:00,^TNX,US 10Y,Tasa,4.481,4.372,0.109,2.4931,up,2026-07-02T10:05:00-04:00
2026-07-02T09:27:19.085841-05:00,2026-07-02T14:27:19.085841+00:00,GC=F,Oro,Commodity,4145.100098,4068.300049,76.800049,1.8878,up,2026-07-02T10:15:00-04:00
2026-07-02T09:27:19.085841-05:00,2026-07-02T14:27:19.085841+00:00,CL=F,WTI,Commodity,67.720001,68.580002,-0.860001,-1.254,down,2026-07-02T10:15:00-04:00
2026-07-02T09:27:19.085841-05:00,2026-07-02T14:27:19.085841+00:00,HG=F,Cobre,Commodity,6.199,6.1235,0.0755,1.233,up,2026-07-02T10:15:00-04:00
2026-07-02T09:27:19.085841-05:00,2026-07-02T14:27:19.085841+00:00,BTC-USD,Bitcoin,Crypto,61616.761719,60003.757812,1613.003906,2.6882,up,2026-07-02T10:15:00-04:00
2026-07-02T12:00:50.616407-05:00,2026-07-02T17:00:50.616407+00:00,USDPEN=X,USD/PEN,FX,3.4005,3.342294,0.058206,1.7415,up,2026-07-02T12:45:00-04:00
2026-07-02T12:00:50.616407-05:00,2026-07-02T17:00:50.616407+00:00,EURUSD=X,EUR/USD,FX,1.144034,1.141331,0.002703,0.2368,up,2026-07-02T13:00:00-04:00
2026-07-02T12:00:50.616407-05:00,2026-07-02T17:00:50.616407+00:00,DX-Y.NYB,DXY,Dólar,100.815002,101.389999,-0.574997,-0.5671,down,2026-07-02T12:45:00-04:00
2026-07-02T12:00:50.616407-05:00,2026-07-02T17:00:50.616407+00:00,^GSPC,S&P 500,Índice,7447.0,7483.22998,-36.22998,-0.4841,down,2026-07-02T13:00:00-04:00
2026-07-02T12:00:50.616407-05:00,2026-07-02T17:00:50.616407+00:00,^IXIC,Nasdaq,Índice,25702.919922,26040.029297,-337.109375,-1.2946,down,2026-07-02T13:00:00-04:00
2026-07-02T12:00:50.616407-05:00,2026-07-02T17:00:50.616407+00:00,^DJI,Dow Jones,Índice,52626.039062,52305.238281,320.800781,0.6133,up,2026-07-02T13:00:00-04:00
2026-07-02T12:00:50.616407-05:00,2026-07-02T17:00:50.616407+00:00,^VIX,VIX,Volatilidad,16.690001,16.59,0.1,0.6028,up,2026-07-02T12:45:00-04:00
2026-07-02T12:00:50.616407-05:00,2026-07-02T17:00:50.616407+00:00,^TNX,US 10Y,Tasa,4.477,4.372,0.105,2.4016,up,2026-07-02T12:35:00-04:00
2026-07-02T12:00:50.616407-05:00,2026-07-02T17:00:50.616407+00:00,GC=F,Oro,Commodity,4128.899902,4068.300049,60.599854,1.4896,up,2026-07-02T12:45:00-04:00
2026-07-02T12:00:50.616407-05:00,2026-07-02T17:00:50.616407+00:00,CL=F,WTI,Commodity,68.160004,68.580002,-0.419998,-0.6124,down,2026-07-02T12:45:00-04:00
2026-07-02T12:00:50.616407-05:00,2026-07-02T17:00:50.616407+00:00,HG=F,Cobre,Commodity,6.178,6.1235,0.0545,0.89,up,2026-07-02T12:45:00-04:00
2026-07-02T12:00:50.616407-05:00,2026-07-02T17:00:50.616407+00:00,BTC-USD,Bitcoin,Crypto,61614.078125,60003.757812,1610.320312,2.6837,up,2026-07-02T13:00:00-04:00
2026-07-02T13:47:16.656796-05:00,2026-07-02T18:47:16.656796+00:00,USDPEN=X,USD/PEN,FX,3.4039,3.342294,0.061606,1.8432,up,2026-07-02T14:30:00-04:00
2026-07-02T13:47:16.656796-05:00,2026-07-02T18:47:16.656796+00:00,EURUSD=X,EUR/USD,FX,1.143641,1.141331,0.00231,0.2024,up,2026-07-02T00:00:00
2026-07-02T13:47:16.656796-05:00,2026-07-02T18:47:16.656796+00:00,DX-Y.NYB,DXY,Dólar,100.836998,101.389999,-0.553001,-0.5454,down,2026-07-02T14:30:00-04:00
2026-07-02T13:47:16.656796-05:00,2026-07-02T18:47:16.656796+00:00,^GSPC,S&P 500,Índice,7454.529785,7483.22998,-28.700195,-0.3835,down,2026-07-02T14:45:00-04:00
2026-07-02T13:47:16.656796-05:00,2026-07-02T18:47:16.656796+00:00,^IXIC,Nasdaq,Índice,25727.242188,26040.029297,-312.787109,-1.2012,down,2026-07-02T14:45:00-04:00
2026-07-02T13:47:16.656796-05:00,2026-07-02T18:47:16.656796+00:00,^DJI,Dow Jones,Índice,52688.929688,52305.238281,383.691406,0.7336,up,2026-07-02T14:45:00-04:00
2026-07-02T13:47:16.656796-05:00,2026-07-02T18:47:16.656796+00:00,^VIX,VIX,Volatilidad,16.620001,16.59,0.030001,0.1808,up,2026-07-02T14:30:00-04:00
2026-07-02T13:47:16.656796-05:00,2026-07-02T18:47:16.656796+00:00,^TNX,US 10Y,Tasa,4.485,4.372,0.112999,2.5846,up,2026-07-02T14:20:00-04:00
2026-07-02T13:47:16.656796-05:00,2026-07-02T18:47:16.656796+00:00,GC=F,Oro,Commodity,4138.200195,4068.300049,69.900146,1.7182,up,2026-07-02T14:30:00-04:00
2026-07-02T13:47:16.656796-05:00,2026-07-02T18:47:16.656796+00:00,CL=F,WTI,Commodity,68.669998,68.580002,0.089996,0.1312,up,2026-07-02T14:30:00-04:00
2026-07-02T13:47:16.656796-05:00,2026-07-02T18:47:16.656796+00:00,HG=F,Cobre,Commodity,6.1715,6.1235,0.048,0.7839,up,2026-07-02T14:30:00-04:00
2026-07-02T13:47:16.656796-05:00,2026-07-02T18:47:16.656796+00:00,BTC-USD,Bitcoin,Crypto,61714.949219,60003.757812,1711.191406,2.8518,up,2026-07-02T14:45:00-04:00
2026-07-02T15:36:44.288818-05:00,2026-07-02T20:36:44.288818+00:00,USDPEN=X,USD/PEN,FX,3.4002,3.342294,0.057906,1.7325,up,2026-07-02T16:30:00-04:00
2026-07-02T15:36:44.288818-05:00,2026-07-02T20:36:44.288818+00:00,EURUSD=X,EUR/USD,FX,1.143772,1.141331,0.002441,0.2139,up,2026-07-02T16:30:00-04:00
2026-07-02T15:36:44.288818-05:00,2026-07-02T20:36:44.288818+00:00,DX-Y.NYB,DXY,Dólar,100.845001,101.389999,-0.544998,-0.5375,down,2026-07-02T16:15:00-04:00
2026-07-02T15:36:44.288818-05:00,2026-07-02T20:36:44.288818+00:00,^GSPC,S&P 500,Índice,7477.629883,7483.22998,-5.600098,-0.0748,down,2026-07-02T15:45:00-04:00
2026-07-02T15:36:44.288818-05:00,2026-07-02T20:36:44.288818+00:00,^IXIC,Nasdaq,Índice,25818.466797,26040.029297,-221.5625,-0.8509,down,2026-07-02T15:45:00-04:00
2026-07-02T15:36:44.288818-05:00,2026-07-02T20:36:44.288818+00:00,^DJI,Dow Jones,Índice,52864.679688,52305.238281,559.441406,1.0696,up,2026-07-02T15:45:00-04:00
2026-07-02T15:36:44.288818-05:00,2026-07-02T20:36:44.288818+00:00,^VIX,VIX,Volatilidad,16.139999,16.59,-0.450001,-2.7125,down,2026-07-02T16:00:00-04:00
2026-07-02T15:36:44.288818-05:00,2026-07-02T20:36:44.288818+00:00,^TNX,US 10Y,Tasa,4.485,4.372,0.112999,2.5846,up,2026-07-02T14:50:00-04:00
2026-07-02T15:36:44.288818-05:00,2026-07-02T20:36:44.288818+00:00,GC=F,Oro,Commodity,4137.200195,4068.300049,68.900146,1.6936,up,2026-07-02T16:15:00-04:00
2026-07-02T15:36:44.288818-05:00,2026-07-02T20:36:44.288818+00:00,CL=F,WTI,Commodity,68.480003,68.580002,-0.099998,-0.1458,down,2026-07-02T16:15:00-04:00
2026-07-02T15:36:44.288818-05:00,2026-07-02T20:36:44.288818+00:00,HG=F,Cobre,Commodity,6.174,6.1235,0.0505,0.8247,up,2026-07-02T16:15:00-04:00
2026-07-02T15:36:44.288818-05:00,2026-07-02T20:36:44.288818+00:00,BTC-USD,Bitcoin,Crypto,61308.558594,60003.757812,1304.800781,2.1745,up,2026-07-02T16:30:00-04:00
2026-07-02T17:17:35.940579-05:00,2026-07-02T22:17:35.940579+00:00,USDPEN=X,USD/PEN,FX,3.4003,3.342294,0.058006,1.7355,up,2026-07-02T17:00:00-04:00
2026-07-02T17:17:35.940579-05:00,2026-07-02T22:17:35.940579+00:00,EURUSD=X,EUR/USD,FX,1.143641,1.141331,0.00231,0.2024,up,2026-07-02T18:15:00-04:00
2026-07-02T17:17:35.940579-05:00,2026-07-02T22:17:35.940579+00:00,DX-Y.NYB,DXY,Dólar,100.848,101.389999,-0.542,-0.5346,down,2026-07-02T18:00:00-04:00
2026-07-02T17:17:35.940579-05:00,2026-07-02T22:17:35.940579+00:00,^GSPC,S&P 500,Índice,7477.629883,7483.22998,-5.600098,-0.0748,down,2026-07-02T15:45:00-04:00
2026-07-02T17:17:35.940579-05:00,2026-07-02T22:17:35.940579+00:00,^IXIC,Nasdaq,Índice,25818.466797,26040.029297,-221.5625,-0.8509,down,2026-07-02T15:45:00-04:00
2026-07-02T17:17:35.940579-05:00,2026-07-02T22:17:35.940579+00:00,^DJI,Dow Jones,Índice,52864.679688,52305.238281,559.441406,1.0696,up,2026-07-02T15:45:00-04:00
2026-07-02T17:17:35.940579-05:00,2026-07-02T22:17:35.940579+00:00,^VIX,VIX,Volatilidad,16.139999,16.59,-0.450001,-2.7125,down,2026-07-02T16:00:00-04:00
2026-07-02T17:17:35.940579-05:00,2026-07-02T22:17:35.940579+00:00,^TNX,US 10Y,Tasa,4.485,4.372,0.112999,2.5846,up,2026-07-02T14:50:00-04:00
2026-07-02T17:17:35.940579-05:00,2026-07-02T22:17:35.940579+00:00,GC=F,Oro,Commodity,4138.0,4068.300049,69.699951,1.7132,up,2026-07-02T18:00:00-04:00
2026-07-02T17:17:35.940579-05:00,2026-07-02T22:17:35.940579+00:00,CL=F,WTI,Commodity,68.470001,68.580002,-0.110001,-0.1604,down,2026-07-02T18:00:00-04:00
2026-07-02T17:17:35.940579-05:00,2026-07-02T22:17:35.940579+00:00,HG=F,Cobre,Commodity,6.1735,6.1235,0.05,0.8165,up,2026-07-02T18:00:00-04:00
2026-07-02T17:17:35.940579-05:00,2026-07-02T22:17:35.940579+00:00,BTC-USD,Bitcoin,Crypto,61450.300781,60003.757812,1446.542969,2.4108,up,2026-07-02T18:15:00-04:00
2026-07-02T19:18:11.419082-05:00,2026-07-03T00:18:11.419082+00:00,USDPEN=X,USD/PEN,FX,3.4009,3.416,-0.0151,-0.442,down,2026-07-02T20:15:00-04:00
2026-07-02T19:18:11.419082-05:00,2026-07-03T00:18:11.419082+00:00,EURUSD=X,EUR/USD,FX,1.142465,1.137799,0.004667,0.4102,up,2026-07-02T20:15:00-04:00
2026-07-02T19:18:11.419082-05:00,2026-07-03T00:18:11.419082+00:00,DX-Y.NYB,DXY,Dólar,100.988998,101.389999,-0.401001,-0.3955,down,2026-07-02T20:00:00-04:00
2026-07-02T19:18:11.419082-05:00,2026-07-03T00:18:11.419082+00:00,^GSPC,S&P 500,Índice,7477.629883,7483.22998,-5.600098,-0.0748,down,2026-07-02T15:45:00-04:00
2026-07-02T19:18:11.419082-05:00,2026-07-03T00:18:11.419082+00:00,^IXIC,Nasdaq,Índice,25818.466797,26040.029297,-221.5625,-0.8509,down,2026-07-02T15:45:00-04:00
2026-07-02T19:18:11.419082-05:00,2026-07-03T00:18:11.419082+00:00,^DJI,Dow Jones,Índice,52864.679688,52305.238281,559.441406,1.0696,up,2026-07-02T15:45:00-04:00
2026-07-02T19:18:11.419082-05:00,2026-07-03T00:18:11.419082+00:00,^VIX,VIX,Volatilidad,16.139999,16.59,-0.450001,-2.7125,down,2026-07-02T16:00:00-04:00
2026-07-02T19:18:11.419082-05:00,2026-07-03T00:18:11.419082+00:00,^TNX,US 10Y,Tasa,4.485,4.372,0.112999,2.5846,up,2026-07-02T14:50:00-04:00
2026-07-02T19:18:11.419082-05:00,2026-07-03T00:18:11.419082+00:00,GC=F,Oro,Commodity,4139.899902,4068.300049,71.599854,1.7599,up,2026-07-02T20:00:00-04:00
2026-07-02T19:18:11.419082-05:00,2026-07-03T00:18:11.419082+00:00,CL=F,WTI,Commodity,68.379997,68.580002,-0.200005,-0.2916,down,2026-07-02T20:00:00-04:00
2026-07-02T19:18:11.419082-05:00,2026-07-03T00:18:11.419082+00:00,HG=F,Cobre,Commodity,6.173,6.1235,0.0495,0.8084,up,2026-07-02T20:00:00-04:00
2026-07-02T19:18:11.419082-05:00,2026-07-03T00:18:11.419082+00:00,BTC-USD,Bitcoin,Crypto,61313.410156,60003.757812,1309.652344,2.1826,up,2026-07-02T20:15:00-04:00
2026-07-03T09:30:14.348043-05:00,2026-07-03T14:30:14.348043+00:00,USDPEN=X,USD/PEN,FX,3.3955,3.416,-0.0205,-0.6001,down,2026-07-03T10:30:00-04:00
2026-07-03T09:30:14.348043-05:00,2026-07-03T14:30:14.348043+00:00,EURUSD=X,EUR/USD,FX,1.144951,1.137799,0.007152,0.6286,up,2026-07-03T10:30:00-04:00
2026-07-03T09:30:14.348043-05:00,2026-07-03T14:30:14.348043+00:00,DX-Y.NYB,DXY,Dólar,100.800003,100.860001,-0.059998,-0.0595,down,2026-07-02T23:45:00-04:00
2026-07-03T09:30:14.348043-05:00,2026-07-03T14:30:14.348043+00:00,^GSPC,S&P 500,Índice,7477.629883,7483.22998,-5.600098,-0.0748,down,2026-07-02T15:45:00-04:00
2026-07-03T09:30:14.348043-05:00,2026-07-03T14:30:14.348043+00:00,^IXIC,Nasdaq,Índice,25818.466797,26040.029297,-221.5625,-0.8509,down,2026-07-02T15:45:00-04:00
2026-07-03T09:30:14.348043-05:00,2026-07-03T14:30:14.348043+00:00,^DJI,Dow Jones,Índice,52864.679688,52305.238281,559.441406,1.0696,up,2026-07-02T15:45:00-04:00
2026-07-03T09:30:14.348043-05:00,2026-07-03T14:30:14.348043+00:00,^VIX,VIX,Volatilidad,15.96,16.15,-0.19,-1.1765,down,2026-07-03T10:15:00-04:00
2026-07-03T09:30:14.348043-05:00,2026-07-03T14:30:14.348043+00:00,^TNX,US 10Y,Tasa,4.485,4.392,0.092999,2.1175,up,2026-07-02T14:50:00-04:00
2026-07-03T09:30:14.348043-05:00,2026-07-03T14:30:14.348043+00:00,GC=F,Oro,Commodity,4188.5,4112.700195,75.799805,1.8431,up,2026-07-02T23:45:00-04:00
2026-07-03T09:30:14.348043-05:00,2026-07-03T14:30:14.348043+00:00,CL=F,WTI,Commodity,69.010002,68.690002,0.32,0.4659,up,2026-07-02T23:45:00-04:00
2026-07-03T09:30:14.348043-05:00,2026-07-03T14:30:14.348043+00:00,HG=F,Cobre,Commodity,6.2495,6.1145,0.135,2.2079,up,2026-07-02T23:45:00-04:00
2026-07-03T09:30:14.348043-05:00,2026-07-03T14:30:14.348043+00:00,BTC-USD,Bitcoin,Crypto,61867.960938,61485.300781,382.660156,0.6224,up,2026-07-03T10:30:00-04:00
2026-07-03T11:44:15.910927-05:00,2026-07-03T16:44:15.910927+00:00,USDPEN=X,USD/PEN,FX,3.3942,3.416,-0.0218,-0.6382,down,2026-07-03T12:30:00-04:00
2026-07-03T11:44:15.910927-05:00,2026-07-03T16:44:15.910927+00:00,EURUSD=X,EUR/USD,FX,1.143903,1.137799,0.006104,0.5365,up,2026-07-03T12:30:00-04:00
2026-07-03T11:44:15.910927-05:00,2026-07-03T16:44:15.910927+00:00,DX-Y.NYB,DXY,Dólar,100.800003,100.860001,-0.059998,-0.0595,down,2026-07-02T23:45:00-04:00
2026-07-03T11:44:15.910927-05:00,2026-07-03T16:44:15.910927+00:00,^GSPC,S&P 500,Índice,7477.629883,7483.22998,-5.600098,-0.0748,down,2026-07-02T15:45:00-04:00
2026-07-03T11:44:15.910927-05:00,2026-07-03T16:44:15.910927+00:00,^IXIC,Nasdaq,Índice,25818.466797,26040.029297,-221.5625,-0.8509,down,2026-07-02T15:45:00-04:00
2026-07-03T11:44:15.910927-05:00,2026-07-03T16:44:15.910927+00:00,^DJI,Dow Jones,Índice,52864.679688,52305.238281,559.441406,1.0696,up,2026-07-02T15:45:00-04:00
2026-07-03T11:44:15.910927-05:00,2026-07-03T16:44:15.910927+00:00,^VIX,VIX,Volatilidad,15.81,16.15,-0.339999,-2.1053,down,2026-07-03T11:30:00-04:00
2026-07-03T11:44:15.910927-05:00,2026-07-03T16:44:15.910927+00:00,^TNX,US 10Y,Tasa,4.485,4.392,0.092999,2.1175,up,2026-07-02T14:50:00-04:00
2026-07-03T11:44:15.910927-05:00,2026-07-03T16:44:15.910927+00:00,GC=F,Oro,Commodity,4188.5,4112.700195,75.799805,1.8431,up,2026-07-02T23:45:00-04:00
2026-07-03T11:44:15.910927-05:00,2026-07-03T16:44:15.910927+00:00,CL=F,WTI,Commodity,69.010002,68.690002,0.32,0.4659,up,2026-07-02T23:45:00-04:00
2026-07-03T11:44:15.910927-05:00,2026-07-03T16:44:15.910927+00:00,HG=F,Cobre,Commodity,6.2495,6.1145,0.135,2.2079,up,2026-07-02T23:45:00-04:00
2026-07-03T11:44:15.910927-05:00,2026-07-03T16:44:15.910927+00:00,BTC-USD,Bitcoin,Crypto,62003.921875,61485.300781,518.621094,0.8435,up,2026-07-03T12:30:00-04:00
2026-07-03T13:38:07.800387-05:00,2026-07-03T18:38:07.800387+00:00,USDPEN=X,USD/PEN,FX,3.3997,3.416,-0.0163,-0.4772,down,2026-07-03T14:15:00-04:00
2026-07-03T13:38:07.800387-05:00,2026-07-03T18:38:07.800387+00:00,EURUSD=X,EUR/USD,FX,1.144296,1.137799,0.006497,0.571,up,2026-07-03T14:30:00-04:00
2026-07-03T13:38:07.800387-05:00,2026-07-03T18:38:07.800387+00:00,DX-Y.NYB,DXY,Dólar,100.800003,100.860001,-0.059998,-0.0595,down,2026-07-02T23:45:00-04:00
2026-07-03T13:38:07.800387-05:00,2026-07-03T18:38:07.800387+00:00,^GSPC,S&P 500,Índice,7477.629883,7483.22998,-5.600098,-0.0748,down,2026-07-02T15:45:00-04:00
2026-07-03T13:38:07.800387-05:00,2026-07-03T18:38:07.800387+00:00,^IXIC,Nasdaq,Índice,25818.466797,26040.029297,-221.5625,-0.8509,down,2026-07-02T15:45:00-04:00
2026-07-03T13:38:07.800387-05:00,2026-07-03T18:38:07.800387+00:00,^DJI,Dow Jones,Índice,52864.679688,52305.238281,559.441406,1.0696,up,2026-07-02T15:45:00-04:00
2026-07-03T13:38:07.800387-05:00,2026-07-03T18:38:07.800387+00:00,^VIX,VIX,Volatilidad,15.81,16.15,-0.339999,-2.1053,down,2026-07-03T11:30:00-04:00
2026-07-03T13:38:07.800387-05:00,2026-07-03T18:38:07.800387+00:00,^TNX,US 10Y,Tasa,4.485,4.392,0.092999,2.1175,up,2026-07-02T14:50:00-04:00
2026-07-03T13:38:07.800387-05:00,2026-07-03T18:38:07.800387+00:00,GC=F,Oro,Commodity,4188.5,4112.700195,75.799805,1.8431,up,2026-07-02T23:45:00-04:00
2026-07-03T13:38:07.800387-05:00,2026-07-03T18:38:07.800387+00:00,CL=F,WTI,Commodity,69.010002,68.690002,0.32,0.4659,up,2026-07-02T23:45:00-04:00
2026-07-03T13:38:07.800387-05:00,2026-07-03T18:38:07.800387+00:00,HG=F,Cobre,Commodity,6.2495,6.1145,0.135,2.2079,up,2026-07-02T23:45:00-04:00
2026-07-03T13:38:07.800387-05:00,2026-07-03T18:38:07.800387+00:00,BTC-USD,Bitcoin,Crypto,62142.621094,61485.300781,657.320312,1.0691,up,2026-07-03T14:30:00-04:00
2026-07-03T15:22:14.799329-05:00,2026-07-03T20:22:14.799329+00:00,USDPEN=X,USD/PEN,FX,3.4,3.416,-0.016,-0.4684,down,2026-07-03T16:00:00-04:00
2026-07-03T15:22:14.799329-05:00,2026-07-03T20:22:14.799329+00:00,EURUSD=X,EUR/USD,FX,1.143903,1.137799,0.006104,0.5365,up,2026-07-03T16:15:00-04:00
2026-07-03T15:22:14.799329-05:00,2026-07-03T20:22:14.799329+00:00,DX-Y.NYB,DXY,Dólar,100.800003,100.860001,-0.059998,-0.0595,down,2026-07-02T23:45:00-04:00
2026-07-03T15:22:14.799329-05:00,2026-07-03T20:22:14.799329+00:00,^GSPC,S&P 500,Índice,7477.629883,7483.22998,-5.600098,-0.0748,down,2026-07-02T15:45:00-04:00
2026-07-03T15:22:14.799329-05:00,2026-07-03T20:22:14.799329+00:00,^IXIC,Nasdaq,Índice,25818.466797,26040.029297,-221.5625,-0.8509,down,2026-07-02T15:45:00-04:00
2026-07-03T15:22:14.799329-05:00,2026-07-03T20:22:14.799329+00:00,^DJI,Dow Jones,Índice,52864.679688,52305.238281,559.441406,1.0696,up,2026-07-02T15:45:00-04:00
2026-07-03T15:22:14.799329-05:00,2026-07-03T20:22:14.799329+00:00,^VIX,VIX,Volatilidad,15.81,16.15,-0.339999,-2.1053,down,2026-07-03T11:30:00-04:00
2026-07-03T15:22:14.799329-05:00,2026-07-03T20:22:14.799329+00:00,^TNX,US 10Y,Tasa,4.485,4.392,0.092999,2.1175,up,2026-07-02T14:50:00-04:00
2026-07-03T15:22:14.799329-05:00,2026-07-03T20:22:14.799329+00:00,GC=F,Oro,Commodity,4188.5,4112.700195,75.799805,1.8431,up,2026-07-02T23:45:00-04:00
2026-07-03T15:22:14.799329-05:00,2026-07-03T20:22:14.799329+00:00,CL=F,WTI,Commodity,69.010002,68.690002,0.32,0.4659,up,2026-07-02T23:45:00-04:00
2026-07-03T15:22:14.799329-05:00,2026-07-03T20:22:14.799329+00:00,HG=F,Cobre,Commodity,6.2495,6.1145,0.135,2.2079,up,2026-07-02T23:45:00-04:00
2026-07-03T15:22:14.799329-05:00,2026-07-03T20:22:14.799329+00:00,BTC-USD,Bitcoin,Crypto,62552.421875,61485.300781,1067.121094,1.7356,up,2026-07-03T16:15:00-04:00
2026-07-03T17:15:09.160571-05:00,2026-07-03T22:15:09.160571+00:00,USDPEN=X,USD/PEN,FX,3.4,3.416,-0.016,-0.4684,down,2026-07-03T16:15:00-04:00
2026-07-03T17:15:09.160571-05:00,2026-07-03T22:15:09.160571+00:00,EURUSD=X,EUR/USD,FX,1.144034,1.137799,0.006235,0.548,up,2026-07-03T17:15:00-04:00
2026-07-03T17:15:09.160571-05:00,2026-07-03T22:15:09.160571+00:00,DX-Y.NYB,DXY,Dólar,100.800003,100.860001,-0.059998,-0.0595,down,2026-07-02T23:45:00-04:00
2026-07-03T17:15:09.160571-05:00,2026-07-03T22:15:09.160571+00:00,^GSPC,S&P 500,Índice,7477.629883,7483.22998,-5.600098,-0.0748,down,2026-07-02T15:45:00-04:00
2026-07-03T17:15:09.160571-05:00,2026-07-03T22:15:09.160571+00:00,^IXIC,Nasdaq,Índice,25818.466797,26040.029297,-221.5625,-0.8509,down,2026-07-02T15:45:00-04:00
2026-07-03T17:15:09.160571-05:00,2026-07-03T22:15:09.160571+00:00,^DJI,Dow Jones,Índice,52864.679688,52305.238281,559.441406,1.0696,up,2026-07-02T15:45:00-04:00
2026-07-03T17:15:09.160571-05:00,2026-07-03T22:15:09.160571+00:00,^VIX,VIX,Volatilidad,15.81,16.15,-0.339999,-2.1053,down,2026-07-03T11:30:00-04:00
2026-07-03T17:15:09.160571-05:00,2026-07-03T22:15:09.160571+00:00,^TNX,US 10Y,Tasa,4.485,4.392,0.092999,2.1175,up,2026-07-02T14:50:00-04:00
2026-07-03T17:15:09.160571-05:00,2026-07-03T22:15:09.160571+00:00,GC=F,Oro,Commodity,4188.5,4112.700195,75.799805,1.8431,up,2026-07-02T23:45:00-04:00
2026-07-03T17:15:09.160571-05:00,2026-07-03T22:15:09.160571+00:00,CL=F,WTI,Commodity,69.010002,68.690002,0.32,0.4659,up,2026-07-02T23:45:00-04:00
2026-07-03T17:15:09.160571-05:00,2026-07-03T22:15:09.160571+00:00,HG=F,Cobre,Commodity,6.2495,6.1145,0.135,2.2079,up,2026-07-02T23:45:00-04:00
2026-07-03T17:15:09.160571-05:00,2026-07-03T22:15:09.160571+00:00,BTC-USD,Bitcoin,Crypto,62568.109375,61485.300781,1082.808594,1.7611,up,2026-07-03T18:15:00-04:00
2026-07-03T18:18:15.929142-05:00,2026-07-03T23:18:15.929142+00:00,USDPEN=X,USD/PEN,FX,3.4,3.416,-0.016,-0.4684,down,2026-07-03T16:15:00-04:00
2026-07-03T18:18:15.929142-05:00,2026-07-03T23:18:15.929142+00:00,EURUSD=X,EUR/USD,FX,1.144034,1.137799,0.006235,0.548,up,2026-07-03T17:15:00-04:00
2026-07-03T18:18:15.929142-05:00,2026-07-03T23:18:15.929142+00:00,DX-Y.NYB,DXY,Dólar,100.800003,100.860001,-0.059998,-0.0595,down,2026-07-02T23:45:00-04:00
2026-07-03T18:18:15.929142-05:00,2026-07-03T23:18:15.929142+00:00,^GSPC,S&P 500,Índice,7477.629883,7483.22998,-5.600098,-0.0748,down,2026-07-02T15:45:00-04:00
2026-07-03T18:18:15.929142-05:00,2026-07-03T23:18:15.929142+00:00,^IXIC,Nasdaq,Índice,25818.466797,26040.029297,-221.5625,-0.8509,down,2026-07-02T15:45:00-04:00
2026-07-03T18:18:15.929142-05:00,2026-07-03T23:18:15.929142+00:00,^DJI,Dow Jones,Índice,52864.679688,52305.238281,559.441406,1.0696,up,2026-07-02T15:45:00-04:00
2026-07-03T18:18:15.929142-05:00,2026-07-03T23:18:15.929142+00:00,^VIX,VIX,Volatilidad,15.81,16.15,-0.339999,-2.1053,down,2026-07-03T11:30:00-04:00
2026-07-03T18:18:15.929142-05:00,2026-07-03T23:18:15.929142+00:00,^TNX,US 10Y,Tasa,4.485,4.392,0.092999,2.1175,up,2026-07-02T14:50:00-04:00
2026-07-03T18:18:15.929142-05:00,2026-07-03T23:18:15.929142+00:00,GC=F,Oro,Commodity,4188.5,4112.700195,75.799805,1.8431,up,2026-07-02T23:45:00-04:00
2026-07-03T18:18:15.929142-05:00,2026-07-03T23:18:15.929142+00:00,CL=F,WTI,Commodity,69.010002,68.690002,0.32,0.4659,up,2026-07-02T23:45:00-04:00
2026-07-03T18:18:15.929142-05:00,2026-07-03T23:18:15.929142+00:00,HG=F,Cobre,Commodity,6.2495,6.1145,0.135,2.2079,up,2026-07-02T23:45:00-04:00
2026-07-03T18:18:15.929142-05:00,2026-07-03T23:18:15.929142+00:00,BTC-USD,Bitcoin,Crypto,62557.878906,61485.300781,1072.578125,1.7444,up,2026-07-03T19:15:00-04:00
2026-07-06T10:53:42.833378-05:00,2026-07-06T15:53:42.833378+00:00,USDPEN=X,USD/PEN,FX,3.4021,3.4,0.0021,0.0618,up,2026-07-06T11:45:00-04:00
2026-07-06T10:53:42.833378-05:00,2026-07-06T15:53:42.833378+00:00,EURUSD=X,EUR/USD,FX,1.142857,1.14227,0.000588,0.0514,up,2026-07-06T11:45:00-04:00
2026-07-06T10:53:42.833378-05:00,2026-07-06T15:53:42.833378+00:00,DX-Y.NYB,DXY,Dólar,101.032997,100.860001,0.172997,0.1715,up,2026-07-06T11:30:00-04:00
2026-07-06T10:53:42.833378-05:00,2026-07-06T15:53:42.833378+00:00,^GSPC,S&P 500,Índice,7534.129883,7483.240234,50.889648,0.68,up,2026-07-06T11:45:00-04:00
2026-07-06T10:53:42.833378-05:00,2026-07-06T15:53:42.833378+00:00,^IXIC,Nasdaq,Índice,26175.591797,25832.669922,342.921875,1.3275,up,2026-07-06T11:45:00-04:00
2026-07-06T10:53:42.833378-05:00,2026-07-06T15:53:42.833378+00:00,^DJI,Dow Jones,Índice,52864.101562,52900.070312,-35.96875,-0.068,down,2026-07-06T11:45:00-04:00
2026-07-06T10:53:42.833378-05:00,2026-07-06T15:53:42.833378+00:00,^VIX,VIX,Volatilidad,15.91,16.15,-0.24,-1.4861,down,2026-07-06T11:30:00-04:00
2026-07-06T10:53:42.833378-05:00,2026-07-06T15:53:42.833378+00:00,^TNX,US 10Y,Tasa,4.485,4.485,-0.0,-0.0,down,2026-07-06T11:35:00-04:00
2026-07-06T10:53:42.833378-05:00,2026-07-06T15:53:42.833378+00:00,GC=F,Oro,Commodity,4161.799805,4112.700195,49.099609,1.1939,up,2026-07-06T11:30:00-04:00
2026-07-06T10:53:42.833378-05:00,2026-07-06T15:53:42.833378+00:00,CL=F,WTI,Commodity,68.82,68.690002,0.129997,0.1893,up,2026-07-06T11:30:00-04:00
2026-07-06T10:53:42.833378-05:00,2026-07-06T15:53:42.833378+00:00,HG=F,Cobre,Commodity,6.2385,6.1145,0.124,2.028,up,2026-07-06T11:30:00-04:00
2026-07-06T10:53:42.833378-05:00,2026-07-06T15:53:42.833378+00:00,BTC-USD,Bitcoin,Crypto,63350.050781,63547.882812,-197.832031,-0.3113,down,2026-07-06T11:45:00-04:00
2026-07-06T13:20:00.128831-05:00,2026-07-06T18:20:00.128831+00:00,USDPEN=X,USD/PEN,FX,3.4061,3.4,0.0061,0.1794,up,2026-07-06T14:15:00-04:00
2026-07-06T13:20:00.128831-05:00,2026-07-06T18:20:00.128831+00:00,EURUSD=X,EUR/USD,FX,1.144034,1.14227,0.001764,0.1544,up,2026-07-06T14:15:00-04:00
2026-07-06T13:20:00.128831-05:00,2026-07-06T18:20:00.128831+00:00,DX-Y.NYB,DXY,Dólar,100.920998,100.860001,0.060997,0.0605,up,2026-07-06T14:00:00-04:00
2026-07-06T13:20:00.128831-05:00,2026-07-06T18:20:00.128831+00:00,^GSPC,S&P 500,Índice,7541.220215,7483.240234,57.97998,0.7748,up,2026-07-06T14:15:00-04:00
2026-07-06T13:20:00.128831-05:00,2026-07-06T18:20:00.128831+00:00,^IXIC,Nasdaq,Índice,26129.828125,25832.669922,297.158203,1.1503,up,2026-07-06T14:15:00-04:00
2026-07-06T13:20:00.128831-05:00,2026-07-06T18:20:00.128831+00:00,^DJI,Dow Jones,Índice,52966.640625,52900.070312,66.570312,0.1258,up,2026-07-06T14:15:00-04:00
2026-07-06T13:20:00.128831-05:00,2026-07-06T18:20:00.128831+00:00,^VIX,VIX,Volatilidad,15.83,16.15,-0.32,-1.9814,down,2026-07-06T14:00:00-04:00
2026-07-06T13:20:00.128831-05:00,2026-07-06T18:20:00.128831+00:00,^TNX,US 10Y,Tasa,4.481,4.485,-0.004,-0.0892,down,2026-07-06T13:50:00-04:00
2026-07-06T13:20:00.128831-05:00,2026-07-06T18:20:00.128831+00:00,GC=F,Oro,Commodity,4167.799805,4112.700195,55.099609,1.3397,up,2026-07-06T14:00:00-04:00
2026-07-06T13:20:00.128831-05:00,2026-07-06T18:20:00.128831+00:00,CL=F,WTI,Commodity,68.529999,68.690002,-0.160004,-0.2329,down,2026-07-06T14:00:00-04:00
2026-07-06T13:20:00.128831-05:00,2026-07-06T18:20:00.128831+00:00,HG=F,Cobre,Commodity,6.248,6.1145,0.1335,2.1833,up,2026-07-06T14:00:00-04:00
2026-07-06T13:20:00.128831-05:00,2026-07-06T18:20:00.128831+00:00,BTC-USD,Bitcoin,Crypto,63634.011719,63547.882812,86.128906,0.1355,up,2026-07-06T14:15:00-04:00
2026-07-06T15:59:26.154172-05:00,2026-07-06T20:59:26.154172+00:00,USDPEN=X,USD/PEN,FX,3.4054,3.4,0.0054,0.1588,up,2026-07-06T16:45:00-04:00
2026-07-06T15:59:26.154172-05:00,2026-07-06T20:59:26.154172+00:00,EURUSD=X,EUR/USD,FX,1.144427,1.14227,0.002157,0.1888,up,2026-07-06T16:45:00-04:00
2026-07-06T15:59:26.154172-05:00,2026-07-06T20:59:26.154172+00:00,DX-Y.NYB,DXY,Dólar,100.879997,100.860001,0.019997,0.0198,up,2026-07-06T16:45:00-04:00
2026-07-06T15:59:26.154172-05:00,2026-07-06T20:59:26.154172+00:00,^GSPC,S&P 500,Índice,7538.339844,7483.240234,55.099609,0.7363,up,2026-07-06T15:45:00-04:00
2026-07-06T15:59:26.154172-05:00,2026-07-06T20:59:26.154172+00:00,^IXIC,Nasdaq,Índice,26125.308594,25832.669922,292.638672,1.1328,up,2026-07-06T15:45:00-04:00
2026-07-06T15:59:26.154172-05:00,2026-07-06T20:59:26.154172+00:00,^DJI,Dow Jones,Índice,53060.101562,52900.070312,160.03125,0.3025,up,2026-07-06T15:45:00-04:00
2026-07-06T15:59:26.154172-05:00,2026-07-06T20:59:26.154172+00:00,^VIX,VIX,Volatilidad,15.56,16.15,-0.589999,-3.6532,down,2026-07-06T16:00:00-04:00
2026-07-06T15:59:26.154172-05:00,2026-07-06T20:59:26.154172+00:00,^TNX,US 10Y,Tasa,4.479,4.485,-0.006,-0.1338,down,2026-07-06T14:50:00-04:00
2026-07-06T15:59:26.154172-05:00,2026-07-06T20:59:26.154172+00:00,GC=F,Oro,Commodity,4174.899902,4112.700195,62.199707,1.5124,up,2026-07-06T16:45:00-04:00
2026-07-06T15:59:26.154172-05:00,2026-07-06T20:59:26.154172+00:00,CL=F,WTI,Commodity,68.669998,68.690002,-0.020004,-0.0291,down,2026-07-06T16:45:00-04:00
2026-07-06T15:59:26.154172-05:00,2026-07-06T20:59:26.154172+00:00,HG=F,Cobre,Commodity,6.2555,6.1145,0.141,2.306,up,2026-07-06T16:45:00-04:00
2026-07-06T15:59:26.154172-05:00,2026-07-06T20:59:26.154172+00:00,BTC-USD,Bitcoin,Crypto,63797.449219,63547.882812,249.566406,0.3927,up,2026-07-06T16:45:00-04:00
2026-07-06T17:36:02.445480-05:00,2026-07-06T22:36:02.445480+00:00,USDPEN=X,USD/PEN,FX,3.4054,3.4,0.0054,0.1588,up,2026-07-06T16:45:00-04:00
2026-07-06T17:36:02.445480-05:00,2026-07-06T22:36:02.445480+00:00,EURUSD=X,EUR/USD,FX,1.144689,1.14227,0.002419,0.2118,up,2026-07-06T18:30:00-04:00
2026-07-06T17:36:02.445480-05:00,2026-07-06T22:36:02.445480+00:00,DX-Y.NYB,DXY,Dólar,100.855003,100.860001,-0.004997,-0.005,down,2026-07-06T18:00:00-04:00
2026-07-06T17:36:02.445480-05:00,2026-07-06T22:36:02.445480+00:00,^GSPC,S&P 500,Índice,7538.339844,7483.240234,55.099609,0.7363,up,2026-07-06T15:45:00-04:00
2026-07-06T17:36:02.445480-05:00,2026-07-06T22:36:02.445480+00:00,^IXIC,Nasdaq,Índice,26125.308594,25832.669922,292.638672,1.1328,up,2026-07-06T15:45:00-04:00
2026-07-06T17:36:02.445480-05:00,2026-07-06T22:36:02.445480+00:00,^DJI,Dow Jones,Índice,53060.101562,52900.070312,160.03125,0.3025,up,2026-07-06T15:45:00-04:00
2026-07-06T17:36:02.445480-05:00,2026-07-06T22:36:02.445480+00:00,^VIX,VIX,Volatilidad,15.56,16.15,-0.589999,-3.6532,down,2026-07-06T16:00:00-04:00
2026-07-06T17:36:02.445480-05:00,2026-07-06T22:36:02.445480+00:00,^TNX,US 10Y,Tasa,4.479,4.485,-0.006,-0.1338,down,2026-07-06T14:50:00-04:00
2026-07-06T17:36:02.445480-05:00,2026-07-06T22:36:02.445480+00:00,GC=F,Oro,Commodity,4177.0,4112.700195,64.299805,1.5634,up,2026-07-06T18:15:00-04:00
2026-07-06T17:36:02.445480-05:00,2026-07-06T22:36:02.445480+00:00,CL=F,WTI,Commodity,68.699997,68.690002,0.009995,0.0146,up,2026-07-06T18:15:00-04:00
2026-07-06T17:36:02.445480-05:00,2026-07-06T22:36:02.445480+00:00,HG=F,Cobre,Commodity,6.254,6.1145,0.1395,2.2815,up,2026-07-06T18:15:00-04:00
2026-07-06T17:36:02.445480-05:00,2026-07-06T22:36:02.445480+00:00,BTC-USD,Bitcoin,Crypto,64134.300781,63547.882812,586.417969,0.9228,up,2026-07-06T18:30:00-04:00
2026-07-06T19:19:07.311659-05:00,2026-07-07T00:19:07.311659+00:00,USDPEN=X,USD/PEN,FX,3.396,3.333858,0.062142,1.864,up,2026-07-06T20:00:00-04:00
2026-07-06T19:19:07.311659-05:00,2026-07-07T00:19:07.311659+00:00,EURUSD=X,EUR/USD,FX,1.144296,1.143772,0.000524,0.0458,up,2026-07-06T20:15:00-04:00
2026-07-06T19:19:07.311659-05:00,2026-07-07T00:19:07.311659+00:00,DX-Y.NYB,DXY,Dólar,100.871002,100.860001,0.011002,0.0109,up,2026-07-06T20:00:00-04:00
2026-07-06T19:19:07.311659-05:00,2026-07-07T00:19:07.311659+00:00,^GSPC,S&P 500,Índice,7538.339844,7483.240234,55.099609,0.7363,up,2026-07-06T15:45:00-04:00
2026-07-06T19:19:07.311659-05:00,2026-07-07T00:19:07.311659+00:00,^IXIC,Nasdaq,Índice,26125.308594,25832.669922,292.638672,1.1328,up,2026-07-06T15:45:00-04:00
2026-07-06T19:19:07.311659-05:00,2026-07-07T00:19:07.311659+00:00,^DJI,Dow Jones,Índice,53060.101562,52900.070312,160.03125,0.3025,up,2026-07-06T15:45:00-04:00
2026-07-06T19:19:07.311659-05:00,2026-07-07T00:19:07.311659+00:00,^VIX,VIX,Volatilidad,15.56,16.15,-0.589999,-3.6532,down,2026-07-06T16:00:00-04:00
2026-07-06T19:19:07.311659-05:00,2026-07-07T00:19:07.311659+00:00,^TNX,US 10Y,Tasa,4.479,4.485,-0.006,-0.1338,down,2026-07-06T14:50:00-04:00
2026-07-06T19:19:07.311659-05:00,2026-07-07T00:19:07.311659+00:00,GC=F,Oro,Commodity,4168.399902,4112.700195,55.699707,1.3543,up,2026-07-06T20:00:00-04:00
2026-07-06T19:19:07.311659-05:00,2026-07-07T00:19:07.311659+00:00,CL=F,WTI,Commodity,68.849998,68.690002,0.159996,0.2329,up,2026-07-06T20:00:00-04:00
2026-07-06T19:19:07.311659-05:00,2026-07-07T00:19:07.311659+00:00,HG=F,Cobre,Commodity,6.2485,6.1145,0.134,2.1915,up,2026-07-06T20:00:00-04:00
2026-07-06T19:19:07.311659-05:00,2026-07-07T00:19:07.311659+00:00,BTC-USD,Bitcoin,Crypto,64013.699219,63547.882812,465.816406,0.733,up,2026-07-06T20:15:00-04:00
2026-07-07T10:11:57.366907-05:00,2026-07-07T15:11:57.366907+00:00,USDPEN=X,USD/PEN,FX,3.4031,3.333858,0.069242,2.0769,up,2026-07-07T11:00:00-04:00
2026-07-07T10:11:57.366907-05:00,2026-07-07T15:11:57.366907+00:00,EURUSD=X,EUR/USD,FX,1.143511,1.143772,-0.000262,-0.0229,down,2026-07-07T11:00:00-04:00
2026-07-07T10:11:57.366907-05:00,2026-07-07T15:11:57.366907+00:00,DX-Y.NYB,DXY,Dólar,100.921997,100.849998,0.071999,0.0714,up,2026-07-07T11:00:00-04:00
2026-07-07T10:11:57.366907-05:00,2026-07-07T15:11:57.366907+00:00,^GSPC,S&P 500,Índice,7490.609863,7537.430176,-46.820312,-0.6212,down,2026-07-07T11:00:00-04:00
2026-07-07T10:11:57.366907-05:00,2026-07-07T15:11:57.366907+00:00,^IXIC,Nasdaq,Índice,25766.927734,26121.160156,-354.232422,-1.3561,down,2026-07-07T11:00:00-04:00
2026-07-07T10:11:57.366907-05:00,2026-07-07T15:11:57.366907+00:00,^DJI,Dow Jones,Índice,52854.609375,53055.910156,-201.300781,-0.3794,down,2026-07-07T11:00:00-04:00
2026-07-07T10:11:57.366907-05:00,2026-07-07T15:11:57.366907+00:00,^VIX,VIX,Volatilidad,16.360001,15.57,0.790001,5.0739,up,2026-07-07T10:45:00-04:00
2026-07-07T10:11:57.366907-05:00,2026-07-07T15:11:57.366907+00:00,^TNX,US 10Y,Tasa,4.509,4.485,0.024,0.5351,up,2026-07-07T10:50:00-04:00
2026-07-07T10:11:57.366907-05:00,2026-07-07T15:11:57.366907+00:00,GC=F,Oro,Commodity,4165.200195,4155.100098,10.100098,0.2431,up,2026-07-07T11:00:00-04:00
2026-07-07T10:11:57.366907-05:00,2026-07-07T15:11:57.366907+00:00,CL=F,WTI,Commodity,70.169998,68.550003,1.619995,2.3632,up,2026-07-07T11:00:00-04:00
2026-07-07T10:11:57.366907-05:00,2026-07-07T15:11:57.366907+00:00,HG=F,Cobre,Commodity,6.2405,6.178,0.0625,1.0117,up,2026-07-07T11:00:00-04:00
2026-07-07T10:11:57.366907-05:00,2026-07-07T15:11:57.366907+00:00,BTC-USD,Bitcoin,Crypto,63485.011719,63995.015625,-510.003906,-0.7969,down,2026-07-07T11:00:00-04:00
2026-07-07T12:25:08.230153-05:00,2026-07-07T17:25:08.230153+00:00,USDPEN=X,USD/PEN,FX,3.4037,3.333858,0.069842,2.0949,up,2026-07-07T13:15:00-04:00
2026-07-07T12:25:08.230153-05:00,2026-07-07T17:25:08.230153+00:00,EURUSD=X,EUR/USD,FX,1.142857,1.143772,-0.000915,-0.08,down,2026-07-07T13:15:00-04:00
2026-07-07T12:25:08.230153-05:00,2026-07-07T17:25:08.230153+00:00,DX-Y.NYB,DXY,Dólar,100.983002,100.849998,0.133003,0.1319,up,2026-07-07T13:15:00-04:00
2026-07-07T12:25:08.230153-05:00,2026-07-07T17:25:08.230153+00:00,^GSPC,S&P 500,Índice,7516.419922,7537.430176,-21.010254,-0.2787,down,2026-07-07T13:15:00-04:00
2026-07-07T12:25:08.230153-05:00,2026-07-07T17:25:08.230153+00:00,^IXIC,Nasdaq,Índice,25949.587891,26121.160156,-171.572266,-0.6568,down,2026-07-07T13:15:00-04:00
2026-07-07T12:25:08.230153-05:00,2026-07-07T17:25:08.230153+00:00,^DJI,Dow Jones,Índice,52903.289062,53055.910156,-152.621094,-0.2877,down,2026-07-07T13:15:00-04:00
2026-07-07T12:25:08.230153-05:00,2026-07-07T17:25:08.230153+00:00,^VIX,VIX,Volatilidad,15.67,15.57,0.1,0.6423,up,2026-07-07T13:00:00-04:00
2026-07-07T12:25:08.230153-05:00,2026-07-07T17:25:08.230153+00:00,^TNX,US 10Y,Tasa,4.523,4.485,0.038,0.8473,up,2026-07-07T13:05:00-04:00
2026-07-07T12:25:08.230153-05:00,2026-07-07T17:25:08.230153+00:00,GC=F,Oro,Commodity,4154.299805,4155.100098,-0.800293,-0.0193,down,2026-07-07T13:15:00-04:00
2026-07-07T12:25:08.230153-05:00,2026-07-07T17:25:08.230153+00:00,CL=F,WTI,Commodity,70.400002,68.550003,1.849998,2.6988,up,2026-07-07T13:15:00-04:00
2026-07-07T12:25:08.230153-05:00,2026-07-07T17:25:08.230153+00:00,HG=F,Cobre,Commodity,6.2105,6.178,0.0325,0.5261,up,2026-07-07T13:15:00-04:00
2026-07-07T12:25:08.230153-05:00,2026-07-07T17:25:08.230153+00:00,BTC-USD,Bitcoin,Crypto,64011.03125,63995.015625,16.015625,0.025,up,2026-07-07T13:15:00-04:00
2026-07-07T15:12:10.227226-05:00,2026-07-07T20:12:10.227226+00:00,USDPEN=X,USD/PEN,FX,3.3966,3.333858,0.062742,1.882,up,2026-07-07T16:00:00-04:00
2026-07-07T15:12:10.227226-05:00,2026-07-07T20:12:10.227226+00:00,EURUSD=X,EUR/USD,FX,1.141813,1.143772,-0.001959,-0.1713,down,2026-07-07T16:00:00-04:00
2026-07-07T15:12:10.227226-05:00,2026-07-07T20:12:10.227226+00:00,DX-Y.NYB,DXY,Dólar,101.053001,100.849998,0.203003,0.2013,up,2026-07-07T16:00:00-04:00
2026-07-07T15:12:10.227226-05:00,2026-07-07T20:12:10.227226+00:00,^GSPC,S&P 500,Índice,7503.359863,7537.430176,-34.070312,-0.452,down,2026-07-07T15:45:00-04:00
2026-07-07T15:12:10.227226-05:00,2026-07-07T20:12:10.227226+00:00,^IXIC,Nasdaq,Índice,25819.589844,26121.160156,-301.570312,-1.1545,down,2026-07-07T15:45:00-04:00
2026-07-07T15:12:10.227226-05:00,2026-07-07T20:12:10.227226+00:00,^DJI,Dow Jones,Índice,52913.980469,53055.910156,-141.929688,-0.2675,down,2026-07-07T15:45:00-04:00
2026-07-07T15:12:10.227226-05:00,2026-07-07T20:12:10.227226+00:00,^VIX,VIX,Volatilidad,16.09,15.57,0.52,3.3398,up,2026-07-07T15:45:00-04:00
2026-07-07T15:12:10.227226-05:00,2026-07-07T20:12:10.227226+00:00,^TNX,US 10Y,Tasa,4.529,4.485,0.044,0.9811,up,2026-07-07T14:50:00-04:00
2026-07-07T15:12:10.227226-05:00,2026-07-07T20:12:10.227226+00:00,GC=F,Oro,Commodity,4125.700195,4155.100098,-29.399902,-0.7076,down,2026-07-07T16:00:00-04:00
2026-07-07T15:12:10.227226-05:00,2026-07-07T20:12:10.227226+00:00,CL=F,WTI,Commodity,71.989998,68.550003,3.439995,5.0182,up,2026-07-07T16:00:00-04:00
2026-07-07T15:12:10.227226-05:00,2026-07-07T20:12:10.227226+00:00,HG=F,Cobre,Commodity,6.1865,6.178,0.0085,0.1376,up,2026-07-07T16:00:00-04:00
2026-07-07T15:12:10.227226-05:00,2026-07-07T20:12:10.227226+00:00,BTC-USD,Bitcoin,Crypto,63693.859375,63995.015625,-301.15625,-0.4706,down,2026-07-07T16:00:00-04:00
2026-07-07T16:39:48.767123-05:00,2026-07-07T21:39:48.767123+00:00,USDPEN=X,USD/PEN,FX,3.3965,3.333858,0.062642,1.879,up,2026-07-07T17:15:00-04:00
2026-07-07T16:39:48.767123-05:00,2026-07-07T21:39:48.767123+00:00,EURUSD=X,EUR/USD,FX,1.141032,1.143772,-0.002741,-0.2396,down,2026-07-07T17:30:00-04:00
2026-07-07T16:39:48.767123-05:00,2026-07-07T21:39:48.767123+00:00,DX-Y.NYB,DXY,Dólar,101.114998,100.849998,0.264999,0.2628,up,2026-07-07T17:15:00-04:00
2026-07-07T16:39:48.767123-05:00,2026-07-07T21:39:48.767123+00:00,^GSPC,S&P 500,Índice,7503.359863,7537.430176,-34.070312,-0.452,down,2026-07-07T15:45:00-04:00
2026-07-07T16:39:48.767123-05:00,2026-07-07T21:39:48.767123+00:00,^IXIC,Nasdaq,Índice,25819.589844,26121.160156,-301.570312,-1.1545,down,2026-07-07T15:45:00-04:00
2026-07-07T16:39:48.767123-05:00,2026-07-07T21:39:48.767123+00:00,^DJI,Dow Jones,Índice,52913.980469,53055.910156,-141.929688,-0.2675,down,2026-07-07T15:45:00-04:00
2026-07-07T16:39:48.767123-05:00,2026-07-07T21:39:48.767123+00:00,^VIX,VIX,Volatilidad,16.209999,15.57,0.639999,4.1105,up,2026-07-07T15:45:00-04:00
2026-07-07T16:39:48.767123-05:00,2026-07-07T21:39:48.767123+00:00,^TNX,US 10Y,Tasa,4.529,4.485,0.044,0.9811,up,2026-07-07T14:50:00-04:00
2026-07-07T16:39:48.767123-05:00,2026-07-07T21:39:48.767123+00:00,GC=F,Oro,Commodity,4116.600098,4155.100098,-38.5,-0.9266,down,2026-07-07T16:45:00-04:00
2026-07-07T16:39:48.767123-05:00,2026-07-07T21:39:48.767123+00:00,CL=F,WTI,Commodity,72.199997,68.550003,3.649994,5.3246,up,2026-07-07T16:45:00-04:00
2026-07-07T16:39:48.767123-05:00,2026-07-07T21:39:48.767123+00:00,HG=F,Cobre,Commodity,6.182,6.178,0.004,0.0647,up,2026-07-07T16:45:00-04:00
2026-07-07T16:39:48.767123-05:00,2026-07-07T21:39:48.767123+00:00,BTC-USD,Bitcoin,Crypto,63331.0,63995.015625,-664.015625,-1.0376,down,2026-07-07T17:30:00-04:00
2026-07-07T18:13:40.423210-05:00,2026-07-07T23:13:40.423210+00:00,USDPEN=X,USD/PEN,FX,3.3965,3.328134,0.068366,2.0542,up,2026-07-07T19:00:00-04:00
2026-07-07T18:13:40.423210-05:00,2026-07-07T23:13:40.423210+00:00,EURUSD=X,EUR/USD,FX,1.140771,1.144178,-0.003407,-0.2977,down,2026-07-07T19:00:00-04:00
2026-07-07T18:13:40.423210-05:00,2026-07-07T23:13:40.423210+00:00,DX-Y.NYB,DXY,Dólar,101.122002,100.849998,0.272003,0.2697,up,2026-07-07T18:00:00-04:00
2026-07-07T18:13:40.423210-05:00,2026-07-07T23:13:40.423210+00:00,^GSPC,S&P 500,Índice,7503.359863,7537.430176,-34.070312,-0.452,down,2026-07-07T15:45:00-04:00
2026-07-07T18:13:40.423210-05:00,2026-07-07T23:13:40.423210+00:00,^IXIC,Nasdaq,Índice,25819.589844,26121.160156,-301.570312,-1.1545,down,2026-07-07T15:45:00-04:00
2026-07-07T18:13:40.423210-05:00,2026-07-07T23:13:40.423210+00:00,^DJI,Dow Jones,Índice,52913.980469,53055.910156,-141.929688,-0.2675,down,2026-07-07T15:45:00-04:00
2026-07-07T18:13:40.423210-05:00,2026-07-07T23:13:40.423210+00:00,^VIX,VIX,Volatilidad,16.209999,15.57,0.639999,4.1105,up,2026-07-07T15:45:00-04:00
2026-07-07T18:13:40.423210-05:00,2026-07-07T23:13:40.423210+00:00,^TNX,US 10Y,Tasa,4.529,4.485,0.044,0.9811,up,2026-07-07T14:50:00-04:00
2026-07-07T18:13:40.423210-05:00,2026-07-07T23:13:40.423210+00:00,GC=F,Oro,Commodity,4107.399902,4155.100098,-47.700195,-1.148,down,2026-07-07T19:00:00-04:00
2026-07-07T18:13:40.423210-05:00,2026-07-07T23:13:40.423210+00:00,CL=F,WTI,Commodity,72.440002,68.550003,3.889999,5.6747,up,2026-07-07T19:00:00-04:00
2026-07-07T18:13:40.423210-05:00,2026-07-07T23:13:40.423210+00:00,HG=F,Cobre,Commodity,6.17,6.178,-0.008,-0.1295,down,2026-07-07T19:00:00-04:00
2026-07-07T18:13:40.423210-05:00,2026-07-07T23:13:40.423210+00:00,BTC-USD,Bitcoin,Crypto,63583.761719,63995.015625,-411.253906,-0.6426,down,2026-07-07T19:00:00-04:00
2026-07-07T19:10:34.685129-05:00,2026-07-08T00:10:34.685129+00:00,USDPEN=X,USD/PEN,FX,3.397,3.328134,0.068866,2.0692,up,2026-07-07T20:00:00-04:00
2026-07-07T19:10:34.685129-05:00,2026-07-08T00:10:34.685129+00:00,EURUSD=X,EUR/USD,FX,1.140771,1.144178,-0.003407,-0.2977,down,2026-07-07T20:00:00-04:00
2026-07-07T19:10:34.685129-05:00,2026-07-08T00:10:34.685129+00:00,DX-Y.NYB,DXY,Dólar,101.191002,100.849998,0.341003,0.3381,up,2026-07-07T20:00:00-04:00
2026-07-07T19:10:34.685129-05:00,2026-07-08T00:10:34.685129+00:00,^GSPC,S&P 500,Índice,7503.359863,7537.430176,-34.070312,-0.452,down,2026-07-07T15:45:00-04:00
2026-07-07T19:10:34.685129-05:00,2026-07-08T00:10:34.685129+00:00,^IXIC,Nasdaq,Índice,25819.589844,26121.160156,-301.570312,-1.1545,down,2026-07-07T15:45:00-04:00
2026-07-07T19:10:34.685129-05:00,2026-07-08T00:10:34.685129+00:00,^DJI,Dow Jones,Índice,52913.980469,53055.910156,-141.929688,-0.2675,down,2026-07-07T15:45:00-04:00
2026-07-07T19:10:34.685129-05:00,2026-07-08T00:10:34.685129+00:00,^VIX,VIX,Volatilidad,16.209999,15.57,0.639999,4.1105,up,2026-07-07T15:45:00-04:00
2026-07-07T19:10:34.685129-05:00,2026-07-08T00:10:34.685129+00:00,^TNX,US 10Y,Tasa,4.529,4.485,0.044,0.9811,up,2026-07-07T14:50:00-04:00
2026-07-07T19:10:34.685129-05:00,2026-07-08T00:10:34.685129+00:00,GC=F,Oro,Commodity,4109.899902,4155.100098,-45.200195,-1.0878,down,2026-07-07T20:00:00-04:00
2026-07-07T19:10:34.685129-05:00,2026-07-08T00:10:34.685129+00:00,CL=F,WTI,Commodity,72.449997,68.550003,3.899994,5.6893,up,2026-07-07T20:00:00-04:00
2026-07-07T19:10:34.685129-05:00,2026-07-08T00:10:34.685129+00:00,HG=F,Cobre,Commodity,6.1665,6.178,-0.0115,-0.1861,down,2026-07-07T20:00:00-04:00
2026-07-07T19:10:34.685129-05:00,2026-07-08T00:10:34.685129+00:00,BTC-USD,Bitcoin,Crypto,63437.980469,63995.015625,-557.035156,-0.8704,down,2026-07-07T20:00:00-04:00
2026-07-08T09:39:05.702513-05:00,2026-07-08T14:39:05.702513+00:00,USDPEN=X,USD/PEN,FX,3.4068,3.328134,0.078666,2.3637,up,2026-07-08T10:30:00-04:00
2026-07-08T09:39:05.702513-05:00,2026-07-08T14:39:05.702513+00:00,EURUSD=X,EUR/USD,FX,1.140901,1.144178,-0.003276,-0.2864,down,2026-07-08T10:30:00-04:00
2026-07-08T09:39:05.702513-05:00,2026-07-08T14:39:05.702513+00:00,DX-Y.NYB,DXY,Dólar,101.117996,101.139999,-0.022003,-0.0218,down,2026-07-08T10:15:00-04:00
2026-07-08T09:39:05.702513-05:00,2026-07-08T14:39:05.702513+00:00,^GSPC,S&P 500,Índice,7450.950195,7503.850098,-52.899902,-0.705,down,2026-07-08T10:30:00-04:00
2026-07-08T09:39:05.702513-05:00,2026-07-08T14:39:05.702513+00:00,^IXIC,Nasdaq,Índice,25678.1875,25818.689453,-140.501953,-0.5442,down,2026-07-08T10:30:00-04:00
2026-07-08T09:39:05.702513-05:00,2026-07-08T14:39:05.702513+00:00,^DJI,Dow Jones,Índice,52230.949219,52925.148438,-694.199219,-1.3117,down,2026-07-08T10:30:00-04:00
2026-07-08T09:39:05.702513-05:00,2026-07-08T14:39:05.702513+00:00,^VIX,VIX,Volatilidad,17.440001,16.129999,1.310001,8.1215,up,2026-07-08T10:15:00-04:00
2026-07-08T09:39:05.702513-05:00,2026-07-08T14:39:05.702513+00:00,^TNX,US 10Y,Tasa,4.581,4.529,0.052001,1.1482,up,2026-07-08T10:20:00-04:00
2026-07-08T09:39:05.702513-05:00,2026-07-08T14:39:05.702513+00:00,GC=F,Oro,Commodity,4072.300049,4145.299805,-72.999756,-1.761,down,2026-07-08T10:15:00-04:00
2026-07-08T09:39:05.702513-05:00,2026-07-08T14:39:05.702513+00:00,CL=F,WTI,Commodity,75.400002,70.440002,4.959999,7.0415,up,2026-07-08T10:15:00-04:00
2026-07-08T09:39:05.702513-05:00,2026-07-08T14:39:05.702513+00:00,HG=F,Cobre,Commodity,6.109,6.1715,-0.0625,-1.0127,down,2026-07-08T10:15:00-04:00
2026-07-08T09:39:05.702513-05:00,2026-07-08T14:39:05.702513+00:00,BTC-USD,Bitcoin,Crypto,61869.820312,63297.394531,-1427.574219,-2.2553,down,2026-07-08T10:30:00-04:00
2026-07-08T11:48:22.741323-05:00,2026-07-08T16:48:22.741323+00:00,USDPEN=X,USD/PEN,FX,3.4082,3.328134,0.080066,2.4057,up,2026-07-08T12:45:00-04:00
2026-07-08T11:48:22.741323-05:00,2026-07-08T16:48:22.741323+00:00,EURUSD=X,EUR/USD,FX,1.141553,1.144178,-0.002625,-0.2294,down,2026-07-08T12:45:00-04:00
2026-07-08T11:48:22.741323-05:00,2026-07-08T16:48:22.741323+00:00,DX-Y.NYB,DXY,Dólar,101.153,101.139999,0.013,0.0129,up,2026-07-08T12:30:00-04:00
2026-07-08T11:48:22.741323-05:00,2026-07-08T16:48:22.741323+00:00,^GSPC,S&P 500,Índice,7467.200195,7503.850098,-36.649902,-0.4884,down,2026-07-08T12:45:00-04:00
2026-07-08T11:48:22.741323-05:00,2026-07-08T16:48:22.741323+00:00,^IXIC,Nasdaq,Índice,25755.099609,25818.689453,-63.589844,-0.2463,down,2026-07-08T12:45:00-04:00
2026-07-08T11:48:22.741323-05:00,2026-07-08T16:48:22.741323+00:00,^DJI,Dow Jones,Índice,52292.609375,52925.148438,-632.539062,-1.1952,down,2026-07-08T12:45:00-04:00
2026-07-08T11:48:22.741323-05:00,2026-07-08T16:48:22.741323+00:00,^VIX,VIX,Volatilidad,17.440001,16.129999,1.310001,8.1215,up,2026-07-08T12:30:00-04:00
2026-07-08T11:48:22.741323-05:00,2026-07-08T16:48:22.741323+00:00,^TNX,US 10Y,Tasa,4.587,4.529,0.058,1.2806,up,2026-07-08T12:20:00-04:00
2026-07-08T11:48:22.741323-05:00,2026-07-08T16:48:22.741323+00:00,GC=F,Oro,Commodity,4051.300049,4145.299805,-93.999756,-2.2676,down,2026-07-08T12:30:00-04:00
2026-07-08T11:48:22.741323-05:00,2026-07-08T16:48:22.741323+00:00,CL=F,WTI,Commodity,75.169998,70.440002,4.729996,6.7149,up,2026-07-08T12:30:00-04:00
2026-07-08T11:48:22.741323-05:00,2026-07-08T16:48:22.741323+00:00,HG=F,Cobre,Commodity,6.09,6.1715,-0.0815,-1.3206,down,2026-07-08T12:30:00-04:00
2026-07-08T11:48:22.741323-05:00,2026-07-08T16:48:22.741323+00:00,BTC-USD,Bitcoin,Crypto,61963.570312,63297.394531,-1333.824219,-2.1072,down,2026-07-08T12:45:00-04:00
2026-07-08T13:42:04.145759-05:00,2026-07-08T18:42:04.145759+00:00,USDPEN=X,USD/PEN,FX,3.4066,3.328134,0.078466,2.3577,up,2026-07-08T14:30:00-04:00
2026-07-08T13:42:04.145759-05:00,2026-07-08T18:42:04.145759+00:00,EURUSD=X,EUR/USD,FX,1.143118,1.144178,-0.001059,-0.0926,down,2026-07-08T14:30:00-04:00
2026-07-08T13:42:04.145759-05:00,2026-07-08T18:42:04.145759+00:00,DX-Y.NYB,DXY,Dólar,101.001999,101.139999,-0.138,-0.1364,down,2026-07-08T14:30:00-04:00
2026-07-08T13:42:04.145759-05:00,2026-07-08T18:42:04.145759+00:00,^GSPC,S&P 500,Índice,7474.680176,7503.850098,-29.169922,-0.3887,down,2026-07-08T14:30:00-04:00
2026-07-08T13:42:04.145759-05:00,2026-07-08T18:42:04.145759+00:00,^IXIC,Nasdaq,Índice,25785.996094,25818.689453,-32.693359,-0.1266,down,2026-07-08T14:30:00-04:00
2026-07-08T13:42:04.145759-05:00,2026-07-08T18:42:04.145759+00:00,^DJI,Dow Jones,Índice,52361.21875,52925.148438,-563.929688,-1.0655,down,2026-07-08T14:30:00-04:00
2026-07-08T13:42:04.145759-05:00,2026-07-08T18:42:04.145759+00:00,^VIX,VIX,Volatilidad,16.790001,16.129999,0.660002,4.0918,up,2026-07-08T14:15:00-04:00
2026-07-08T13:42:04.145759-05:00,2026-07-08T18:42:04.145759+00:00,^TNX,US 10Y,Tasa,4.569,4.529,0.04,0.8832,up,2026-07-08T14:20:00-04:00
2026-07-08T13:42:04.145759-05:00,2026-07-08T18:42:04.145759+00:00,GC=F,Oro,Commodity,4078.800049,4145.299805,-66.499756,-1.6042,down,2026-07-08T14:30:00-04:00
2026-07-08T13:42:04.145759-05:00,2026-07-08T18:42:04.145759+00:00,CL=F,WTI,Commodity,73.589996,70.440002,3.149994,4.4719,up,2026-07-08T14:30:00-04:00
2026-07-08T13:42:04.145759-05:00,2026-07-08T18:42:04.145759+00:00,HG=F,Cobre,Commodity,6.1235,6.1715,-0.048,-0.7778,down,2026-07-08T14:30:00-04:00
2026-07-08T13:42:04.145759-05:00,2026-07-08T18:42:04.145759+00:00,BTC-USD,Bitcoin,Crypto,62002.371094,63297.394531,-1295.023438,-2.0459,down,2026-07-08T14:30:00-04:00
2026-07-08T15:36:42.561796-05:00,2026-07-08T20:36:42.561796+00:00,USDPEN=X,USD/PEN,FX,3.4056,3.328134,0.077466,2.3276,up,2026-07-08T15:45:00-04:00
2026-07-08T15:36:42.561796-05:00,2026-07-08T20:36:42.561796+00:00,EURUSD=X,EUR/USD,FX,1.141944,1.144178,-0.002234,-0.1953,down,2026-07-08T16:30:00-04:00
2026-07-08T15:36:42.561796-05:00,2026-07-08T20:36:42.561796+00:00,DX-Y.NYB,DXY,Dólar,101.018997,101.139999,-0.121002,-0.1196,down,2026-07-08T16:15:00-04:00
2026-07-08T15:36:42.561796-05:00,2026-07-08T20:36:42.561796+00:00,^GSPC,S&P 500,Índice,7481.459961,7503.850098,-22.390137,-0.2984,down,2026-07-08T15:45:00-04:00
2026-07-08T15:36:42.561796-05:00,2026-07-08T20:36:42.561796+00:00,^IXIC,Nasdaq,Índice,25868.285156,25818.689453,49.595703,0.1921,up,2026-07-08T15:45:00-04:00
2026-07-08T15:36:42.561796-05:00,2026-07-08T20:36:42.561796+00:00,^DJI,Dow Jones,Índice,52337.421875,52925.148438,-587.726562,-1.1105,down,2026-07-08T15:45:00-04:00
2026-07-08T15:36:42.561796-05:00,2026-07-08T20:36:42.561796+00:00,^VIX,VIX,Volatilidad,16.879999,16.129999,0.75,4.6497,up,2026-07-08T16:00:00-04:00
2026-07-08T15:36:42.561796-05:00,2026-07-08T20:36:42.561796+00:00,^TNX,US 10Y,Tasa,4.569,4.529,0.04,0.8832,up,2026-07-08T14:50:00-04:00
2026-07-08T15:36:42.561796-05:00,2026-07-08T20:36:42.561796+00:00,GC=F,Oro,Commodity,4085.199951,4145.299805,-60.099854,-1.4498,down,2026-07-08T16:15:00-04:00
2026-07-08T15:36:42.561796-05:00,2026-07-08T20:36:42.561796+00:00,CL=F,WTI,Commodity,74.589996,70.440002,4.149994,5.8915,up,2026-07-08T16:15:00-04:00
2026-07-08T15:36:42.561796-05:00,2026-07-08T20:36:42.561796+00:00,HG=F,Cobre,Commodity,6.123,6.1715,-0.0485,-0.7859,down,2026-07-08T16:15:00-04:00
2026-07-08T15:36:42.561796-05:00,2026-07-08T20:36:42.561796+00:00,BTC-USD,Bitcoin,Crypto,62119.21875,63297.394531,-1178.175781,-1.8613,down,2026-07-08T16:30:00-04:00
2026-07-08T17:16:16.313197-05:00,2026-07-08T22:16:16.313197+00:00,USDPEN=X,USD/PEN,FX,3.4066,3.396,0.0106,0.3121,up,2026-07-08T18:00:00-04:00
2026-07-08T17:16:16.313197-05:00,2026-07-08T22:16:16.313197+00:00,EURUSD=X,EUR/USD,FX,1.142074,1.144178,-0.002104,-0.1839,down,2026-07-08T18:15:00-04:00
2026-07-08T17:16:16.313197-05:00,2026-07-08T22:16:16.313197+00:00,DX-Y.NYB,DXY,Dólar,101.066002,101.139999,-0.073997,-0.0732,down,2026-07-08T18:00:00-04:00
2026-07-08T17:16:16.313197-05:00,2026-07-08T22:16:16.313197+00:00,^GSPC,S&P 500,Índice,7481.459961,7503.850098,-22.390137,-0.2984,down,2026-07-08T15:45:00-04:00
2026-07-08T17:16:16.313197-05:00,2026-07-08T22:16:16.313197+00:00,^IXIC,Nasdaq,Índice,25868.285156,25818.689453,49.595703,0.1921,up,2026-07-08T15:45:00-04:00
2026-07-08T17:16:16.313197-05:00,2026-07-08T22:16:16.313197+00:00,^DJI,Dow Jones,Índice,52337.421875,52925.148438,-587.726562,-1.1105,down,2026-07-08T15:45:00-04:00
2026-07-08T17:16:16.313197-05:00,2026-07-08T22:16:16.313197+00:00,^VIX,VIX,Volatilidad,16.879999,16.129999,0.75,4.6497,up,2026-07-08T16:00:00-04:00
2026-07-08T17:16:16.313197-05:00,2026-07-08T22:16:16.313197+00:00,^TNX,US 10Y,Tasa,4.569,4.529,0.04,0.8832,up,2026-07-08T14:50:00-04:00
2026-07-08T17:16:16.313197-05:00,2026-07-08T22:16:16.313197+00:00,GC=F,Oro,Commodity,4086.300049,4145.299805,-58.999756,-1.4233,down,2026-07-08T18:00:00-04:00
2026-07-08T17:16:16.313197-05:00,2026-07-08T22:16:16.313197+00:00,CL=F,WTI,Commodity,74.589996,70.440002,4.149994,5.8915,up,2026-07-08T18:00:00-04:00
2026-07-08T17:16:16.313197-05:00,2026-07-08T22:16:16.313197+00:00,HG=F,Cobre,Commodity,6.12,6.1715,-0.0515,-0.8345,down,2026-07-08T18:00:00-04:00
2026-07-08T17:16:16.313197-05:00,2026-07-08T22:16:16.313197+00:00,BTC-USD,Bitcoin,Crypto,62196.410156,63297.394531,-1100.984375,-1.7394,down,2026-07-08T18:15:00-04:00
2026-07-08T18:30:29.374560-05:00,2026-07-08T23:30:29.374560+00:00,USDPEN=X,USD/PEN,FX,3.4059,3.396,0.0099,0.2915,up,2026-07-08T19:15:00-04:00
2026-07-08T18:30:29.374560-05:00,2026-07-08T23:30:29.374560+00:00,EURUSD=X,EUR/USD,FX,1.142204,1.140381,0.001824,0.1599,up,2026-07-08T19:15:00-04:00
2026-07-08T18:30:29.374560-05:00,2026-07-08T23:30:29.374560+00:00,DX-Y.NYB,DXY,Dólar,101.066002,101.139999,-0.073997,-0.0732,down,2026-07-08T18:00:00-04:00
2026-07-08T18:30:29.374560-05:00,2026-07-08T23:30:29.374560+00:00,^GSPC,S&P 500,Índice,7481.459961,7503.850098,-22.390137,-0.2984,down,2026-07-08T15:45:00-04:00
2026-07-08T18:30:29.374560-05:00,2026-07-08T23:30:29.374560+00:00,^IXIC,Nasdaq,Índice,25868.285156,25818.689453,49.595703,0.1921,up,2026-07-08T15:45:00-04:00
2026-07-08T18:30:29.374560-05:00,2026-07-08T23:30:29.374560+00:00,^DJI,Dow Jones,Índice,52337.421875,52925.148438,-587.726562,-1.1105,down,2026-07-08T15:45:00-04:00
2026-07-08T18:30:29.374560-05:00,2026-07-08T23:30:29.374560+00:00,^VIX,VIX,Volatilidad,16.879999,16.129999,0.75,4.6497,up,2026-07-08T16:00:00-04:00
2026-07-08T18:30:29.374560-05:00,2026-07-08T23:30:29.374560+00:00,^TNX,US 10Y,Tasa,4.569,4.529,0.04,0.8832,up,2026-07-08T14:50:00-04:00
2026-07-08T18:30:29.374560-05:00,2026-07-08T23:30:29.374560+00:00,GC=F,Oro,Commodity,4085.399902,4145.299805,-59.899902,-1.445,down,2026-07-08T19:15:00-04:00
2026-07-08T18:30:29.374560-05:00,2026-07-08T23:30:29.374560+00:00,CL=F,WTI,Commodity,74.559998,70.440002,4.119995,5.8489,up,2026-07-08T19:15:00-04:00
2026-07-08T18:30:29.374560-05:00,2026-07-08T23:30:29.374560+00:00,HG=F,Cobre,Commodity,6.121,6.1715,-0.0505,-0.8183,down,2026-07-08T19:15:00-04:00
2026-07-08T18:30:29.374560-05:00,2026-07-08T23:30:29.374560+00:00,BTC-USD,Bitcoin,Crypto,62177.429688,63297.394531,-1119.964844,-1.7694,down,2026-07-08T19:30:00-04:00
2026-07-09T10:32:03.252365-05:00,2026-07-09T15:32:03.252365+00:00,USDPEN=X,USD/PEN,FX,3.403,3.396,0.007,0.2061,up,2026-07-09T11:30:00-04:00
2026-07-09T10:32:03.252365-05:00,2026-07-09T15:32:03.252365+00:00,EURUSD=X,EUR/USD,FX,1.143641,1.140381,0.00326,0.2859,up,2026-07-09T11:30:00-04:00
2026-07-09T10:32:03.252365-05:00,2026-07-09T15:32:03.252365+00:00,DX-Y.NYB,DXY,Dólar,100.958,101.050003,-0.092003,-0.091,down,2026-07-09T11:15:00-04:00
2026-07-09T10:32:03.252365-05:00,2026-07-09T15:32:03.252365+00:00,^GSPC,S&P 500,Índice,7523.589844,7482.709961,40.879883,0.5463,up,2026-07-09T11:30:00-04:00
2026-07-09T10:32:03.252365-05:00,2026-07-09T15:32:03.252365+00:00,^IXIC,Nasdaq,Índice,26068.177734,25870.650391,197.527344,0.7635,up,2026-07-09T11:30:00-04:00
2026-07-09T10:32:03.252365-05:00,2026-07-09T15:32:03.252365+00:00,^DJI,Dow Jones,Índice,52467.691406,52348.390625,119.300781,0.2279,up,2026-07-09T11:30:00-04:00
2026-07-09T10:32:03.252365-05:00,2026-07-09T15:32:03.252365+00:00,^VIX,VIX,Volatilidad,16.290001,16.9,-0.609999,-3.6095,down,2026-07-09T11:15:00-04:00
2026-07-09T10:32:03.252365-05:00,2026-07-09T15:32:03.252365+00:00,^TNX,US 10Y,Tasa,4.551,4.569,-0.018,-0.394,down,2026-07-09T11:05:00-04:00
2026-07-09T10:32:03.252365-05:00,2026-07-09T15:32:03.252365+00:00,GC=F,Oro,Commodity,4136.399902,4070.899902,65.5,1.609,up,2026-07-09T11:15:00-04:00
2026-07-09T10:32:03.252365-05:00,2026-07-09T15:32:03.252365+00:00,CL=F,WTI,Commodity,72.25,73.519997,-1.269997,-1.7274,down,2026-07-09T11:15:00-04:00
2026-07-09T10:32:03.252365-05:00,2026-07-09T15:32:03.252365+00:00,HG=F,Cobre,Commodity,6.267,6.0545,0.2125,3.5098,up,2026-07-09T11:15:00-04:00
2026-07-09T10:32:03.252365-05:00,2026-07-09T15:32:03.252365+00:00,BTC-USD,Bitcoin,Crypto,63028.941406,62257.574219,771.367188,1.239,up,2026-07-09T11:30:00-04:00
2026-07-09T13:07:01.177554-05:00,2026-07-09T18:07:01.177554+00:00,USDPEN=X,USD/PEN,FX,3.3985,3.396,0.0025,0.0736,up,2026-07-09T13:45:00-04:00
2026-07-09T13:07:01.177554-05:00,2026-07-09T18:07:01.177554+00:00,EURUSD=X,EUR/USD,FX,1.144034,1.140381,0.003653,0.3203,up,2026-07-09T14:00:00-04:00
2026-07-09T13:07:01.177554-05:00,2026-07-09T18:07:01.177554+00:00,DX-Y.NYB,DXY,Dólar,100.875,101.050003,-0.175003,-0.1732,down,2026-07-09T13:45:00-04:00
2026-07-09T13:07:01.177554-05:00,2026-07-09T18:07:01.177554+00:00,^GSPC,S&P 500,Índice,7544.580078,7482.709961,61.870117,0.8268,up,2026-07-09T14:00:00-04:00
2026-07-09T13:07:01.177554-05:00,2026-07-09T18:07:01.177554+00:00,^IXIC,Nasdaq,Índice,26193.019531,25870.650391,322.369141,1.2461,up,2026-07-09T14:00:00-04:00
2026-07-09T13:07:01.177554-05:00,2026-07-09T18:07:01.177554+00:00,^DJI,Dow Jones,Índice,52545.578125,52348.390625,197.1875,0.3767,up,2026-07-09T14:00:00-04:00
2026-07-09T13:07:01.177554-05:00,2026-07-09T18:07:01.177554+00:00,^VIX,VIX,Volatilidad,15.99,16.9,-0.91,-5.3846,down,2026-07-09T13:45:00-04:00
2026-07-09T13:07:01.177554-05:00,2026-07-09T18:07:01.177554+00:00,^TNX,US 10Y,Tasa,4.529,4.569,-0.039999,-0.8755,down,2026-07-09T13:50:00-04:00
2026-07-09T13:07:01.177554-05:00,2026-07-09T18:07:01.177554+00:00,GC=F,Oro,Commodity,4145.0,4070.899902,74.100098,1.8202,up,2026-07-09T13:45:00-04:00
2026-07-09T13:07:01.177554-05:00,2026-07-09T18:07:01.177554+00:00,CL=F,WTI,Commodity,71.550003,73.519997,-1.969994,-2.6795,down,2026-07-09T13:45:00-04:00
2026-07-09T13:07:01.177554-05:00,2026-07-09T18:07:01.177554+00:00,HG=F,Cobre,Commodity,6.2685,6.0545,0.214,3.5346,up,2026-07-09T13:45:00-04:00
2026-07-09T13:07:01.177554-05:00,2026-07-09T18:07:01.177554+00:00,BTC-USD,Bitcoin,Crypto,63098.429688,62257.574219,840.855469,1.3506,up,2026-07-09T14:00:00-04:00
2026-07-09T15:02:15.013485-05:00,2026-07-09T20:02:15.013485+00:00,USDPEN=X,USD/PEN,FX,3.3987,3.396,0.0027,0.0795,up,2026-07-09T16:00:00-04:00
2026-07-09T15:02:15.013485-05:00,2026-07-09T20:02:15.013485+00:00,EURUSD=X,EUR/USD,FX,1.143118,1.140381,0.002738,0.2401,up,2026-07-09T16:00:00-04:00
2026-07-09T15:02:15.013485-05:00,2026-07-09T20:02:15.013485+00:00,DX-Y.NYB,DXY,Dólar,100.959,101.050003,-0.091003,-0.0901,down,2026-07-09T15:45:00-04:00
2026-07-09T15:02:15.013485-05:00,2026-07-09T20:02:15.013485+00:00,^GSPC,S&P 500,Índice,7542.279785,7482.709961,59.569824,0.7961,up,2026-07-09T15:45:00-04:00
2026-07-09T15:02:15.013485-05:00,2026-07-09T20:02:15.013485+00:00,^IXIC,Nasdaq,Índice,26203.480469,25870.650391,332.830078,1.2865,up,2026-07-09T15:45:00-04:00
2026-07-09T15:02:15.013485-05:00,2026-07-09T20:02:15.013485+00:00,^DJI,Dow Jones,Índice,52480.550781,52348.390625,132.160156,0.2525,up,2026-07-09T15:45:00-04:00
2026-07-09T15:02:15.013485-05:00,2026-07-09T20:02:15.013485+00:00,^VIX,VIX,Volatilidad,15.81,16.9,-1.089999,-6.4497,down,2026-07-09T15:45:00-04:00
2026-07-09T15:02:15.013485-05:00,2026-07-09T20:02:15.013485+00:00,^TNX,US 10Y,Tasa,4.539,4.569,-0.03,-0.6566,down,2026-07-09T14:50:00-04:00
2026-07-09T15:02:15.013485-05:00,2026-07-09T20:02:15.013485+00:00,GC=F,Oro,Commodity,4132.700195,4070.899902,61.800293,1.5181,up,2026-07-09T15:45:00-04:00
2026-07-09T15:02:15.013485-05:00,2026-07-09T20:02:15.013485+00:00,CL=F,WTI,Commodity,71.870003,73.519997,-1.649994,-2.2443,down,2026-07-09T15:45:00-04:00
2026-07-09T15:02:15.013485-05:00,2026-07-09T20:02:15.013485+00:00,HG=F,Cobre,Commodity,6.249,6.0545,0.1945,3.2125,up,2026-07-09T15:45:00-04:00
2026-07-09T15:02:15.013485-05:00,2026-07-09T20:02:15.013485+00:00,BTC-USD,Bitcoin,Crypto,63181.460938,62257.574219,923.886719,1.484,up,2026-07-09T16:00:00-04:00
2026-07-09T16:41:54.710253-05:00,2026-07-09T21:41:54.710253+00:00,USDPEN=X,USD/PEN,FX,3.3985,3.396,0.0025,0.0736,up,2026-07-09T17:15:00-04:00
2026-07-09T16:41:54.710253-05:00,2026-07-09T21:41:54.710253+00:00,EURUSD=X,EUR/USD,FX,1.143511,1.140381,0.00313,0.2744,up,2026-07-09T17:30:00-04:00
2026-07-09T16:41:54.710253-05:00,2026-07-09T21:41:54.710253+00:00,DX-Y.NYB,DXY,Dólar,100.941002,101.050003,-0.109001,-0.1079,down,2026-07-09T17:30:00-04:00
2026-07-09T16:41:54.710253-05:00,2026-07-09T21:41:54.710253+00:00,^GSPC,S&P 500,Índice,7542.279785,7482.709961,59.569824,0.7961,up,2026-07-09T15:45:00-04:00
2026-07-09T16:41:54.710253-05:00,2026-07-09T21:41:54.710253+00:00,^IXIC,Nasdaq,Índice,26203.480469,25870.650391,332.830078,1.2865,up,2026-07-09T15:45:00-04:00
2026-07-09T16:41:54.710253-05:00,2026-07-09T21:41:54.710253+00:00,^DJI,Dow Jones,Índice,52480.550781,52348.390625,132.160156,0.2525,up,2026-07-09T15:45:00-04:00
2026-07-09T16:41:54.710253-05:00,2026-07-09T21:41:54.710253+00:00,^VIX,VIX,Volatilidad,15.84,16.9,-1.059999,-6.2722,down,2026-07-09T16:00:00-04:00
2026-07-09T16:41:54.710253-05:00,2026-07-09T21:41:54.710253+00:00,^TNX,US 10Y,Tasa,4.539,4.569,-0.03,-0.6566,down,2026-07-09T14:50:00-04:00
2026-07-09T16:41:54.710253-05:00,2026-07-09T21:41:54.710253+00:00,GC=F,Oro,Commodity,4132.600098,4070.899902,61.700195,1.5156,up,2026-07-09T16:45:00-04:00
2026-07-09T16:41:54.710253-05:00,2026-07-09T21:41:54.710253+00:00,CL=F,WTI,Commodity,71.809998,73.519997,-1.709999,-2.3259,down,2026-07-09T16:45:00-04:00
2026-07-09T16:41:54.710253-05:00,2026-07-09T21:41:54.710253+00:00,HG=F,Cobre,Commodity,6.2475,6.0545,0.193,3.1877,up,2026-07-09T16:45:00-04:00
2026-07-09T16:41:54.710253-05:00,2026-07-09T21:41:54.710253+00:00,BTC-USD,Bitcoin,Crypto,63194.558594,62257.574219,936.984375,1.505,up,2026-07-09T17:30:00-04:00
2026-07-09T18:35:12.747506-05:00,2026-07-09T23:35:12.747506+00:00,USDPEN=X,USD/PEN,FX,3.3984,3.406,-0.0076,-0.2231,down,2026-07-09T19:15:00-04:00
2026-07-09T18:35:12.747506-05:00,2026-07-09T23:35:12.747506+00:00,EURUSD=X,EUR/USD,FX,1.143511,1.142204,0.001306,0.1144,up,2026-07-09T19:30:00-04:00
2026-07-09T18:35:12.747506-05:00,2026-07-09T23:35:12.747506+00:00,DX-Y.NYB,DXY,Dólar,100.936996,101.050003,-0.113007,-0.1118,down,2026-07-09T18:00:00-04:00
2026-07-09T18:35:12.747506-05:00,2026-07-09T23:35:12.747506+00:00,^GSPC,S&P 500,Índice,7542.279785,7482.709961,59.569824,0.7961,up,2026-07-09T15:45:00-04:00
2026-07-09T18:35:12.747506-05:00,2026-07-09T23:35:12.747506+00:00,^IXIC,Nasdaq,Índice,26203.480469,25870.650391,332.830078,1.2865,up,2026-07-09T15:45:00-04:00
2026-07-09T18:35:12.747506-05:00,2026-07-09T23:35:12.747506+00:00,^DJI,Dow Jones,Índice,52480.550781,52348.390625,132.160156,0.2525,up,2026-07-09T15:45:00-04:00
2026-07-09T18:35:12.747506-05:00,2026-07-09T23:35:12.747506+00:00,^VIX,VIX,Volatilidad,15.84,16.9,-1.059999,-6.2722,down,2026-07-09T16:00:00-04:00
2026-07-09T18:35:12.747506-05:00,2026-07-09T23:35:12.747506+00:00,^TNX,US 10Y,Tasa,4.539,4.569,-0.03,-0.6566,down,2026-07-09T14:50:00-04:00
2026-07-09T18:35:12.747506-05:00,2026-07-09T23:35:12.747506+00:00,GC=F,Oro,Commodity,4131.0,4070.899902,60.100098,1.4763,up,2026-07-09T19:15:00-04:00
2026-07-09T18:35:12.747506-05:00,2026-07-09T23:35:12.747506+00:00,CL=F,WTI,Commodity,71.830002,73.519997,-1.689995,-2.2987,down,2026-07-09T19:15:00-04:00
2026-07-09T18:35:12.747506-05:00,2026-07-09T23:35:12.747506+00:00,HG=F,Cobre,Commodity,6.249,6.0545,0.1945,3.2125,up,2026-07-09T19:15:00-04:00
2026-07-09T18:35:12.747506-05:00,2026-07-09T23:35:12.747506+00:00,BTC-USD,Bitcoin,Crypto,63163.96875,62257.574219,906.394531,1.4559,up,2026-07-09T00:00:00
2026-07-10T09:49:34.849619-05:00,2026-07-10T14:49:34.849619+00:00,USDPEN=X,USD/PEN,FX,3.3945,3.406,-0.0115,-0.3376,down,2026-07-10T10:45:00-04:00
2026-07-10T09:49:34.849619-05:00,2026-07-10T14:49:34.849619+00:00,EURUSD=X,EUR/USD,FX,1.142596,1.142204,0.000392,0.0343,up,2026-07-10T10:45:00-04:00
2026-07-10T09:49:34.849619-05:00,2026-07-10T14:49:34.849619+00:00,DX-Y.NYB,DXY,Dólar,100.920998,100.940002,-0.019005,-0.0188,down,2026-07-10T10:30:00-04:00
2026-07-10T09:49:34.849619-05:00,2026-07-10T14:49:34.849619+00:00,^GSPC,S&P 500,Índice,7548.919922,7543.640137,5.279785,0.07,up,2026-07-10T10:45:00-04:00
2026-07-10T09:49:34.849619-05:00,2026-07-10T14:49:34.849619+00:00,^IXIC,Nasdaq,Índice,26158.052734,26206.890625,-48.837891,-0.1864,down,2026-07-10T10:45:00-04:00
2026-07-10T09:49:34.849619-05:00,2026-07-10T14:49:34.849619+00:00,^DJI,Dow Jones,Índice,52551.730469,52487.410156,64.320312,0.1225,up,2026-07-10T10:45:00-04:00
2026-07-10T09:49:34.849619-05:00,2026-07-10T14:49:34.849619+00:00,^VIX,VIX,Volatilidad,15.82,15.84,-0.02,-0.1263,down,2026-07-10T10:30:00-04:00
2026-07-10T09:49:34.849619-05:00,2026-07-10T14:49:34.849619+00:00,^TNX,US 10Y,Tasa,4.561,4.539,0.022,0.4847,up,2026-07-10T10:20:00-04:00
2026-07-10T09:49:34.849619-05:00,2026-07-10T14:49:34.849619+00:00,GC=F,Oro,Commodity,4103.899902,4130.600098,-26.700195,-0.6464,down,2026-07-10T10:30:00-04:00
2026-07-10T09:49:34.849619-05:00,2026-07-10T14:49:34.849619+00:00,CL=F,WTI,Commodity,72.050003,72.080002,-0.029999,-0.0416,down,2026-07-10T10:30:00-04:00
2026-07-10T09:49:34.849619-05:00,2026-07-10T14:49:34.849619+00:00,HG=F,Cobre,Commodity,6.2685,6.215,0.0535,0.8608,up,2026-07-10T10:30:00-04:00
2026-07-10T09:49:34.849619-05:00,2026-07-10T14:49:34.849619+00:00,BTC-USD,Bitcoin,Crypto,64050.0,63193.148438,856.851562,1.3559,up,2026-07-10T10:45:00-04:00
2026-07-10T12:05:59.484438-05:00,2026-07-10T17:05:59.484438+00:00,USDPEN=X,USD/PEN,FX,3.389,3.406,-0.017,-0.4991,down,2026-07-10T13:00:00-04:00
2026-07-10T12:05:59.484438-05:00,2026-07-10T17:05:59.484438+00:00,EURUSD=X,EUR/USD,FX,1.143118,1.142204,0.000914,0.08,up,2026-07-10T13:00:00-04:00
2026-07-10T12:05:59.484438-05:00,2026-07-10T17:05:59.484438+00:00,DX-Y.NYB,DXY,Dólar,100.806,100.940002,-0.134003,-0.1328,down,2026-07-10T12:45:00-04:00
2026-07-10T12:05:59.484438-05:00,2026-07-10T17:05:59.484438+00:00,^GSPC,S&P 500,Índice,7563.02002,7543.640137,19.379883,0.2569,up,2026-07-10T13:00:00-04:00
2026-07-10T12:05:59.484438-05:00,2026-07-10T17:05:59.484438+00:00,^IXIC,Nasdaq,Índice,26256.837891,26206.890625,49.947266,0.1906,up,2026-07-10T13:00:00-04:00
2026-07-10T12:05:59.484438-05:00,2026-07-10T17:05:59.484438+00:00,^DJI,Dow Jones,Índice,52618.519531,52487.410156,131.109375,0.2498,up,2026-07-10T13:00:00-04:00
2026-07-10T12:05:59.484438-05:00,2026-07-10T17:05:59.484438+00:00,^VIX,VIX,Volatilidad,15.21,15.84,-0.63,-3.9773,down,2026-07-10T12:45:00-04:00
2026-07-10T12:05:59.484438-05:00,2026-07-10T17:05:59.484438+00:00,^TNX,US 10Y,Tasa,4.561,4.539,0.022,0.4847,up,2026-07-10T12:50:00-04:00
2026-07-10T12:05:59.484438-05:00,2026-07-10T17:05:59.484438+00:00,GC=F,Oro,Commodity,4114.899902,4130.600098,-15.700195,-0.3801,down,2026-07-10T12:45:00-04:00
2026-07-10T12:05:59.484438-05:00,2026-07-10T17:05:59.484438+00:00,CL=F,WTI,Commodity,71.07,72.080002,-1.010002,-1.4012,down,2026-07-10T12:45:00-04:00
2026-07-10T12:05:59.484438-05:00,2026-07-10T17:05:59.484438+00:00,HG=F,Cobre,Commodity,6.288,6.215,0.073,1.1746,up,2026-07-10T12:45:00-04:00
2026-07-10T12:05:59.484438-05:00,2026-07-10T17:05:59.484438+00:00,BTC-USD,Bitcoin,Crypto,64041.738281,63193.148438,848.589844,1.3429,up,2026-07-10T13:00:00-04:00
2026-07-10T13:43:36.923556-05:00,2026-07-10T18:43:36.923556+00:00,USDPEN=X,USD/PEN,FX,3.3918,3.406,-0.0142,-0.4169,down,2026-07-10T14:30:00-04:00
2026-07-10T13:43:36.923556-05:00,2026-07-10T18:43:36.923556+00:00,EURUSD=X,EUR/USD,FX,1.141553,1.142204,-0.000652,-0.0571,down,2026-07-10T14:30:00-04:00
2026-07-10T13:43:36.923556-05:00,2026-07-10T18:43:36.923556+00:00,DX-Y.NYB,DXY,Dólar,100.964996,100.940002,0.024994,0.0248,up,2026-07-10T14:30:00-04:00
2026-07-10T13:43:36.923556-05:00,2026-07-10T18:43:36.923556+00:00,^GSPC,S&P 500,Índice,7571.910156,7543.640137,28.27002,0.3748,up,2026-07-10T14:30:00-04:00
2026-07-10T13:43:36.923556-05:00,2026-07-10T18:43:36.923556+00:00,^IXIC,Nasdaq,Índice,26285.902344,26206.890625,79.011719,0.3015,up,2026-07-10T14:30:00-04:00
2026-07-10T13:43:36.923556-05:00,2026-07-10T18:43:36.923556+00:00,^DJI,Dow Jones,Índice,52669.96875,52487.410156,182.558594,0.3478,up,2026-07-10T14:30:00-04:00
2026-07-10T13:43:36.923556-05:00,2026-07-10T18:43:36.923556+00:00,^VIX,VIX,Volatilidad,15.27,15.84,-0.57,-3.5985,down,2026-07-10T14:15:00-04:00
2026-07-10T13:43:36.923556-05:00,2026-07-10T18:43:36.923556+00:00,^TNX,US 10Y,Tasa,4.569,4.539,0.03,0.6609,up,2026-07-10T14:20:00-04:00
2026-07-10T13:43:36.923556-05:00,2026-07-10T18:43:36.923556+00:00,GC=F,Oro,Commodity,4111.399902,4130.600098,-19.200195,-0.4648,down,2026-07-10T14:30:00-04:00
2026-07-10T13:43:36.923556-05:00,2026-07-10T18:43:36.923556+00:00,CL=F,WTI,Commodity,71.470001,72.080002,-0.610001,-0.8463,down,2026-07-10T14:30:00-04:00
2026-07-10T13:43:36.923556-05:00,2026-07-10T18:43:36.923556+00:00,HG=F,Cobre,Commodity,6.28,6.215,0.065,1.0459,up,2026-07-10T14:30:00-04:00
2026-07-10T13:43:36.923556-05:00,2026-07-10T18:43:36.923556+00:00,BTC-USD,Bitcoin,Crypto,63850.011719,63193.148438,656.863281,1.0395,up,2026-07-10T14:30:00-04:00
2026-07-10T15:41:07.105533-05:00,2026-07-10T20:41:07.105533+00:00,USDPEN=X,USD/PEN,FX,3.3905,3.406,-0.0155,-0.4551,down,2026-07-10T16:15:00-04:00
2026-07-10T15:41:07.105533-05:00,2026-07-10T20:41:07.105533+00:00,EURUSD=X,EUR/USD,FX,1.141553,1.142204,-0.000652,-0.0571,down,2026-07-10T16:30:00-04:00
2026-07-10T15:41:07.105533-05:00,2026-07-10T20:41:07.105533+00:00,DX-Y.NYB,DXY,Dólar,100.980003,100.940002,0.040001,0.0396,up,2026-07-10T16:30:00-04:00
2026-07-10T15:41:07.105533-05:00,2026-07-10T20:41:07.105533+00:00,^GSPC,S&P 500,Índice,7575.379883,7543.640137,31.739746,0.4207,up,2026-07-10T15:45:00-04:00
2026-07-10T15:41:07.105533-05:00,2026-07-10T20:41:07.105533+00:00,^IXIC,Nasdaq,Índice,26278.699219,26206.890625,71.808594,0.274,up,2026-07-10T15:45:00-04:00
2026-07-10T15:41:07.105533-05:00,2026-07-10T20:41:07.105533+00:00,^DJI,Dow Jones,Índice,52640.308594,52487.410156,152.898438,0.2913,up,2026-07-10T15:45:00-04:00
2026-07-10T15:41:07.105533-05:00,2026-07-10T20:41:07.105533+00:00,^VIX,VIX,Volatilidad,15.04,15.84,-0.8,-5.0505,down,2026-07-10T16:00:00-04:00
2026-07-10T15:41:07.105533-05:00,2026-07-10T20:41:07.105533+00:00,^TNX,US 10Y,Tasa,4.569,4.539,0.03,0.6609,up,2026-07-10T14:50:00-04:00
2026-07-10T15:41:07.105533-05:00,2026-07-10T20:41:07.105533+00:00,GC=F,Oro,Commodity,4119.100098,4130.600098,-11.5,-0.2784,down,2026-07-10T16:30:00-04:00
2026-07-10T15:41:07.105533-05:00,2026-07-10T20:41:07.105533+00:00,CL=F,WTI,Commodity,71.629997,72.080002,-0.450005,-0.6243,down,2026-07-10T16:30:00-04:00
2026-07-10T15:41:07.105533-05:00,2026-07-10T20:41:07.105533+00:00,HG=F,Cobre,Commodity,6.2855,6.215,0.0705,1.1344,up,2026-07-10T16:30:00-04:00
2026-07-10T15:41:07.105533-05:00,2026-07-10T20:41:07.105533+00:00,BTC-USD,Bitcoin,Crypto,63816.929688,63193.148438,623.78125,0.9871,up,2026-07-10T16:30:00-04:00
2026-07-10T17:14:03.231527-05:00,2026-07-10T22:14:03.231527+00:00,USDPEN=X,USD/PEN,FX,3.3903,3.406,-0.0157,-0.4609,down,2026-07-10T17:00:00-04:00
2026-07-10T17:14:03.231527-05:00,2026-07-10T22:14:03.231527+00:00,EURUSD=X,EUR/USD,FX,1.141944,1.142204,-0.000261,-0.0228,down,2026-07-10T17:15:00-04:00
2026-07-10T17:14:03.231527-05:00,2026-07-10T22:14:03.231527+00:00,DX-Y.NYB,DXY,Dólar,100.964996,100.940002,0.024994,0.0248,up,2026-07-10T16:45:00-04:00
2026-07-10T17:14:03.231527-05:00,2026-07-10T22:14:03.231527+00:00,^GSPC,S&P 500,Índice,7575.379883,7543.640137,31.739746,0.4207,up,2026-07-10T15:45:00-04:00
2026-07-10T17:14:03.231527-05:00,2026-07-10T22:14:03.231527+00:00,^IXIC,Nasdaq,Índice,26278.699219,26206.890625,71.808594,0.274,up,2026-07-10T15:45:00-04:00
2026-07-10T17:14:03.231527-05:00,2026-07-10T22:14:03.231527+00:00,^DJI,Dow Jones,Índice,52640.308594,52487.410156,152.898438,0.2913,up,2026-07-10T15:45:00-04:00
2026-07-10T17:14:03.231527-05:00,2026-07-10T22:14:03.231527+00:00,^VIX,VIX,Volatilidad,15.04,15.84,-0.8,-5.0505,down,2026-07-10T16:00:00-04:00
2026-07-10T17:14:03.231527-05:00,2026-07-10T22:14:03.231527+00:00,^TNX,US 10Y,Tasa,4.569,4.539,0.03,0.6609,up,2026-07-10T14:50:00-04:00
2026-07-10T17:14:03.231527-05:00,2026-07-10T22:14:03.231527+00:00,GC=F,Oro,Commodity,4128.899902,4130.600098,-1.700195,-0.0412,down,2026-07-10T16:45:00-04:00
2026-07-10T17:14:03.231527-05:00,2026-07-10T22:14:03.231527+00:00,CL=F,WTI,Commodity,71.510002,72.080002,-0.57,-0.7908,down,2026-07-10T16:45:00-04:00
2026-07-10T17:14:03.231527-05:00,2026-07-10T22:14:03.231527+00:00,HG=F,Cobre,Commodity,6.285,6.215,0.07,1.1263,up,2026-07-10T16:45:00-04:00
2026-07-10T17:14:03.231527-05:00,2026-07-10T22:14:03.231527+00:00,BTC-USD,Bitcoin,Crypto,64009.390625,63193.148438,816.242188,1.2917,up,2026-07-10T18:00:00-04:00
2026-07-10T18:12:35.691940-05:00,2026-07-10T23:12:35.691940+00:00,USDPEN=X,USD/PEN,FX,3.3903,3.406,-0.0157,-0.4609,down,2026-07-10T17:00:00-04:00
2026-07-10T18:12:35.691940-05:00,2026-07-10T23:12:35.691940+00:00,EURUSD=X,EUR/USD,FX,1.141944,1.142204,-0.000261,-0.0228,down,2026-07-10T17:15:00-04:00
2026-07-10T18:12:35.691940-05:00,2026-07-10T23:12:35.691940+00:00,DX-Y.NYB,DXY,Dólar,100.964996,100.940002,0.024994,0.0248,up,2026-07-10T16:45:00-04:00
2026-07-10T18:12:35.691940-05:00,2026-07-10T23:12:35.691940+00:00,^GSPC,S&P 500,Índice,7575.379883,7543.640137,31.739746,0.4207,up,2026-07-10T15:45:00-04:00
2026-07-10T18:12:35.691940-05:00,2026-07-10T23:12:35.691940+00:00,^IXIC,Nasdaq,Índice,26278.699219,26206.890625,71.808594,0.274,up,2026-07-10T15:45:00-04:00
2026-07-10T18:12:35.691940-05:00,2026-07-10T23:12:35.691940+00:00,^DJI,Dow Jones,Índice,52640.308594,52487.410156,152.898438,0.2913,up,2026-07-10T15:45:00-04:00
2026-07-10T18:12:35.691940-05:00,2026-07-10T23:12:35.691940+00:00,^VIX,VIX,Volatilidad,15.04,15.84,-0.8,-5.0505,down,2026-07-10T16:00:00-04:00
2026-07-10T18:12:35.691940-05:00,2026-07-10T23:12:35.691940+00:00,^TNX,US 10Y,Tasa,4.569,4.539,0.03,0.6609,up,2026-07-10T14:50:00-04:00
2026-07-10T18:12:35.691940-05:00,2026-07-10T23:12:35.691940+00:00,GC=F,Oro,Commodity,4128.899902,4130.600098,-1.700195,-0.0412,down,2026-07-10T16:45:00-04:00
2026-07-10T18:12:35.691940-05:00,2026-07-10T23:12:35.691940+00:00,CL=F,WTI,Commodity,71.510002,72.080002,-0.57,-0.7908,down,2026-07-10T16:45:00-04:00
2026-07-10T18:12:35.691940-05:00,2026-07-10T23:12:35.691940+00:00,HG=F,Cobre,Commodity,6.285,6.215,0.07,1.1263,up,2026-07-10T16:45:00-04:00
2026-07-10T18:12:35.691940-05:00,2026-07-10T23:12:35.691940+00:00,BTC-USD,Bitcoin,Crypto,64031.230469,63193.148438,838.082031,1.3262,up,2026-07-10T19:00:00-04:00
2026-07-10T19:07:56.824695-05:00,2026-07-11T00:07:56.824695+00:00,USDPEN=X,USD/PEN,FX,3.3903,3.406,-0.0157,-0.4609,down,2026-07-10T17:00:00-04:00
2026-07-10T19:07:56.824695-05:00,2026-07-11T00:07:56.824695+00:00,EURUSD=X,EUR/USD,FX,1.141944,1.142204,-0.000261,-0.0228,down,2026-07-10T17:15:00-04:00
2026-07-10T19:07:56.824695-05:00,2026-07-11T00:07:56.824695+00:00,DX-Y.NYB,DXY,Dólar,100.964996,100.940002,0.024994,0.0248,up,2026-07-10T16:45:00-04:00
2026-07-10T19:07:56.824695-05:00,2026-07-11T00:07:56.824695+00:00,^GSPC,S&P 500,Índice,7575.379883,7543.640137,31.739746,0.4207,up,2026-07-10T15:45:00-04:00
2026-07-10T19:07:56.824695-05:00,2026-07-11T00:07:56.824695+00:00,^IXIC,Nasdaq,Índice,26278.699219,26206.890625,71.808594,0.274,up,2026-07-10T15:45:00-04:00
2026-07-10T19:07:56.824695-05:00,2026-07-11T00:07:56.824695+00:00,^DJI,Dow Jones,Índice,52640.308594,52487.410156,152.898438,0.2913,up,2026-07-10T15:45:00-04:00
2026-07-10T19:07:56.824695-05:00,2026-07-11T00:07:56.824695+00:00,^VIX,VIX,Volatilidad,15.04,15.84,-0.8,-5.0505,down,2026-07-10T16:00:00-04:00
2026-07-10T19:07:56.824695-05:00,2026-07-11T00:07:56.824695+00:00,^TNX,US 10Y,Tasa,4.569,4.539,0.03,0.6609,up,2026-07-10T14:50:00-04:00
2026-07-10T19:07:56.824695-05:00,2026-07-11T00:07:56.824695+00:00,GC=F,Oro,Commodity,4128.899902,4130.600098,-1.700195,-0.0412,down,2026-07-10T16:45:00-04:00
2026-07-10T19:07:56.824695-05:00,2026-07-11T00:07:56.824695+00:00,CL=F,WTI,Commodity,71.510002,72.080002,-0.57,-0.7908,down,2026-07-10T16:45:00-04:00
2026-07-10T19:07:56.824695-05:00,2026-07-11T00:07:56.824695+00:00,HG=F,Cobre,Commodity,6.285,6.215,0.07,1.1263,up,2026-07-10T16:45:00-04:00
2026-07-10T19:07:56.824695-05:00,2026-07-11T00:07:56.824695+00:00,BTC-USD,Bitcoin,Crypto,64089.121094,63193.148438,895.972656,1.4178,up,2026-07-10T20:00:00-04:00
2026-07-13T10:09:17.489691-05:00,2026-07-13T15:09:17.489691+00:00,USDPEN=X,USD/PEN,FX,3.4007,3.399,0.0017,0.05,up,2026-07-13T11:00:00-04:00
2026-07-13T10:09:17.489691-05:00,2026-07-13T15:09:17.489691+00:00,EURUSD=X,EUR/USD,FX,1.140641,1.143341,-0.002699,-0.2361,down,2026-07-13T11:00:00-04:00
2026-07-13T10:09:17.489691-05:00,2026-07-13T15:09:17.489691+00:00,DX-Y.NYB,DXY,Dólar,101.112999,100.970001,0.142998,0.1416,up,2026-07-13T10:45:00-04:00
2026-07-13T10:09:17.489691-05:00,2026-07-13T15:09:17.489691+00:00,^GSPC,S&P 500,Índice,7548.660156,7575.390137,-26.72998,-0.3529,down,2026-07-13T11:00:00-04:00
2026-07-13T10:09:17.489691-05:00,2026-07-13T15:09:17.489691+00:00,^IXIC,Nasdaq,Índice,26066.558594,26281.609375,-215.050781,-0.8183,down,2026-07-13T11:00:00-04:00
2026-07-13T10:09:17.489691-05:00,2026-07-13T15:09:17.489691+00:00,^DJI,Dow Jones,Índice,52553.089844,52637.011719,-83.921875,-0.1594,down,2026-07-13T11:00:00-04:00
2026-07-13T10:09:17.489691-05:00,2026-07-13T15:09:17.489691+00:00,^VIX,VIX,Volatilidad,16.370001,15.03,1.340001,8.9155,up,2026-07-13T10:45:00-04:00
2026-07-13T10:09:17.489691-05:00,2026-07-13T15:09:17.489691+00:00,^TNX,US 10Y,Tasa,4.598,4.569,0.029,0.6347,up,2026-07-13T10:50:00-04:00
2026-07-13T10:09:17.489691-05:00,2026-07-13T15:09:17.489691+00:00,GC=F,Oro,Commodity,4020.5,4104.100098,-83.600098,-2.037,down,2026-07-13T10:45:00-04:00
2026-07-13T10:09:17.489691-05:00,2026-07-13T15:09:17.489691+00:00,CL=F,WTI,Commodity,74.599998,71.410004,3.189995,4.4672,up,2026-07-13T10:45:00-04:00
2026-07-13T10:09:17.489691-05:00,2026-07-13T15:09:17.489691+00:00,HG=F,Cobre,Commodity,6.335,6.2335,0.1015,1.6283,up,2026-07-13T10:45:00-04:00
2026-07-13T10:09:17.489691-05:00,2026-07-13T15:09:17.489691+00:00,BTC-USD,Bitcoin,Crypto,64171.988281,63758.21875,413.769531,0.649,up,2026-07-12T20:15:00-04:00
2026-07-13T12:21:36.035903-05:00,2026-07-13T17:21:36.035903+00:00,USDPEN=X,USD/PEN,FX,3.4063,3.399,0.0073,0.2148,up,2026-07-13T13:15:00-04:00
2026-07-13T12:21:36.035903-05:00,2026-07-13T17:21:36.035903+00:00,EURUSD=X,EUR/USD,FX,1.139082,1.143341,-0.004259,-0.3725,down,2026-07-13T13:15:00-04:00
2026-07-13T12:21:36.035903-05:00,2026-07-13T17:21:36.035903+00:00,DX-Y.NYB,DXY,Dólar,101.227997,100.970001,0.257996,0.2555,up,2026-07-13T13:00:00-04:00
2026-07-13T12:21:36.035903-05:00,2026-07-13T17:21:36.035903+00:00,^GSPC,S&P 500,Índice,7526.759766,7575.390137,-48.630371,-0.642,down,2026-07-13T13:15:00-04:00
2026-07-13T12:21:36.035903-05:00,2026-07-13T17:21:36.035903+00:00,^IXIC,Nasdaq,Índice,25935.455078,26281.609375,-346.154297,-1.3171,down,2026-07-13T13:15:00-04:00
2026-07-13T12:21:36.035903-05:00,2026-07-13T17:21:36.035903+00:00,^DJI,Dow Jones,Índice,52510.578125,52637.011719,-126.433594,-0.2402,down,2026-07-13T13:15:00-04:00
2026-07-13T12:21:36.035903-05:00,2026-07-13T17:21:36.035903+00:00,^VIX,VIX,Volatilidad,16.66,15.03,1.63,10.845,up,2026-07-13T13:00:00-04:00
2026-07-13T12:21:36.035903-05:00,2026-07-13T17:21:36.035903+00:00,^TNX,US 10Y,Tasa,4.614,4.569,0.045,0.9849,up,2026-07-13T13:05:00-04:00
2026-07-13T12:21:36.035903-05:00,2026-07-13T17:21:36.035903+00:00,GC=F,Oro,Commodity,4004.899902,4104.100098,-99.200195,-2.4171,down,2026-07-13T13:00:00-04:00
2026-07-13T12:21:36.035903-05:00,2026-07-13T17:21:36.035903+00:00,CL=F,WTI,Commodity,75.5,71.410004,4.089996,5.7275,up,2026-07-13T13:00:00-04:00
2026-07-13T12:21:36.035903-05:00,2026-07-13T17:21:36.035903+00:00,HG=F,Cobre,Commodity,6.2805,6.2335,0.047,0.754,up,2026-07-13T13:00:00-04:00
2026-07-13T12:21:36.035903-05:00,2026-07-13T17:21:36.035903+00:00,BTC-USD,Bitcoin,Crypto,62176.25,63758.21875,-1581.96875,-2.4812,down,2026-07-13T13:15:00-04:00
2026-07-13T14:46:33.183045-05:00,2026-07-13T19:46:33.183045+00:00,USDPEN=X,USD/PEN,FX,3.409,3.399,0.01,0.2942,up,2026-07-13T15:30:00-04:00
2026-07-13T14:46:33.183045-05:00,2026-07-13T19:46:33.183045+00:00,EURUSD=X,EUR/USD,FX,1.138563,1.143341,-0.004777,-0.4178,down,2026-07-13T15:45:00-04:00
2026-07-13T14:46:33.183045-05:00,2026-07-13T19:46:33.183045+00:00,DX-Y.NYB,DXY,Dólar,101.281998,100.970001,0.311996,0.309,up,2026-07-13T15:30:00-04:00
2026-07-13T14:46:33.183045-05:00,2026-07-13T19:46:33.183045+00:00,^GSPC,S&P 500,Índice,7512.450195,7575.390137,-62.939941,-0.8308,down,2026-07-13T15:45:00-04:00
2026-07-13T14:46:33.183045-05:00,2026-07-13T19:46:33.183045+00:00,^IXIC,Nasdaq,Índice,25855.693359,26281.609375,-425.916016,-1.6206,down,2026-07-13T15:45:00-04:00
2026-07-13T14:46:33.183045-05:00,2026-07-13T19:46:33.183045+00:00,^DJI,Dow Jones,Índice,52472.449219,52637.011719,-164.5625,-0.3126,down,2026-07-13T15:45:00-04:00
2026-07-13T14:46:33.183045-05:00,2026-07-13T19:46:33.183045+00:00,^VIX,VIX,Volatilidad,17.290001,15.03,2.260001,15.0366,up,2026-07-13T15:30:00-04:00
2026-07-13T14:46:33.183045-05:00,2026-07-13T19:46:33.183045+00:00,^TNX,US 10Y,Tasa,4.609,4.569,0.04,0.8755,up,2026-07-13T14:50:00-04:00
2026-07-13T14:46:33.183045-05:00,2026-07-13T19:46:33.183045+00:00,GC=F,Oro,Commodity,4002.899902,4104.100098,-101.200195,-2.4658,down,2026-07-13T15:30:00-04:00
2026-07-13T14:46:33.183045-05:00,2026-07-13T19:46:33.183045+00:00,CL=F,WTI,Commodity,77.910004,71.410004,6.5,9.1024,up,2026-07-13T15:30:00-04:00
2026-07-13T14:46:33.183045-05:00,2026-07-13T19:46:33.183045+00:00,HG=F,Cobre,Commodity,6.2695,6.2335,0.036,0.5775,up,2026-07-13T15:30:00-04:00
2026-07-13T14:46:33.183045-05:00,2026-07-13T19:46:33.183045+00:00,BTC-USD,Bitcoin,Crypto,62086.25,63758.21875,-1671.96875,-2.6224,down,2026-07-13T15:45:00-04:00
2026-07-13T16:11:43.060589-05:00,2026-07-13T21:11:43.060589+00:00,USDPEN=X,USD/PEN,FX,3.4086,3.399,0.0096,0.2824,up,2026-07-13T17:00:00-04:00
2026-07-13T16:11:43.060589-05:00,2026-07-13T21:11:43.060589+00:00,EURUSD=X,EUR/USD,FX,1.138433,1.143341,-0.004907,-0.4292,down,2026-07-13T17:00:00-04:00
2026-07-13T16:11:43.060589-05:00,2026-07-13T21:11:43.060589+00:00,DX-Y.NYB,DXY,Dólar,101.292999,100.970001,0.322998,0.3199,up,2026-07-13T17:00:00-04:00
2026-07-13T16:11:43.060589-05:00,2026-07-13T21:11:43.060589+00:00,^GSPC,S&P 500,Índice,7515.899902,7575.390137,-59.490234,-0.7853,down,2026-07-13T15:45:00-04:00
2026-07-13T16:11:43.060589-05:00,2026-07-13T21:11:43.060589+00:00,^IXIC,Nasdaq,Índice,25878.789062,26281.609375,-402.820312,-1.5327,down,2026-07-13T15:45:00-04:00
2026-07-13T16:11:43.060589-05:00,2026-07-13T21:11:43.060589+00:00,^DJI,Dow Jones,Índice,52502.089844,52637.011719,-134.921875,-0.2563,down,2026-07-13T15:45:00-04:00
2026-07-13T16:11:43.060589-05:00,2026-07-13T21:11:43.060589+00:00,^VIX,VIX,Volatilidad,17.15,15.03,2.12,14.1051,up,2026-07-13T16:00:00-04:00
2026-07-13T16:11:43.060589-05:00,2026-07-13T21:11:43.060589+00:00,^TNX,US 10Y,Tasa,4.609,4.569,0.04,0.8755,up,2026-07-13T14:50:00-04:00
2026-07-13T16:11:43.060589-05:00,2026-07-13T21:11:43.060589+00:00,GC=F,Oro,Commodity,4008.699951,4104.100098,-95.400146,-2.3245,down,2026-07-13T16:45:00-04:00
2026-07-13T16:11:43.060589-05:00,2026-07-13T21:11:43.060589+00:00,CL=F,WTI,Commodity,78.0,71.410004,6.589996,9.2284,up,2026-07-13T16:45:00-04:00
2026-07-13T16:11:43.060589-05:00,2026-07-13T21:11:43.060589+00:00,HG=F,Cobre,Commodity,6.276,6.2335,0.0425,0.6818,up,2026-07-13T16:45:00-04:00
2026-07-13T16:11:43.060589-05:00,2026-07-13T21:11:43.060589+00:00,BTC-USD,Bitcoin,Crypto,64198.71875,63758.21875,440.5,0.6909,up,2026-07-12T20:00:00-04:00
2026-07-13T17:07:33.225477-05:00,2026-07-13T22:07:33.225477+00:00,USDPEN=X,USD/PEN,FX,3.4089,3.399,0.0099,0.2913,up,2026-07-13T17:30:00-04:00
2026-07-13T17:07:33.225477-05:00,2026-07-13T22:07:33.225477+00:00,EURUSD=X,EUR/USD,FX,1.138563,1.143341,-0.004777,-0.4178,down,2026-07-13T18:00:00-04:00
2026-07-13T17:07:33.225477-05:00,2026-07-13T22:07:33.225477+00:00,DX-Y.NYB,DXY,Dólar,101.280998,100.970001,0.310997,0.308,up,2026-07-13T17:45:00-04:00
2026-07-13T17:07:33.225477-05:00,2026-07-13T22:07:33.225477+00:00,^GSPC,S&P 500,Índice,7515.899902,7575.390137,-59.490234,-0.7853,down,2026-07-13T15:45:00-04:00
2026-07-13T17:07:33.225477-05:00,2026-07-13T22:07:33.225477+00:00,^IXIC,Nasdaq,Índice,25878.789062,26281.609375,-402.820312,-1.5327,down,2026-07-13T15:45:00-04:00
2026-07-13T17:07:33.225477-05:00,2026-07-13T22:07:33.225477+00:00,^DJI,Dow Jones,Índice,52502.089844,52637.011719,-134.921875,-0.2563,down,2026-07-13T15:45:00-04:00
2026-07-13T17:07:33.225477-05:00,2026-07-13T22:07:33.225477+00:00,^VIX,VIX,Volatilidad,17.15,15.03,2.12,14.1051,up,2026-07-13T16:00:00-04:00
2026-07-13T17:07:33.225477-05:00,2026-07-13T22:07:33.225477+00:00,^TNX,US 10Y,Tasa,4.609,4.569,0.04,0.8755,up,2026-07-13T14:50:00-04:00
2026-07-13T17:07:33.225477-05:00,2026-07-13T22:07:33.225477+00:00,GC=F,Oro,Commodity,4008.699951,4104.100098,-95.400146,-2.3245,down,2026-07-13T16:45:00-04:00
2026-07-13T17:07:33.225477-05:00,2026-07-13T22:07:33.225477+00:00,CL=F,WTI,Commodity,78.0,71.410004,6.589996,9.2284,up,2026-07-13T16:45:00-04:00
2026-07-13T17:07:33.225477-05:00,2026-07-13T22:07:33.225477+00:00,HG=F,Cobre,Commodity,6.276,6.2335,0.0425,0.6818,up,2026-07-13T16:45:00-04:00
2026-07-13T17:07:33.225477-05:00,2026-07-13T22:07:33.225477+00:00,BTC-USD,Bitcoin,Crypto,63736.398438,63758.21875,-21.820312,-0.0342,down,2026-07-12T20:30:00-04:00
2026-07-13T18:11:03.204752-05:00,2026-07-13T23:11:03.204752+00:00,USDPEN=X,USD/PEN,FX,3.4089,3.330561,0.078339,2.3521,up,2026-07-13T19:00:00-04:00
2026-07-13T18:11:03.204752-05:00,2026-07-13T23:11:03.204752+00:00,EURUSD=X,EUR/USD,FX,1.138563,1.140446,-0.001883,-0.1651,down,2026-07-13T19:00:00-04:00
2026-07-13T18:11:03.204752-05:00,2026-07-13T23:11:03.204752+00:00,DX-Y.NYB,DXY,Dólar,101.277,100.970001,0.306999,0.304,up,2026-07-13T18:00:00-04:00
2026-07-13T18:11:03.204752-05:00,2026-07-13T23:11:03.204752+00:00,^GSPC,S&P 500,Índice,7515.899902,7575.390137,-59.490234,-0.7853,down,2026-07-13T15:45:00-04:00
2026-07-13T18:11:03.204752-05:00,2026-07-13T23:11:03.204752+00:00,^IXIC,Nasdaq,Índice,25878.789062,26281.609375,-402.820312,-1.5327,down,2026-07-13T15:45:00-04:00
2026-07-13T18:11:03.204752-05:00,2026-07-13T23:11:03.204752+00:00,^DJI,Dow Jones,Índice,52502.089844,52637.011719,-134.921875,-0.2563,down,2026-07-13T15:45:00-04:00
2026-07-13T18:11:03.204752-05:00,2026-07-13T23:11:03.204752+00:00,^VIX,VIX,Volatilidad,17.15,15.03,2.12,14.1051,up,2026-07-13T16:00:00-04:00
2026-07-13T18:11:03.204752-05:00,2026-07-13T23:11:03.204752+00:00,^TNX,US 10Y,Tasa,4.609,4.569,0.04,0.8755,up,2026-07-13T14:50:00-04:00
2026-07-13T18:11:03.204752-05:00,2026-07-13T23:11:03.204752+00:00,GC=F,Oro,Commodity,4007.300049,4104.100098,-96.800049,-2.3586,down,2026-07-13T19:00:00-04:00
2026-07-13T18:11:03.204752-05:00,2026-07-13T23:11:03.204752+00:00,CL=F,WTI,Commodity,79.080002,71.410004,7.669998,10.7408,up,2026-07-13T19:00:00-04:00
2026-07-13T18:11:03.204752-05:00,2026-07-13T23:11:03.204752+00:00,HG=F,Cobre,Commodity,6.274,6.2335,0.0405,0.6497,up,2026-07-13T19:00:00-04:00
2026-07-13T18:11:03.204752-05:00,2026-07-13T23:11:03.204752+00:00,BTC-USD,Bitcoin,Crypto,61942.429688,63758.21875,-1815.789062,-2.8479,down,2026-07-13T19:00:00-04:00
2026-07-13T19:05:04.662038-05:00,2026-07-14T00:05:04.662038+00:00,USDPEN=X,USD/PEN,FX,3.4098,3.330561,0.079239,2.3792,up,2026-07-13T19:45:00-04:00
2026-07-13T19:05:04.662038-05:00,2026-07-14T00:05:04.662038+00:00,EURUSD=X,EUR/USD,FX,1.138563,1.140446,-0.001883,-0.1651,down,2026-07-13T20:00:00-04:00
2026-07-13T19:05:04.662038-05:00,2026-07-14T00:05:04.662038+00:00,DX-Y.NYB,DXY,Dólar,101.279999,100.970001,0.309998,0.307,up,2026-07-13T19:45:00-04:00
2026-07-13T19:05:04.662038-05:00,2026-07-14T00:05:04.662038+00:00,^GSPC,S&P 500,Índice,7515.899902,7575.390137,-59.490234,-0.7853,down,2026-07-13T15:45:00-04:00
2026-07-13T19:05:04.662038-05:00,2026-07-14T00:05:04.662038+00:00,^IXIC,Nasdaq,Índice,25878.789062,26281.609375,-402.820312,-1.5327,down,2026-07-13T15:45:00-04:00
2026-07-13T19:05:04.662038-05:00,2026-07-14T00:05:04.662038+00:00,^DJI,Dow Jones,Índice,52502.089844,52637.011719,-134.921875,-0.2563,down,2026-07-13T15:45:00-04:00
2026-07-13T19:05:04.662038-05:00,2026-07-14T00:05:04.662038+00:00,^VIX,VIX,Volatilidad,17.15,15.03,2.12,14.1051,up,2026-07-13T16:00:00-04:00
2026-07-13T19:05:04.662038-05:00,2026-07-14T00:05:04.662038+00:00,^TNX,US 10Y,Tasa,4.609,4.569,0.04,0.8755,up,2026-07-13T14:50:00-04:00
2026-07-13T19:05:04.662038-05:00,2026-07-14T00:05:04.662038+00:00,GC=F,Oro,Commodity,4005.800049,4104.100098,-98.300049,-2.3952,down,2026-07-13T19:45:00-04:00
2026-07-13T19:05:04.662038-05:00,2026-07-14T00:05:04.662038+00:00,CL=F,WTI,Commodity,79.209999,71.410004,7.799995,10.9228,up,2026-07-13T19:45:00-04:00
2026-07-13T19:05:04.662038-05:00,2026-07-14T00:05:04.662038+00:00,HG=F,Cobre,Commodity,6.276,6.2335,0.0425,0.6818,up,2026-07-13T19:45:00-04:00
2026-07-13T19:05:04.662038-05:00,2026-07-14T00:05:04.662038+00:00,BTC-USD,Bitcoin,Crypto,62244.050781,63758.21875,-1514.167969,-2.3749,down,2026-07-13T20:00:00-04:00
2026-07-14T09:10:22.005398-05:00,2026-07-14T14:10:22.005398+00:00,USDPEN=X,USD/PEN,FX,3.4048,3.330561,0.074239,2.229,up,2026-07-14T10:00:00-04:00
2026-07-14T09:10:22.005398-05:00,2026-07-14T14:10:22.005398+00:00,EURUSD=X,EUR/USD,FX,1.145869,1.140446,0.005423,0.4755,up,2026-07-14T10:00:00-04:00
2026-07-14T09:10:22.005398-05:00,2026-07-14T14:10:22.005398+00:00,DX-Y.NYB,DXY,Dólar,100.702003,101.279999,-0.577995,-0.5707,down,2026-07-14T10:00:00-04:00
2026-07-14T09:10:22.005398-05:00,2026-07-14T14:10:22.005398+00:00,^GSPC,S&P 500,Índice,7526.169922,7515.339844,10.830078,0.1441,up,2026-07-14T10:00:00-04:00
2026-07-14T09:10:22.005398-05:00,2026-07-14T14:10:22.005398+00:00,^IXIC,Nasdaq,Índice,25959.714844,25873.179688,86.535156,0.3345,up,2026-07-14T10:00:00-04:00
2026-07-14T09:10:22.005398-05:00,2026-07-14T14:10:22.005398+00:00,^DJI,Dow Jones,Índice,52613.398438,52498.640625,114.757812,0.2186,up,2026-07-14T10:00:00-04:00
2026-07-14T09:10:22.005398-05:00,2026-07-14T14:10:22.005398+00:00,^VIX,VIX,Volatilidad,16.42,17.16,-0.74,-4.3124,down,2026-07-14T09:45:00-04:00
2026-07-14T09:10:22.005398-05:00,2026-07-14T14:10:22.005398+00:00,^TNX,US 10Y,Tasa,4.573,4.609,-0.036,-0.7811,down,2026-07-14T09:50:00-04:00
2026-07-14T09:10:22.005398-05:00,2026-07-14T14:10:22.005398+00:00,GC=F,Oro,Commodity,4082.5,3997.0,85.5,2.1391,up,2026-07-14T10:00:00-04:00
2026-07-14T09:10:22.005398-05:00,2026-07-14T14:10:22.005398+00:00,CL=F,WTI,Commodity,79.809998,78.139999,1.669998,2.1372,up,2026-07-14T10:00:00-04:00
2026-07-14T09:10:22.005398-05:00,2026-07-14T14:10:22.005398+00:00,HG=F,Cobre,Commodity,6.42,6.233,0.187,3.0002,up,2026-07-14T10:00:00-04:00
2026-07-14T09:10:22.005398-05:00,2026-07-14T14:10:22.005398+00:00,BTC-USD,Bitcoin,Crypto,63634.558594,62239.121094,1395.4375,2.2421,up,2026-07-14T10:00:00-04:00
2026-07-14T10:43:00.656071-05:00,2026-07-14T15:43:00.656071+00:00,USDPEN=X,USD/PEN,FX,3.3905,3.330561,0.059939,1.7997,up,2026-07-14T11:30:00-04:00
2026-07-14T10:43:00.656071-05:00,2026-07-14T15:43:00.656071+00:00,EURUSD=X,EUR/USD,FX,1.143772,1.140446,0.003326,0.2917,up,2026-07-14T11:30:00-04:00
2026-07-14T10:43:00.656071-05:00,2026-07-14T15:43:00.656071+00:00,DX-Y.NYB,DXY,Dólar,100.764999,101.279999,-0.514999,-0.5085,down,2026-07-14T11:30:00-04:00
2026-07-14T10:43:00.656071-05:00,2026-07-14T15:43:00.656071+00:00,^GSPC,S&P 500,Índice,7537.040039,7515.339844,21.700195,0.2887,up,2026-07-14T11:30:00-04:00
2026-07-14T10:43:00.656071-05:00,2026-07-14T15:43:00.656071+00:00,^IXIC,Nasdaq,Índice,26092.857422,25873.179688,219.677734,0.8491,up,2026-07-14T11:30:00-04:00
2026-07-14T10:43:00.656071-05:00,2026-07-14T15:43:00.656071+00:00,^DJI,Dow Jones,Índice,52370.0,52498.640625,-128.640625,-0.245,down,2026-07-14T11:30:00-04:00
2026-07-14T10:43:00.656071-05:00,2026-07-14T15:43:00.656071+00:00,^VIX,VIX,Volatilidad,16.290001,17.16,-0.869999,-5.0699,down,2026-07-14T11:15:00-04:00
2026-07-14T10:43:00.656071-05:00,2026-07-14T15:43:00.656071+00:00,^TNX,US 10Y,Tasa,4.557,4.609,-0.052,-1.1282,down,2026-07-14T11:20:00-04:00
2026-07-14T10:43:00.656071-05:00,2026-07-14T15:43:00.656071+00:00,GC=F,Oro,Commodity,4092.0,3997.0,95.0,2.3768,up,2026-07-14T11:30:00-04:00
2026-07-14T10:43:00.656071-05:00,2026-07-14T15:43:00.656071+00:00,CL=F,WTI,Commodity,78.980003,78.139999,0.840004,1.075,up,2026-07-14T11:30:00-04:00
2026-07-14T10:43:00.656071-05:00,2026-07-14T15:43:00.656071+00:00,HG=F,Cobre,Commodity,6.405,6.233,0.172,2.7595,up,2026-07-14T11:30:00-04:00
2026-07-14T10:43:00.656071-05:00,2026-07-14T15:43:00.656071+00:00,BTC-USD,Bitcoin,Crypto,64654.820312,62239.121094,2415.699219,3.8813,up,2026-07-14T11:30:00-04:00
2026-07-14T12:33:06.879445-05:00,2026-07-14T17:33:06.879445+00:00,USDPEN=X,USD/PEN,FX,3.3888,3.330561,0.058239,1.7486,up,2026-07-14T13:30:00-04:00
2026-07-14T12:33:06.879445-05:00,2026-07-14T17:33:06.879445+00:00,EURUSD=X,EUR/USD,FX,1.142857,1.140446,0.002411,0.2114,up,2026-07-14T13:30:00-04:00
2026-07-14T12:33:06.879445-05:00,2026-07-14T17:33:06.879445+00:00,DX-Y.NYB,DXY,Dólar,100.943001,101.279999,-0.336998,-0.3327,down,2026-07-14T13:15:00-04:00
2026-07-14T12:33:06.879445-05:00,2026-07-14T17:33:06.879445+00:00,^GSPC,S&P 500,Índice,7547.990234,7515.339844,32.650391,0.4344,up,2026-07-14T13:30:00-04:00
2026-07-14T12:33:06.879445-05:00,2026-07-14T17:33:06.879445+00:00,^IXIC,Nasdaq,Índice,26141.716797,25873.179688,268.537109,1.0379,up,2026-07-14T13:30:00-04:00
2026-07-14T12:33:06.879445-05:00,2026-07-14T17:33:06.879445+00:00,^DJI,Dow Jones,Índice,52458.308594,52498.640625,-40.332031,-0.0768,down,2026-07-14T13:30:00-04:00
2026-07-14T12:33:06.879445-05:00,2026-07-14T17:33:06.879445+00:00,^VIX,VIX,Volatilidad,16.51,17.16,-0.65,-3.7879,down,2026-07-14T13:15:00-04:00
2026-07-14T12:33:06.879445-05:00,2026-07-14T17:33:06.879445+00:00,^TNX,US 10Y,Tasa,4.587,4.609,-0.022,-0.4773,down,2026-07-14T13:05:00-04:00
2026-07-14T12:33:06.879445-05:00,2026-07-14T17:33:06.879445+00:00,GC=F,Oro,Commodity,4066.100098,3997.0,69.100098,1.7288,up,2026-07-14T13:15:00-04:00
2026-07-14T12:33:06.879445-05:00,2026-07-14T17:33:06.879445+00:00,CL=F,WTI,Commodity,79.080002,78.139999,0.940002,1.203,up,2026-07-14T13:15:00-04:00
2026-07-14T12:33:06.879445-05:00,2026-07-14T17:33:06.879445+00:00,HG=F,Cobre,Commodity,6.37,6.233,0.137,2.198,up,2026-07-14T13:15:00-04:00
2026-07-14T12:33:06.879445-05:00,2026-07-14T17:33:06.879445+00:00,BTC-USD,Bitcoin,Crypto,64421.71875,62239.121094,2182.597656,3.5068,up,2026-07-14T13:30:00-04:00
2026-07-14T14:41:10.863538-05:00,2026-07-14T19:41:10.863538+00:00,USDPEN=X,USD/PEN,FX,3.3904,3.330561,0.059839,1.7967,up,2026-07-14T15:30:00-04:00
2026-07-14T14:41:10.863538-05:00,2026-07-14T19:41:10.863538+00:00,EURUSD=X,EUR/USD,FX,1.142596,1.140446,0.00215,0.1885,up,2026-07-14T15:30:00-04:00
2026-07-14T14:41:10.863538-05:00,2026-07-14T19:41:10.863538+00:00,DX-Y.NYB,DXY,Dólar,100.914001,101.279999,-0.365997,-0.3614,down,2026-07-14T15:30:00-04:00
2026-07-14T14:41:10.863538-05:00,2026-07-14T19:41:10.863538+00:00,^GSPC,S&P 500,Índice,7545.72998,7515.339844,30.390137,0.4044,up,2026-07-14T15:30:00-04:00
2026-07-14T14:41:10.863538-05:00,2026-07-14T19:41:10.863538+00:00,^IXIC,Nasdaq,Índice,26110.222656,25873.179688,237.042969,0.9162,up,2026-07-14T15:30:00-04:00
2026-07-14T14:41:10.863538-05:00,2026-07-14T19:41:10.863538+00:00,^DJI,Dow Jones,Índice,52553.351562,52498.640625,54.710938,0.1042,up,2026-07-14T15:30:00-04:00
2026-07-14T14:41:10.863538-05:00,2026-07-14T19:41:10.863538+00:00,^VIX,VIX,Volatilidad,16.389999,17.16,-0.77,-4.4872,down,2026-07-14T15:15:00-04:00
2026-07-14T14:41:10.863538-05:00,2026-07-14T19:41:10.863538+00:00,^TNX,US 10Y,Tasa,4.585,4.609,-0.024,-0.5207,down,2026-07-14T14:50:00-04:00
2026-07-14T14:41:10.863538-05:00,2026-07-14T19:41:10.863538+00:00,GC=F,Oro,Commodity,4055.300049,3997.0,58.300049,1.4586,up,2026-07-14T15:30:00-04:00
2026-07-14T14:41:10.863538-05:00,2026-07-14T19:41:10.863538+00:00,CL=F,WTI,Commodity,79.75,78.139999,1.610001,2.0604,up,2026-07-14T15:30:00-04:00
2026-07-14T14:41:10.863538-05:00,2026-07-14T19:41:10.863538+00:00,HG=F,Cobre,Commodity,6.363,6.233,0.13,2.0857,up,2026-07-14T15:30:00-04:00
2026-07-14T14:41:10.863538-05:00,2026-07-14T19:41:10.863538+00:00,BTC-USD,Bitcoin,Crypto,64467.988281,62239.121094,2228.867188,3.5811,up,2026-07-14T15:30:00-04:00
2026-07-14T16:13:10.370871-05:00,2026-07-14T21:13:10.370871+00:00,USDPEN=X,USD/PEN,FX,3.3904,3.330561,0.059839,1.7967,up,2026-07-14T17:00:00-04:00
2026-07-14T16:13:10.370871-05:00,2026-07-14T21:13:10.370871+00:00,EURUSD=X,EUR/USD,FX,1.142857,1.140446,0.002411,0.2114,up,2026-07-14T17:00:00-04:00
2026-07-14T16:13:10.370871-05:00,2026-07-14T21:13:10.370871+00:00,DX-Y.NYB,DXY,Dólar,100.914001,101.279999,-0.365997,-0.3614,down,2026-07-14T17:00:00-04:00
2026-07-14T16:13:10.370871-05:00,2026-07-14T21:13:10.370871+00:00,^GSPC,S&P 500,Índice,7544.290039,7515.339844,28.950195,0.3852,up,2026-07-14T15:45:00-04:00
2026-07-14T16:13:10.370871-05:00,2026-07-14T21:13:10.370871+00:00,^IXIC,Nasdaq,Índice,26106.806641,25873.179688,233.626953,0.903,up,2026-07-14T15:45:00-04:00
2026-07-14T16:13:10.370871-05:00,2026-07-14T21:13:10.370871+00:00,^DJI,Dow Jones,Índice,52526.738281,52498.640625,28.097656,0.0535,up,2026-07-14T15:45:00-04:00
2026-07-14T16:13:10.370871-05:00,2026-07-14T21:13:10.370871+00:00,^VIX,VIX,Volatilidad,16.5,17.16,-0.66,-3.8462,down,2026-07-14T16:00:00-04:00
2026-07-14T16:13:10.370871-05:00,2026-07-14T21:13:10.370871+00:00,^TNX,US 10Y,Tasa,4.585,4.609,-0.024,-0.5207,down,2026-07-14T14:50:00-04:00
2026-07-14T16:13:10.370871-05:00,2026-07-14T21:13:10.370871+00:00,GC=F,Oro,Commodity,4058.300049,3997.0,61.300049,1.5337,up,2026-07-14T16:45:00-04:00
2026-07-14T16:13:10.370871-05:00,2026-07-14T21:13:10.370871+00:00,CL=F,WTI,Commodity,79.830002,78.139999,1.690002,2.1628,up,2026-07-14T16:45:00-04:00
2026-07-14T16:13:10.370871-05:00,2026-07-14T21:13:10.370871+00:00,HG=F,Cobre,Commodity,6.367,6.233,0.134,2.1499,up,2026-07-14T16:45:00-04:00
2026-07-14T16:13:10.370871-05:00,2026-07-14T21:13:10.370871+00:00,BTC-USD,Bitcoin,Crypto,64576.941406,62239.121094,2337.820312,3.7562,up,2026-07-14T17:00:00-04:00
2026-07-14T17:11:12.015610-05:00,2026-07-14T22:11:12.015610+00:00,USDPEN=X,USD/PEN,FX,3.3902,3.330561,0.059639,1.7907,up,2026-07-14T17:15:00-04:00
2026-07-14T17:11:12.015610-05:00,2026-07-14T22:11:12.015610+00:00,EURUSD=X,EUR/USD,FX,1.142204,1.140446,0.001758,0.1542,up,2026-07-14T18:00:00-04:00
2026-07-14T17:11:12.015610-05:00,2026-07-14T22:11:12.015610+00:00,DX-Y.NYB,DXY,Dólar,100.941002,101.279999,-0.338997,-0.3347,down,2026-07-14T18:00:00-04:00
2026-07-14T17:11:12.015610-05:00,2026-07-14T22:11:12.015610+00:00,^GSPC,S&P 500,Índice,7544.290039,7515.339844,28.950195,0.3852,up,2026-07-14T15:45:00-04:00
2026-07-14T17:11:12.015610-05:00,2026-07-14T22:11:12.015610+00:00,^IXIC,Nasdaq,Índice,26106.806641,25873.179688,233.626953,0.903,up,2026-07-14T15:45:00-04:00
2026-07-14T17:11:12.015610-05:00,2026-07-14T22:11:12.015610+00:00,^DJI,Dow Jones,Índice,52526.738281,52498.640625,28.097656,0.0535,up,2026-07-14T15:45:00-04:00
2026-07-14T17:11:12.015610-05:00,2026-07-14T22:11:12.015610+00:00,^VIX,VIX,Volatilidad,16.5,17.16,-0.66,-3.8462,down,2026-07-14T16:00:00-04:00
2026-07-14T17:11:12.015610-05:00,2026-07-14T22:11:12.015610+00:00,^TNX,US 10Y,Tasa,4.585,4.609,-0.024,-0.5207,down,2026-07-14T14:50:00-04:00
2026-07-14T17:11:12.015610-05:00,2026-07-14T22:11:12.015610+00:00,GC=F,Oro,Commodity,4058.0,3997.0,61.0,1.5261,up,2026-07-14T18:00:00-04:00
2026-07-14T17:11:12.015610-05:00,2026-07-14T22:11:12.015610+00:00,CL=F,WTI,Commodity,79.839996,78.139999,1.699997,2.1756,up,2026-07-14T18:00:00-04:00
2026-07-14T17:11:12.015610-05:00,2026-07-14T22:11:12.015610+00:00,HG=F,Cobre,Commodity,6.365,6.233,0.132,2.1178,up,2026-07-14T18:00:00-04:00
2026-07-14T17:11:12.015610-05:00,2026-07-14T22:11:12.015610+00:00,BTC-USD,Bitcoin,Crypto,64514.5,62239.121094,2275.378906,3.6559,up,2026-07-14T18:00:00-04:00
2026-07-14T18:09:43.059989-05:00,2026-07-14T23:09:43.059989+00:00,USDPEN=X,USD/PEN,FX,3.3905,3.41,-0.0195,-0.5718,down,2026-07-14T19:00:00-04:00
2026-07-14T18:09:43.059989-05:00,2026-07-14T23:09:43.059989+00:00,EURUSD=X,EUR/USD,FX,1.142465,1.138433,0.004032,0.3542,up,2026-07-14T19:00:00-04:00
2026-07-14T18:09:43.059989-05:00,2026-07-14T23:09:43.059989+00:00,DX-Y.NYB,DXY,Dólar,100.941002,101.279999,-0.338997,-0.3347,down,2026-07-14T18:00:00-04:00
2026-07-14T18:09:43.059989-05:00,2026-07-14T23:09:43.059989+00:00,^GSPC,S&P 500,Índice,7544.290039,7515.339844,28.950195,0.3852,up,2026-07-14T15:45:00-04:00
2026-07-14T18:09:43.059989-05:00,2026-07-14T23:09:43.059989+00:00,^IXIC,Nasdaq,Índice,26106.806641,25873.179688,233.626953,0.903,up,2026-07-14T15:45:00-04:00
2026-07-14T18:09:43.059989-05:00,2026-07-14T23:09:43.059989+00:00,^DJI,Dow Jones,Índice,52526.738281,52498.640625,28.097656,0.0535,up,2026-07-14T15:45:00-04:00
2026-07-14T18:09:43.059989-05:00,2026-07-14T23:09:43.059989+00:00,^VIX,VIX,Volatilidad,16.5,17.16,-0.66,-3.8462,down,2026-07-14T16:00:00-04:00
2026-07-14T18:09:43.059989-05:00,2026-07-14T23:09:43.059989+00:00,^TNX,US 10Y,Tasa,4.585,4.609,-0.024,-0.5207,down,2026-07-14T14:50:00-04:00
2026-07-14T18:09:43.059989-05:00,2026-07-14T23:09:43.059989+00:00,GC=F,Oro,Commodity,4055.300049,3997.0,58.300049,1.4586,up,2026-07-14T18:45:00-04:00
2026-07-14T18:09:43.059989-05:00,2026-07-14T23:09:43.059989+00:00,CL=F,WTI,Commodity,79.93,78.139999,1.790001,2.2908,up,2026-07-14T18:45:00-04:00
2026-07-14T18:09:43.059989-05:00,2026-07-14T23:09:43.059989+00:00,HG=F,Cobre,Commodity,6.364,6.233,0.131,2.1017,up,2026-07-14T18:45:00-04:00
2026-07-14T18:09:43.059989-05:00,2026-07-14T23:09:43.059989+00:00,BTC-USD,Bitcoin,Crypto,64868.601562,62239.121094,2629.480469,4.2248,up,2026-07-14T19:00:00-04:00
2026-07-14T19:03:40.684563-05:00,2026-07-15T00:03:40.684563+00:00,USDPEN=X,USD/PEN,FX,3.3903,3.41,-0.0197,-0.5777,down,2026-07-14T19:45:00-04:00
2026-07-14T19:03:40.684563-05:00,2026-07-15T00:03:40.684563+00:00,EURUSD=X,EUR/USD,FX,1.142988,1.138433,0.004554,0.4001,up,2026-07-14T20:00:00-04:00
2026-07-14T19:03:40.684563-05:00,2026-07-15T00:03:40.684563+00:00,DX-Y.NYB,DXY,Dólar,100.898003,101.279999,-0.381996,-0.3772,down,2026-07-14T19:45:00-04:00
2026-07-14T19:03:40.684563-05:00,2026-07-15T00:03:40.684563+00:00,^GSPC,S&P 500,Índice,7544.290039,7515.339844,28.950195,0.3852,up,2026-07-14T15:45:00-04:00
2026-07-14T19:03:40.684563-05:00,2026-07-15T00:03:40.684563+00:00,^IXIC,Nasdaq,Índice,26106.806641,25873.179688,233.626953,0.903,up,2026-07-14T15:45:00-04:00
2026-07-14T19:03:40.684563-05:00,2026-07-15T00:03:40.684563+00:00,^DJI,Dow Jones,Índice,52526.738281,52498.640625,28.097656,0.0535,up,2026-07-14T15:45:00-04:00
2026-07-14T19:03:40.684563-05:00,2026-07-15T00:03:40.684563+00:00,^VIX,VIX,Volatilidad,16.5,17.16,-0.66,-3.8462,down,2026-07-14T16:00:00-04:00
2026-07-14T19:03:40.684563-05:00,2026-07-15T00:03:40.684563+00:00,^TNX,US 10Y,Tasa,4.585,4.609,-0.024,-0.5207,down,2026-07-14T14:50:00-04:00
2026-07-14T19:03:40.684563-05:00,2026-07-15T00:03:40.684563+00:00,GC=F,Oro,Commodity,4059.600098,3997.0,62.600098,1.5662,up,2026-07-14T19:45:00-04:00
2026-07-14T19:03:40.684563-05:00,2026-07-15T00:03:40.684563+00:00,CL=F,WTI,Commodity,79.830002,78.139999,1.690002,2.1628,up,2026-07-14T19:45:00-04:00
2026-07-14T19:03:40.684563-05:00,2026-07-15T00:03:40.684563+00:00,HG=F,Cobre,Commodity,6.368,6.233,0.135,2.1659,up,2026-07-14T19:45:00-04:00
2026-07-14T19:03:40.684563-05:00,2026-07-15T00:03:40.684563+00:00,BTC-USD,Bitcoin,Crypto,64991.730469,62239.121094,2752.609375,4.4226,up,2026-07-14T20:00:00-04:00
2026-07-15T09:06:53.591183-05:00,2026-07-15T14:06:53.591183+00:00,USDPEN=X,USD/PEN,FX,3.3894,3.41,-0.0206,-0.6041,down,2026-07-15T09:30:00-04:00
2026-07-15T09:06:53.591183-05:00,2026-07-15T14:06:53.591183+00:00,EURUSD=X,EUR/USD,FX,1.143641,1.138433,0.005208,0.4575,up,2026-07-15T10:00:00-04:00
2026-07-15T09:06:53.591183-05:00,2026-07-15T14:06:53.591183+00:00,DX-Y.NYB,DXY,Dólar,100.832001,101.279999,-0.447998,-0.4423,down,2026-07-15T09:45:00-04:00
2026-07-15T09:06:53.591183-05:00,2026-07-15T14:06:53.591183+00:00,^GSPC,S&P 500,Índice,7577.959961,7515.339844,62.620117,0.8332,up,2026-07-15T10:00:00-04:00
2026-07-15T09:06:53.591183-05:00,2026-07-15T14:06:53.591183+00:00,^IXIC,Nasdaq,Índice,26302.310547,25873.179688,429.130859,1.6586,up,2026-07-15T10:00:00-04:00
2026-07-15T09:06:53.591183-05:00,2026-07-15T14:06:53.591183+00:00,^DJI,Dow Jones,Índice,52690.960938,52498.640625,192.320312,0.3663,up,2026-07-15T10:00:00-04:00
2026-07-15T09:06:53.591183-05:00,2026-07-15T14:06:53.591183+00:00,^VIX,VIX,Volatilidad,16.290001,17.16,-0.869999,-5.0699,down,2026-07-15T09:45:00-04:00
2026-07-15T09:06:53.591183-05:00,2026-07-15T14:06:53.591183+00:00,^TNX,US 10Y,Tasa,4.565,4.609,-0.044,-0.9547,down,2026-07-15T09:50:00-04:00
2026-07-15T09:06:53.591183-05:00,2026-07-15T14:06:53.591183+00:00,GC=F,Oro,Commodity,4066.899902,4061.100098,5.799805,0.1428,up,2026-07-15T09:45:00-04:00
2026-07-15T09:06:53.591183-05:00,2026-07-15T14:06:53.591183+00:00,CL=F,WTI,Commodity,79.730003,79.339996,0.390007,0.4916,up,2026-07-15T09:45:00-04:00
2026-07-15T09:06:53.591183-05:00,2026-07-15T14:06:53.591183+00:00,HG=F,Cobre,Commodity,6.4045,6.33,0.0745,1.1769,up,2026-07-15T09:45:00-04:00
2026-07-15T09:06:53.591183-05:00,2026-07-15T14:06:53.591183+00:00,BTC-USD,Bitcoin,Crypto,65244.871094,64956.113281,288.757812,0.4445,up,2026-07-15T10:00:00-04:00
2026-07-15T10:47:57.299056-05:00,2026-07-15T15:47:57.299056+00:00,USDPEN=X,USD/PEN,FX,3.3829,3.41,-0.0271,-0.7947,down,2026-07-15T11:45:00-04:00
2026-07-15T10:47:57.299056-05:00,2026-07-15T15:47:57.299056+00:00,EURUSD=X,EUR/USD,FX,1.144034,1.138433,0.0056,0.4919,up,2026-07-15T11:45:00-04:00
2026-07-15T10:47:57.299056-05:00,2026-07-15T15:47:57.299056+00:00,DX-Y.NYB,DXY,Dólar,100.741997,100.940002,-0.198006,-0.1962,down,2026-07-15T11:30:00-04:00
2026-07-15T10:47:57.299056-05:00,2026-07-15T15:47:57.299056+00:00,^GSPC,S&P 500,Índice,7554.799805,7543.589844,11.209961,0.1486,up,2026-07-15T11:45:00-04:00
2026-07-15T10:47:57.299056-05:00,2026-07-15T15:47:57.299056+00:00,^IXIC,Nasdaq,Índice,26182.466797,26107.009766,75.457031,0.289,up,2026-07-15T11:45:00-04:00
2026-07-15T10:47:57.299056-05:00,2026-07-15T15:47:57.299056+00:00,^DJI,Dow Jones,Índice,52688.421875,52508.269531,180.152344,0.3431,up,2026-07-15T11:45:00-04:00
2026-07-15T10:47:57.299056-05:00,2026-07-15T15:47:57.299056+00:00,^VIX,VIX,Volatilidad,16.09,16.5,-0.41,-2.4848,down,2026-07-15T11:30:00-04:00
2026-07-15T10:47:57.299056-05:00,2026-07-15T15:47:57.299056+00:00,^TNX,US 10Y,Tasa,4.551,4.585,-0.034,-0.7416,down,2026-07-15T11:20:00-04:00
2026-07-15T10:47:57.299056-05:00,2026-07-15T15:47:57.299056+00:00,GC=F,Oro,Commodity,4054.699951,4061.100098,-6.400146,-0.1576,down,2026-07-15T11:30:00-04:00
2026-07-15T10:47:57.299056-05:00,2026-07-15T15:47:57.299056+00:00,CL=F,WTI,Commodity,78.559998,79.339996,-0.779999,-0.9831,down,2026-07-15T11:30:00-04:00
2026-07-15T10:47:57.299056-05:00,2026-07-15T15:47:57.299056+00:00,HG=F,Cobre,Commodity,6.368,6.33,0.038,0.6003,up,2026-07-15T11:30:00-04:00
2026-07-15T10:47:57.299056-05:00,2026-07-15T15:47:57.299056+00:00,BTC-USD,Bitcoin,Crypto,65415.96875,64956.113281,459.855469,0.7079,up,2026-07-15T11:45:00-04:00
2026-07-15T12:36:47.367140-05:00,2026-07-15T17:36:47.367140+00:00,USDPEN=X,USD/PEN,FX,3.3932,3.41,-0.0168,-0.4927,down,2026-07-15T13:30:00-04:00
2026-07-15T12:36:47.367140-05:00,2026-07-15T17:36:47.367140+00:00,EURUSD=X,EUR/USD,FX,1.146789,1.138433,0.008356,0.734,up,2026-07-15T13:30:00-04:00
2026-07-15T12:36:47.367140-05:00,2026-07-15T17:36:47.367140+00:00,DX-Y.NYB,DXY,Dólar,100.570999,100.940002,-0.369003,-0.3656,down,2026-07-15T13:15:00-04:00
2026-07-15T12:36:47.367140-05:00,2026-07-15T17:36:47.367140+00:00,^GSPC,S&P 500,Índice,7558.47998,7543.589844,14.890137,0.1974,up,2026-07-15T13:30:00-04:00
2026-07-15T12:36:47.367140-05:00,2026-07-15T17:36:47.367140+00:00,^IXIC,Nasdaq,Índice,26194.029297,26107.009766,87.019531,0.3333,up,2026-07-15T13:30:00-04:00
2026-07-15T12:36:47.367140-05:00,2026-07-15T17:36:47.367140+00:00,^DJI,Dow Jones,Índice,52597.230469,52508.269531,88.960938,0.1694,up,2026-07-15T13:30:00-04:00
2026-07-15T12:36:47.367140-05:00,2026-07-15T17:36:47.367140+00:00,^VIX,VIX,Volatilidad,16.09,16.5,-0.41,-2.4848,down,2026-07-15T13:15:00-04:00
2026-07-15T12:36:47.367140-05:00,2026-07-15T17:36:47.367140+00:00,^TNX,US 10Y,Tasa,4.549,4.585,-0.036,-0.7852,down,2026-07-15T13:20:00-04:00
2026-07-15T12:36:47.367140-05:00,2026-07-15T17:36:47.367140+00:00,GC=F,Oro,Commodity,4045.399902,4061.100098,-15.700195,-0.3866,down,2026-07-15T13:15:00-04:00
2026-07-15T12:36:47.367140-05:00,2026-07-15T17:36:47.367140+00:00,CL=F,WTI,Commodity,79.269997,79.339996,-0.07,-0.0882,down,2026-07-15T13:15:00-04:00
2026-07-15T12:36:47.367140-05:00,2026-07-15T17:36:47.367140+00:00,HG=F,Cobre,Commodity,6.3565,6.33,0.0265,0.4186,up,2026-07-15T13:15:00-04:00
2026-07-15T12:36:47.367140-05:00,2026-07-15T17:36:47.367140+00:00,BTC-USD,Bitcoin,Crypto,64946.03125,64956.113281,-10.082031,-0.0155,down,2026-07-15T13:30:00-04:00
2026-07-15T14:34:26.334753-05:00,2026-07-15T19:34:26.334753+00:00,USDPEN=X,USD/PEN,FX,3.3808,3.41,-0.0292,-0.8563,down,2026-07-15T15:30:00-04:00
2026-07-15T14:34:26.334753-05:00,2026-07-15T19:34:26.334753+00:00,EURUSD=X,EUR/USD,FX,1.14692,1.138433,0.008487,0.7455,up,2026-07-15T15:30:00-04:00
2026-07-15T14:34:26.334753-05:00,2026-07-15T19:34:26.334753+00:00,DX-Y.NYB,DXY,Dólar,100.446999,100.940002,-0.493004,-0.4884,down,2026-07-15T15:15:00-04:00
2026-07-15T14:34:26.334753-05:00,2026-07-15T19:34:26.334753+00:00,^GSPC,S&P 500,Índice,7558.850098,7543.589844,15.260254,0.2023,up,2026-07-15T15:30:00-04:00
2026-07-15T14:34:26.334753-05:00,2026-07-15T19:34:26.334753+00:00,^IXIC,Nasdaq,Índice,26202.166016,26107.009766,95.15625,0.3645,up,2026-07-15T15:30:00-04:00
2026-07-15T14:34:26.334753-05:00,2026-07-15T19:34:26.334753+00:00,^DJI,Dow Jones,Índice,52607.078125,52508.269531,98.808594,0.1882,up,2026-07-15T15:30:00-04:00
2026-07-15T14:34:26.334753-05:00,2026-07-15T19:34:26.334753+00:00,^VIX,VIX,Volatilidad,15.79,16.5,-0.71,-4.303,down,2026-07-15T15:15:00-04:00
2026-07-15T14:34:26.334753-05:00,2026-07-15T19:34:26.334753+00:00,^TNX,US 10Y,Tasa,4.545,4.585,-0.04,-0.8724,down,2026-07-15T14:50:00-04:00
2026-07-15T14:34:26.334753-05:00,2026-07-15T19:34:26.334753+00:00,GC=F,Oro,Commodity,4061.5,4061.100098,0.399902,0.0098,up,2026-07-15T15:15:00-04:00
2026-07-15T14:34:26.334753-05:00,2026-07-15T19:34:26.334753+00:00,CL=F,WTI,Commodity,79.870003,79.339996,0.530006,0.668,up,2026-07-15T15:15:00-04:00
2026-07-15T14:34:26.334753-05:00,2026-07-15T19:34:26.334753+00:00,HG=F,Cobre,Commodity,6.387,6.33,0.057,0.9005,up,2026-07-15T15:15:00-04:00
2026-07-15T14:34:26.334753-05:00,2026-07-15T19:34:26.334753+00:00,BTC-USD,Bitcoin,Crypto,64839.859375,64956.113281,-116.253906,-0.179,down,2026-07-15T15:30:00-04:00
2026-07-15T16:13:38.516011-05:00,2026-07-15T21:13:38.516011+00:00,USDPEN=X,USD/PEN,FX,3.3806,3.41,-0.0294,-0.8622,down,2026-07-15T17:00:00-04:00
2026-07-15T16:13:38.516011-05:00,2026-07-15T21:13:38.516011+00:00,EURUSD=X,EUR/USD,FX,1.14692,1.138433,0.008487,0.7455,up,2026-07-15T17:00:00-04:00
2026-07-15T16:13:38.516011-05:00,2026-07-15T21:13:38.516011+00:00,DX-Y.NYB,DXY,Dólar,100.512001,100.940002,-0.428001,-0.424,down,2026-07-15T17:00:00-04:00
2026-07-15T16:13:38.516011-05:00,2026-07-15T21:13:38.516011+00:00,^GSPC,S&P 500,Índice,7572.200195,7543.589844,28.610352,0.3793,up,2026-07-15T15:45:00-04:00
2026-07-15T16:13:38.516011-05:00,2026-07-15T21:13:38.516011+00:00,^IXIC,Nasdaq,Índice,26263.046875,26107.009766,156.037109,0.5977,up,2026-07-15T15:45:00-04:00
2026-07-15T16:13:38.516011-05:00,2026-07-15T21:13:38.516011+00:00,^DJI,Dow Jones,Índice,52658.019531,52508.269531,149.75,0.2852,up,2026-07-15T15:45:00-04:00
2026-07-15T16:13:38.516011-05:00,2026-07-15T21:13:38.516011+00:00,^VIX,VIX,Volatilidad,15.67,16.5,-0.83,-5.0303,down,2026-07-15T16:00:00-04:00
2026-07-15T16:13:38.516011-05:00,2026-07-15T21:13:38.516011+00:00,^TNX,US 10Y,Tasa,4.545,4.585,-0.04,-0.8724,down,2026-07-15T14:50:00-04:00
2026-07-15T16:13:38.516011-05:00,2026-07-15T21:13:38.516011+00:00,GC=F,Oro,Commodity,4066.899902,4061.100098,5.799805,0.1428,up,2026-07-15T16:45:00-04:00
2026-07-15T16:13:38.516011-05:00,2026-07-15T21:13:38.516011+00:00,CL=F,WTI,Commodity,80.239998,79.339996,0.900002,1.1344,up,2026-07-15T16:45:00-04:00
2026-07-15T16:13:38.516011-05:00,2026-07-15T21:13:38.516011+00:00,HG=F,Cobre,Commodity,6.383,6.33,0.053,0.8373,up,2026-07-15T16:45:00-04:00
2026-07-15T16:13:38.516011-05:00,2026-07-15T21:13:38.516011+00:00,BTC-USD,Bitcoin,Crypto,64850.921875,64956.113281,-105.191406,-0.1619,down,2026-07-15T17:00:00-04:00
2026-07-15T17:11:42.828196-05:00,2026-07-15T22:11:42.828196+00:00,USDPEN=X,USD/PEN,FX,3.3807,3.41,-0.0293,-0.8592,down,2026-07-15T17:30:00-04:00
2026-07-15T17:11:42.828196-05:00,2026-07-15T22:11:42.828196+00:00,EURUSD=X,EUR/USD,FX,1.147052,1.138433,0.008619,0.7571,up,2026-07-15T18:00:00-04:00
2026-07-15T17:11:42.828196-05:00,2026-07-15T22:11:42.828196+00:00,DX-Y.NYB,DXY,Dólar,100.481003,100.940002,-0.459,-0.4547,down,2026-07-15T18:00:00-04:00
2026-07-15T17:11:42.828196-05:00,2026-07-15T22:11:42.828196+00:00,^GSPC,S&P 500,Índice,7572.200195,7543.589844,28.610352,0.3793,up,2026-07-15T15:45:00-04:00
2026-07-15T17:11:42.828196-05:00,2026-07-15T22:11:42.828196+00:00,^IXIC,Nasdaq,Índice,26263.046875,26107.009766,156.037109,0.5977,up,2026-07-15T15:45:00-04:00
2026-07-15T17:11:42.828196-05:00,2026-07-15T22:11:42.828196+00:00,^DJI,Dow Jones,Índice,52658.019531,52508.269531,149.75,0.2852,up,2026-07-15T15:45:00-04:00
2026-07-15T17:11:42.828196-05:00,2026-07-15T22:11:42.828196+00:00,^VIX,VIX,Volatilidad,15.67,16.5,-0.83,-5.0303,down,2026-07-15T16:00:00-04:00
2026-07-15T17:11:42.828196-05:00,2026-07-15T22:11:42.828196+00:00,^TNX,US 10Y,Tasa,4.545,4.585,-0.04,-0.8724,down,2026-07-15T14:50:00-04:00
2026-07-15T17:11:42.828196-05:00,2026-07-15T22:11:42.828196+00:00,GC=F,Oro,Commodity,4069.100098,4061.100098,8.0,0.197,up,2026-07-15T18:00:00-04:00
2026-07-15T17:11:42.828196-05:00,2026-07-15T22:11:42.828196+00:00,CL=F,WTI,Commodity,80.150002,79.339996,0.810005,1.0209,up,2026-07-15T18:00:00-04:00
2026-07-15T17:11:42.828196-05:00,2026-07-15T22:11:42.828196+00:00,HG=F,Cobre,Commodity,6.3845,6.33,0.0545,0.861,up,2026-07-15T18:00:00-04:00
2026-07-15T17:11:42.828196-05:00,2026-07-15T22:11:42.828196+00:00,BTC-USD,Bitcoin,Crypto,64812.820312,64956.113281,-143.292969,-0.2206,down,2026-07-15T18:00:00-04:00
2026-07-15T18:10:38.339361-05:00,2026-07-15T23:10:38.339361+00:00,USDPEN=X,USD/PEN,FX,3.3861,3.39,-0.0039,-0.115,down,2026-07-15T19:00:00-04:00
2026-07-15T18:10:38.339361-05:00,2026-07-15T23:10:38.339361+00:00,EURUSD=X,EUR/USD,FX,1.147184,1.142465,0.004718,0.413,up,2026-07-15T19:00:00-04:00
2026-07-15T18:10:38.339361-05:00,2026-07-15T23:10:38.339361+00:00,DX-Y.NYB,DXY,Dólar,100.495003,100.940002,-0.445,-0.4409,down,2026-07-15T18:00:00-04:00
2026-07-15T18:10:38.339361-05:00,2026-07-15T23:10:38.339361+00:00,^GSPC,S&P 500,Índice,7572.200195,7543.589844,28.610352,0.3793,up,2026-07-15T15:45:00-04:00
2026-07-15T18:10:38.339361-05:00,2026-07-15T23:10:38.339361+00:00,^IXIC,Nasdaq,Índice,26263.046875,26107.009766,156.037109,0.5977,up,2026-07-15T15:45:00-04:00
2026-07-15T18:10:38.339361-05:00,2026-07-15T23:10:38.339361+00:00,^DJI,Dow Jones,Índice,52658.019531,52508.269531,149.75,0.2852,up,2026-07-15T15:45:00-04:00
2026-07-15T18:10:38.339361-05:00,2026-07-15T23:10:38.339361+00:00,^VIX,VIX,Volatilidad,15.67,16.5,-0.83,-5.0303,down,2026-07-15T16:00:00-04:00
2026-07-15T18:10:38.339361-05:00,2026-07-15T23:10:38.339361+00:00,^TNX,US 10Y,Tasa,4.545,4.585,-0.04,-0.8724,down,2026-07-15T14:50:00-04:00
2026-07-15T18:10:38.339361-05:00,2026-07-15T23:10:38.339361+00:00,GC=F,Oro,Commodity,4066.0,4061.100098,4.899902,0.1207,up,2026-07-15T19:00:00-04:00
2026-07-15T18:10:38.339361-05:00,2026-07-15T23:10:38.339361+00:00,CL=F,WTI,Commodity,80.25,79.339996,0.910004,1.147,up,2026-07-15T19:00:00-04:00
2026-07-15T18:10:38.339361-05:00,2026-07-15T23:10:38.339361+00:00,HG=F,Cobre,Commodity,6.3825,6.33,0.0525,0.8294,up,2026-07-15T19:00:00-04:00
2026-07-15T18:10:38.339361-05:00,2026-07-15T23:10:38.339361+00:00,BTC-USD,Bitcoin,Crypto,64886.910156,64956.113281,-69.203125,-0.1065,down,2026-07-15T19:00:00-04:00
2026-07-15T19:07:53.104111-05:00,2026-07-16T00:07:53.104111+00:00,USDPEN=X,USD/PEN,FX,3.3864,3.39,-0.0036,-0.1062,down,2026-07-15T19:45:00-04:00
2026-07-15T19:07:53.104111-05:00,2026-07-16T00:07:53.104111+00:00,EURUSD=X,EUR/USD,FX,1.147447,1.142465,0.004981,0.436,up,2026-07-15T20:00:00-04:00
2026-07-15T19:07:53.104111-05:00,2026-07-16T00:07:53.104111+00:00,DX-Y.NYB,DXY,Dólar,100.462997,100.940002,-0.477005,-0.4726,down,2026-07-15T19:45:00-04:00
2026-07-15T19:07:53.104111-05:00,2026-07-16T00:07:53.104111+00:00,^GSPC,S&P 500,Índice,7572.200195,7543.589844,28.610352,0.3793,up,2026-07-15T15:45:00-04:00
2026-07-15T19:07:53.104111-05:00,2026-07-16T00:07:53.104111+00:00,^IXIC,Nasdaq,Índice,26263.046875,26107.009766,156.037109,0.5977,up,2026-07-15T15:45:00-04:00
2026-07-15T19:07:53.104111-05:00,2026-07-16T00:07:53.104111+00:00,^DJI,Dow Jones,Índice,52658.019531,52508.269531,149.75,0.2852,up,2026-07-15T15:45:00-04:00
2026-07-15T19:07:53.104111-05:00,2026-07-16T00:07:53.104111+00:00,^VIX,VIX,Volatilidad,15.67,16.5,-0.83,-5.0303,down,2026-07-15T16:00:00-04:00
2026-07-15T19:07:53.104111-05:00,2026-07-16T00:07:53.104111+00:00,^TNX,US 10Y,Tasa,4.545,4.585,-0.04,-0.8724,down,2026-07-15T14:50:00-04:00
2026-07-15T19:07:53.104111-05:00,2026-07-16T00:07:53.104111+00:00,GC=F,Oro,Commodity,4064.5,4061.100098,3.399902,0.0837,up,2026-07-15T19:45:00-04:00
2026-07-15T19:07:53.104111-05:00,2026-07-16T00:07:53.104111+00:00,CL=F,WTI,Commodity,80.150002,79.339996,0.810005,1.0209,up,2026-07-15T19:45:00-04:00
2026-07-15T19:07:53.104111-05:00,2026-07-16T00:07:53.104111+00:00,HG=F,Cobre,Commodity,6.3815,6.33,0.0515,0.8136,up,2026-07-15T19:45:00-04:00
2026-07-15T19:07:53.104111-05:00,2026-07-16T00:07:53.104111+00:00,BTC-USD,Bitcoin,Crypto,64744.671875,64956.113281,-211.441406,-0.3255,down,2026-07-15T20:00:00-04:00
2026-07-16T09:19:18.409735-05:00,2026-07-16T14:19:18.409735+00:00,USDPEN=X,USD/PEN,FX,3.3842,3.39,-0.0058,-0.1711,down,2026-07-16T10:15:00-04:00
2026-07-16T09:19:18.409735-05:00,2026-07-16T14:19:18.409735+00:00,EURUSD=X,EUR/USD,FX,1.145344,1.142465,0.002879,0.252,up,2026-07-16T10:15:00-04:00
2026-07-16T09:19:18.409735-05:00,2026-07-16T14:19:18.409735+00:00,DX-Y.NYB,DXY,Dólar,100.630997,100.5,0.130997,0.1303,up,2026-07-16T10:00:00-04:00
2026-07-16T09:19:18.409735-05:00,2026-07-16T14:19:18.409735+00:00,^GSPC,S&P 500,Índice,7561.100098,7572.399902,-11.299805,-0.1492,down,2026-07-16T10:15:00-04:00
2026-07-16T09:19:18.409735-05:00,2026-07-16T14:19:18.409735+00:00,^IXIC,Nasdaq,Índice,26120.0625,26269.230469,-149.167969,-0.5678,down,2026-07-16T10:15:00-04:00
2026-07-16T09:19:18.409735-05:00,2026-07-16T14:19:18.409735+00:00,^DJI,Dow Jones,Índice,52641.460938,52658.640625,-17.179688,-0.0326,down,2026-07-16T10:15:00-04:00
2026-07-16T09:19:18.409735-05:00,2026-07-16T14:19:18.409735+00:00,^VIX,VIX,Volatilidad,16.110001,15.67,0.440001,2.8079,up,2026-07-16T10:00:00-04:00
2026-07-16T09:19:18.409735-05:00,2026-07-16T14:19:18.409735+00:00,^TNX,US 10Y,Tasa,4.58,4.545,0.035,0.7701,up,2026-07-16T09:50:00-04:00
2026-07-16T09:19:18.409735-05:00,2026-07-16T14:19:18.409735+00:00,GC=F,Oro,Commodity,3995.300049,4044.0,-48.699951,-1.2043,down,2026-07-16T10:00:00-04:00
2026-07-16T09:19:18.409735-05:00,2026-07-16T14:19:18.409735+00:00,CL=F,WTI,Commodity,79.889999,79.599998,0.290001,0.3643,up,2026-07-16T10:00:00-04:00
2026-07-16T09:19:18.409735-05:00,2026-07-16T14:19:18.409735+00:00,HG=F,Cobre,Commodity,6.352,6.2935,0.0585,0.9295,up,2026-07-16T10:00:00-04:00
2026-07-16T09:19:18.409735-05:00,2026-07-16T14:19:18.409735+00:00,BTC-USD,Bitcoin,Crypto,64597.179688,64712.375,-115.195312,-0.178,down,2026-07-16T10:15:00-04:00
2026-07-16T11:39:40.919527-05:00,2026-07-16T16:39:40.919527+00:00,USDPEN=X,USD/PEN,FX,3.3921,3.39,0.0021,0.0619,up,2026-07-16T12:30:00-04:00
2026-07-16T11:39:40.919527-05:00,2026-07-16T16:39:40.919527+00:00,EURUSD=X,EUR/USD,FX,1.144165,1.142465,0.001699,0.1487,up,2026-07-16T12:30:00-04:00
2026-07-16T11:39:40.919527-05:00,2026-07-16T16:39:40.919527+00:00,DX-Y.NYB,DXY,Dólar,100.791,100.5,0.291,0.2896,up,2026-07-16T12:15:00-04:00
2026-07-16T11:39:40.919527-05:00,2026-07-16T16:39:40.919527+00:00,^GSPC,S&P 500,Índice,7545.359863,7572.399902,-27.040039,-0.3571,down,2026-07-16T12:30:00-04:00
2026-07-16T11:39:40.919527-05:00,2026-07-16T16:39:40.919527+00:00,^IXIC,Nasdaq,Índice,26006.625,26269.230469,-262.605469,-0.9997,down,2026-07-16T12:30:00-04:00
2026-07-16T11:39:40.919527-05:00,2026-07-16T16:39:40.919527+00:00,^DJI,Dow Jones,Índice,52604.199219,52658.640625,-54.441406,-0.1034,down,2026-07-16T12:30:00-04:00
2026-07-16T11:39:40.919527-05:00,2026-07-16T16:39:40.919527+00:00,^VIX,VIX,Volatilidad,16.43,15.67,0.76,4.85,up,2026-07-16T12:15:00-04:00
2026-07-16T11:39:40.919527-05:00,2026-07-16T16:39:40.919527+00:00,^TNX,US 10Y,Tasa,4.582,4.545,0.037,0.8141,up,2026-07-16T12:20:00-04:00
2026-07-16T11:39:40.919527-05:00,2026-07-16T16:39:40.919527+00:00,GC=F,Oro,Commodity,3990.0,4044.0,-54.0,-1.3353,down,2026-07-16T12:15:00-04:00
2026-07-16T11:39:40.919527-05:00,2026-07-16T16:39:40.919527+00:00,CL=F,WTI,Commodity,78.949997,79.599998,-0.650002,-0.8166,down,2026-07-16T12:15:00-04:00
2026-07-16T11:39:40.919527-05:00,2026-07-16T16:39:40.919527+00:00,HG=F,Cobre,Commodity,6.3415,6.2935,0.048,0.7627,up,2026-07-16T12:15:00-04:00
2026-07-16T11:39:40.919527-05:00,2026-07-16T16:39:40.919527+00:00,BTC-USD,Bitcoin,Crypto,64369.160156,64712.375,-343.214844,-0.5304,down,2026-07-16T12:30:00-04:00
2026-07-16T13:18:30.435693-05:00,2026-07-16T18:18:30.435693+00:00,USDPEN=X,USD/PEN,FX,3.3966,3.39,0.0066,0.1947,up,2026-07-16T14:15:00-04:00
2026-07-16T13:18:30.435693-05:00,2026-07-16T18:18:30.435693+00:00,EURUSD=X,EUR/USD,FX,1.144165,1.142465,0.001699,0.1487,up,2026-07-16T14:15:00-04:00
2026-07-16T13:18:30.435693-05:00,2026-07-16T18:18:30.435693+00:00,DX-Y.NYB,DXY,Dólar,100.791,100.5,0.291,0.2896,up,2026-07-16T14:00:00-04:00
2026-07-16T13:18:30.435693-05:00,2026-07-16T18:18:30.435693+00:00,^GSPC,S&P 500,Índice,7537.140137,7572.399902,-35.259766,-0.4656,down,2026-07-16T14:15:00-04:00
2026-07-16T13:18:30.435693-05:00,2026-07-16T18:18:30.435693+00:00,^IXIC,Nasdaq,Índice,25957.037109,26269.230469,-312.193359,-1.1884,down,2026-07-16T14:15:00-04:00
2026-07-16T13:18:30.435693-05:00,2026-07-16T18:18:30.435693+00:00,^DJI,Dow Jones,Índice,52522.550781,52658.640625,-136.089844,-0.2584,down,2026-07-16T14:15:00-04:00
2026-07-16T13:18:30.435693-05:00,2026-07-16T18:18:30.435693+00:00,^VIX,VIX,Volatilidad,16.48,15.67,0.809999,5.1691,up,2026-07-16T14:00:00-04:00
2026-07-16T13:18:30.435693-05:00,2026-07-16T18:18:30.435693+00:00,^TNX,US 10Y,Tasa,4.565,4.545,0.02,0.44,up,2026-07-16T13:50:00-04:00
2026-07-16T13:18:30.435693-05:00,2026-07-16T18:18:30.435693+00:00,GC=F,Oro,Commodity,3990.199951,4044.0,-53.800049,-1.3304,down,2026-07-16T14:00:00-04:00
2026-07-16T13:18:30.435693-05:00,2026-07-16T18:18:30.435693+00:00,CL=F,WTI,Commodity,78.279999,79.599998,-1.32,-1.6583,down,2026-07-16T14:00:00-04:00
2026-07-16T13:18:30.435693-05:00,2026-07-16T18:18:30.435693+00:00,HG=F,Cobre,Commodity,6.31,6.2935,0.0165,0.2622,up,2026-07-16T14:00:00-04:00
2026-07-16T13:18:30.435693-05:00,2026-07-16T18:18:30.435693+00:00,BTC-USD,Bitcoin,Crypto,64167.28125,64712.375,-545.09375,-0.8423,down,2026-07-16T14:15:00-04:00
2026-07-16T15:10:00.541655-05:00,2026-07-16T20:10:00.541655+00:00,USDPEN=X,USD/PEN,FX,3.3805,3.39,-0.0095,-0.2802,down,2026-07-16T16:00:00-04:00
2026-07-16T15:10:00.541655-05:00,2026-07-16T20:10:00.541655+00:00,EURUSD=X,EUR/USD,FX,1.144427,1.142465,0.001961,0.1717,up,2026-07-16T16:00:00-04:00
2026-07-16T15:10:00.541655-05:00,2026-07-16T20:10:00.541655+00:00,DX-Y.NYB,DXY,Dólar,100.75,100.5,0.25,0.2488,up,2026-07-16T15:45:00-04:00
2026-07-16T15:10:00.541655-05:00,2026-07-16T20:10:00.541655+00:00,^GSPC,S&P 500,Índice,7534.620117,7572.399902,-37.779785,-0.4989,down,2026-07-16T15:45:00-04:00
2026-07-16T15:10:00.541655-05:00,2026-07-16T20:10:00.541655+00:00,^IXIC,Nasdaq,Índice,25889.144531,26269.230469,-380.085938,-1.4469,down,2026-07-16T15:45:00-04:00
2026-07-16T15:10:00.541655-05:00,2026-07-16T20:10:00.541655+00:00,^DJI,Dow Jones,Índice,52553.078125,52658.640625,-105.5625,-0.2005,down,2026-07-16T15:45:00-04:00
2026-07-16T15:10:00.541655-05:00,2026-07-16T20:10:00.541655+00:00,^VIX,VIX,Volatilidad,16.75,15.67,1.08,6.8922,up,2026-07-16T15:45:00-04:00
2026-07-16T15:10:00.541655-05:00,2026-07-16T20:10:00.541655+00:00,^TNX,US 10Y,Tasa,4.569,4.545,0.024,0.528,up,2026-07-16T14:50:00-04:00
2026-07-16T15:10:00.541655-05:00,2026-07-16T20:10:00.541655+00:00,GC=F,Oro,Commodity,3984.199951,4044.0,-59.800049,-1.4787,down,2026-07-16T15:45:00-04:00
2026-07-16T15:10:00.541655-05:00,2026-07-16T20:10:00.541655+00:00,CL=F,WTI,Commodity,78.410004,79.599998,-1.189995,-1.495,down,2026-07-16T15:45:00-04:00
2026-07-16T15:10:00.541655-05:00,2026-07-16T20:10:00.541655+00:00,HG=F,Cobre,Commodity,6.2965,6.2935,0.003,0.0477,up,2026-07-16T15:45:00-04:00
2026-07-16T15:10:00.541655-05:00,2026-07-16T20:10:00.541655+00:00,BTC-USD,Bitcoin,Crypto,64147.410156,64712.375,-564.964844,-0.873,down,2026-07-16T16:00:00-04:00
2026-07-16T16:14:04.191219-05:00,2026-07-16T21:14:04.191219+00:00,USDPEN=X,USD/PEN,FX,3.3824,3.39,-0.0076,-0.2242,down,2026-07-16T17:00:00-04:00
2026-07-16T16:14:04.191219-05:00,2026-07-16T21:14:04.191219+00:00,EURUSD=X,EUR/USD,FX,1.144558,1.142465,0.002092,0.1831,up,2026-07-16T17:00:00-04:00
2026-07-16T16:14:04.191219-05:00,2026-07-16T21:14:04.191219+00:00,DX-Y.NYB,DXY,Dólar,100.741997,100.5,0.241997,0.2408,up,2026-07-16T17:00:00-04:00
2026-07-16T16:14:04.191219-05:00,2026-07-16T21:14:04.191219+00:00,^GSPC,S&P 500,Índice,7534.620117,7572.399902,-37.779785,-0.4989,down,2026-07-16T15:45:00-04:00
2026-07-16T16:14:04.191219-05:00,2026-07-16T21:14:04.191219+00:00,^IXIC,Nasdaq,Índice,25889.144531,26269.230469,-380.085938,-1.4469,down,2026-07-16T15:45:00-04:00
2026-07-16T16:14:04.191219-05:00,2026-07-16T21:14:04.191219+00:00,^DJI,Dow Jones,Índice,52553.078125,52658.640625,-105.5625,-0.2005,down,2026-07-16T15:45:00-04:00
2026-07-16T16:14:04.191219-05:00,2026-07-16T21:14:04.191219+00:00,^VIX,VIX,Volatilidad,16.709999,15.67,1.039999,6.6369,up,2026-07-16T16:00:00-04:00
2026-07-16T16:14:04.191219-05:00,2026-07-16T21:14:04.191219+00:00,^TNX,US 10Y,Tasa,4.569,4.545,0.024,0.528,up,2026-07-16T14:50:00-04:00
2026-07-16T16:14:04.191219-05:00,2026-07-16T21:14:04.191219+00:00,GC=F,Oro,Commodity,3979.899902,4044.0,-64.100098,-1.5851,down,2026-07-16T16:45:00-04:00
2026-07-16T16:14:04.191219-05:00,2026-07-16T21:14:04.191219+00:00,CL=F,WTI,Commodity,78.889999,79.599998,-0.709999,-0.892,down,2026-07-16T16:45:00-04:00
2026-07-16T16:14:04.191219-05:00,2026-07-16T21:14:04.191219+00:00,HG=F,Cobre,Commodity,6.283,6.2935,-0.0105,-0.1668,down,2026-07-16T16:45:00-04:00
2026-07-16T16:14:04.191219-05:00,2026-07-16T21:14:04.191219+00:00,BTC-USD,Bitcoin,Crypto,64128.78125,64712.375,-583.59375,-0.9018,down,2026-07-16T17:00:00-04:00
2026-07-16T17:14:11.332587-05:00,2026-07-16T22:14:11.332587+00:00,USDPEN=X,USD/PEN,FX,3.3806,3.39,-0.0094,-0.2773,down,2026-07-16T17:30:00-04:00
2026-07-16T17:14:11.332587-05:00,2026-07-16T22:14:11.332587+00:00,EURUSD=X,EUR/USD,FX,1.14482,1.142465,0.002354,0.2061,up,2026-07-16T18:00:00-04:00
2026-07-16T17:14:11.332587-05:00,2026-07-16T22:14:11.332587+00:00,DX-Y.NYB,DXY,Dólar,100.709,100.5,0.209,0.208,up,2026-07-16T18:00:00-04:00
2026-07-16T17:14:11.332587-05:00,2026-07-16T22:14:11.332587+00:00,^GSPC,S&P 500,Índice,7534.620117,7572.399902,-37.779785,-0.4989,down,2026-07-16T15:45:00-04:00
2026-07-16T17:14:11.332587-05:00,2026-07-16T22:14:11.332587+00:00,^IXIC,Nasdaq,Índice,25889.144531,26269.230469,-380.085938,-1.4469,down,2026-07-16T15:45:00-04:00
2026-07-16T17:14:11.332587-05:00,2026-07-16T22:14:11.332587+00:00,^DJI,Dow Jones,Índice,52553.078125,52658.640625,-105.5625,-0.2005,down,2026-07-16T15:45:00-04:00
2026-07-16T17:14:11.332587-05:00,2026-07-16T22:14:11.332587+00:00,^VIX,VIX,Volatilidad,16.709999,15.67,1.039999,6.6369,up,2026-07-16T16:00:00-04:00
2026-07-16T17:14:11.332587-05:00,2026-07-16T22:14:11.332587+00:00,^TNX,US 10Y,Tasa,4.569,4.545,0.024,0.528,up,2026-07-16T14:50:00-04:00
2026-07-16T17:14:11.332587-05:00,2026-07-16T22:14:11.332587+00:00,GC=F,Oro,Commodity,3983.600098,4044.0,-60.399902,-1.4936,down,2026-07-16T18:00:00-04:00
2026-07-16T17:14:11.332587-05:00,2026-07-16T22:14:11.332587+00:00,CL=F,WTI,Commodity,78.860001,79.599998,-0.739998,-0.9296,down,2026-07-16T18:00:00-04:00
2026-07-16T17:14:11.332587-05:00,2026-07-16T22:14:11.332587+00:00,HG=F,Cobre,Commodity,6.292,6.2935,-0.0015,-0.0238,down,2026-07-16T18:00:00-04:00
2026-07-16T17:14:11.332587-05:00,2026-07-16T22:14:11.332587+00:00,BTC-USD,Bitcoin,Crypto,64107.519531,64712.375,-604.855469,-0.9347,down,2026-07-16T18:00:00-04:00
2026-07-16T18:09:52.807577-05:00,2026-07-16T23:09:52.807577+00:00,USDPEN=X,USD/PEN,FX,3.3804,3.39,-0.0096,-0.2832,down,2026-07-16T18:30:00-04:00
2026-07-16T18:09:52.807577-05:00,2026-07-16T23:09:52.807577+00:00,EURUSD=X,EUR/USD,FX,1.144689,1.147026,-0.002337,-0.2038,down,2026-07-16T19:00:00-04:00
2026-07-16T18:09:52.807577-05:00,2026-07-16T23:09:52.807577+00:00,DX-Y.NYB,DXY,Dólar,100.708,100.5,0.208,0.207,up,2026-07-16T18:00:00-04:00
2026-07-16T18:09:52.807577-05:00,2026-07-16T23:09:52.807577+00:00,^GSPC,S&P 500,Índice,7534.620117,7572.399902,-37.779785,-0.4989,down,2026-07-16T15:45:00-04:00
2026-07-16T18:09:52.807577-05:00,2026-07-16T23:09:52.807577+00:00,^IXIC,Nasdaq,Índice,25889.144531,26269.230469,-380.085938,-1.4469,down,2026-07-16T15:45:00-04:00
2026-07-16T18:09:52.807577-05:00,2026-07-16T23:09:52.807577+00:00,^DJI,Dow Jones,Índice,52553.078125,52658.640625,-105.5625,-0.2005,down,2026-07-16T15:45:00-04:00
2026-07-16T18:09:52.807577-05:00,2026-07-16T23:09:52.807577+00:00,^VIX,VIX,Volatilidad,16.709999,15.67,1.039999,6.6369,up,2026-07-16T16:00:00-04:00
2026-07-16T18:09:52.807577-05:00,2026-07-16T23:09:52.807577+00:00,^TNX,US 10Y,Tasa,4.569,4.545,0.024,0.528,up,2026-07-16T14:50:00-04:00
2026-07-16T18:09:52.807577-05:00,2026-07-16T23:09:52.807577+00:00,GC=F,Oro,Commodity,3981.899902,4044.0,-62.100098,-1.5356,down,2026-07-16T18:45:00-04:00
2026-07-16T18:09:52.807577-05:00,2026-07-16T23:09:52.807577+00:00,CL=F,WTI,Commodity,78.959999,79.599998,-0.639999,-0.804,down,2026-07-16T18:45:00-04:00
2026-07-16T18:09:52.807577-05:00,2026-07-16T23:09:52.807577+00:00,HG=F,Cobre,Commodity,6.287,6.2935,-0.0065,-0.1033,down,2026-07-16T18:45:00-04:00
2026-07-16T18:09:52.807577-05:00,2026-07-16T23:09:52.807577+00:00,BTC-USD,Bitcoin,Crypto,63876.058594,64712.375,-836.316406,-1.2924,down,2026-07-16T19:00:00-04:00
2026-07-16T19:10:43.504114-05:00,2026-07-17T00:10:43.504114+00:00,USDPEN=X,USD/PEN,FX,3.3804,3.318537,0.061863,1.8642,up,2026-07-16T19:45:00-04:00
2026-07-16T19:10:43.504114-05:00,2026-07-17T00:10:43.504114+00:00,EURUSD=X,EUR/USD,FX,1.14482,1.147026,-0.002206,-0.1923,down,2026-07-16T20:00:00-04:00
2026-07-16T19:10:43.504114-05:00,2026-07-17T00:10:43.504114+00:00,DX-Y.NYB,DXY,Dólar,100.712997,100.5,0.212997,0.2119,up,2026-07-16T20:00:00-04:00
2026-07-16T19:10:43.504114-05:00,2026-07-17T00:10:43.504114+00:00,^GSPC,S&P 500,Índice,7534.620117,7572.399902,-37.779785,-0.4989,down,2026-07-16T15:45:00-04:00
2026-07-16T19:10:43.504114-05:00,2026-07-17T00:10:43.504114+00:00,^IXIC,Nasdaq,Índice,25889.144531,26269.230469,-380.085938,-1.4469,down,2026-07-16T15:45:00-04:00
2026-07-16T19:10:43.504114-05:00,2026-07-17T00:10:43.504114+00:00,^DJI,Dow Jones,Índice,52553.078125,52658.640625,-105.5625,-0.2005,down,2026-07-16T15:45:00-04:00
2026-07-16T19:10:43.504114-05:00,2026-07-17T00:10:43.504114+00:00,^VIX,VIX,Volatilidad,16.709999,15.67,1.039999,6.6369,up,2026-07-16T16:00:00-04:00
2026-07-16T19:10:43.504114-05:00,2026-07-17T00:10:43.504114+00:00,^TNX,US 10Y,Tasa,4.569,4.545,0.024,0.528,up,2026-07-16T14:50:00-04:00
2026-07-16T19:10:43.504114-05:00,2026-07-17T00:10:43.504114+00:00,GC=F,Oro,Commodity,3988.0,4044.0,-56.0,-1.3848,down,2026-07-16T20:00:00-04:00
2026-07-16T19:10:43.504114-05:00,2026-07-17T00:10:43.504114+00:00,CL=F,WTI,Commodity,78.879997,79.599998,-0.720001,-0.9045,down,2026-07-16T20:00:00-04:00
2026-07-16T19:10:43.504114-05:00,2026-07-17T00:10:43.504114+00:00,HG=F,Cobre,Commodity,6.2905,6.2935,-0.003,-0.0477,down,2026-07-16T20:00:00-04:00
2026-07-16T19:10:43.504114-05:00,2026-07-17T00:10:43.504114+00:00,BTC-USD,Bitcoin,Crypto,63732.589844,64712.375,-979.785156,-1.5141,down,2026-07-16T20:00:00-04:00
2026-07-17T09:00:29.203514-05:00,2026-07-17T14:00:29.203514+00:00,USDPEN=X,USD/PEN,FX,3.3891,3.318537,0.070563,2.1263,up,2026-07-17T09:45:00-04:00
2026-07-17T09:00:29.203514-05:00,2026-07-17T14:00:29.203514+00:00,EURUSD=X,EUR/USD,FX,1.143903,1.147026,-0.003123,-0.2723,down,2026-07-17T10:00:00-04:00
2026-07-17T09:00:29.203514-05:00,2026-07-17T14:00:29.203514+00:00,DX-Y.NYB,DXY,Dólar,100.779999,100.730003,0.049995,0.0496,up,2026-07-17T09:45:00-04:00
2026-07-17T09:00:29.203514-05:00,2026-07-17T14:00:29.203514+00:00,^GSPC,S&P 500,Índice,7472.640137,7533.77002,-61.129883,-0.8114,down,2026-07-17T10:00:00-04:00
2026-07-17T09:00:29.203514-05:00,2026-07-17T14:00:29.203514+00:00,^IXIC,Nasdaq,Índice,25448.664062,25881.949219,-433.285156,-1.6741,down,2026-07-17T10:00:00-04:00
2026-07-17T09:00:29.203514-05:00,2026-07-17T14:00:29.203514+00:00,^DJI,Dow Jones,Índice,52499.359375,52552.96875,-53.609375,-0.102,down,2026-07-17T10:00:00-04:00
2026-07-17T09:00:29.203514-05:00,2026-07-17T14:00:29.203514+00:00,^VIX,VIX,Volatilidad,19.299999,16.73,2.57,15.3616,up,2026-07-17T09:45:00-04:00
2026-07-17T09:00:29.203514-05:00,2026-07-17T14:00:29.203514+00:00,^TNX,US 10Y,Tasa,4.513,4.569,-0.056,-1.2256,down,2026-07-17T09:35:00-04:00
2026-07-17T09:00:29.203514-05:00,2026-07-17T14:00:29.203514+00:00,GC=F,Oro,Commodity,3994.0,3985.600098,8.399902,0.2108,up,2026-07-17T09:45:00-04:00
2026-07-17T09:00:29.203514-05:00,2026-07-17T14:00:29.203514+00:00,CL=F,WTI,Commodity,81.029999,78.949997,2.080002,2.6346,up,2026-07-17T09:45:00-04:00
2026-07-17T09:00:29.203514-05:00,2026-07-17T14:00:29.203514+00:00,HG=F,Cobre,Commodity,6.2265,6.296,-0.0695,-1.1039,down,2026-07-17T09:45:00-04:00
2026-07-17T09:00:29.203514-05:00,2026-07-17T14:00:29.203514+00:00,BTC-USD,Bitcoin,Crypto,63108.328125,63789.28125,-680.953125,-1.0675,down,2026-07-17T10:00:00-04:00
2026-07-17T10:37:21.182892-05:00,2026-07-17T15:37:21.182892+00:00,USDPEN=X,USD/PEN,FX,3.3971,3.318537,0.078563,2.3674,up,2026-07-17T11:30:00-04:00
2026-07-17T10:37:21.182892-05:00,2026-07-17T15:37:21.182892+00:00,EURUSD=X,EUR/USD,FX,1.144427,1.147026,-0.002599,-0.2266,down,2026-07-17T11:30:00-04:00
2026-07-17T10:37:21.182892-05:00,2026-07-17T15:37:21.182892+00:00,DX-Y.NYB,DXY,Dólar,100.719002,100.730003,-0.011002,-0.0109,down,2026-07-17T11:15:00-04:00
2026-07-17T10:37:21.182892-05:00,2026-07-17T15:37:21.182892+00:00,^GSPC,S&P 500,Índice,7476.279785,7533.77002,-57.490234,-0.7631,down,2026-07-17T11:30:00-04:00
2026-07-17T10:37:21.182892-05:00,2026-07-17T15:37:21.182892+00:00,^IXIC,Nasdaq,Índice,25519.03125,25881.949219,-362.917969,-1.4022,down,2026-07-17T11:30:00-04:00
2026-07-17T10:37:21.182892-05:00,2026-07-17T15:37:21.182892+00:00,^DJI,Dow Jones,Índice,52462.011719,52552.96875,-90.957031,-0.1731,down,2026-07-17T11:30:00-04:00
2026-07-17T10:37:21.182892-05:00,2026-07-17T15:37:21.182892+00:00,^VIX,VIX,Volatilidad,18.33,16.73,1.6,9.5637,up,2026-07-17T11:15:00-04:00
2026-07-17T10:37:21.182892-05:00,2026-07-17T15:37:21.182892+00:00,^TNX,US 10Y,Tasa,4.529,4.569,-0.039999,-0.8755,down,2026-07-17T11:20:00-04:00
2026-07-17T10:37:21.182892-05:00,2026-07-17T15:37:21.182892+00:00,GC=F,Oro,Commodity,4014.600098,3985.600098,29.0,0.7276,up,2026-07-17T11:15:00-04:00
2026-07-17T10:37:21.182892-05:00,2026-07-17T15:37:21.182892+00:00,CL=F,WTI,Commodity,80.379997,78.949997,1.43,1.8113,up,2026-07-17T11:15:00-04:00
2026-07-17T10:37:21.182892-05:00,2026-07-17T15:37:21.182892+00:00,HG=F,Cobre,Commodity,6.268,6.296,-0.028,-0.4447,down,2026-07-17T11:15:00-04:00
2026-07-17T10:37:21.182892-05:00,2026-07-17T15:37:21.182892+00:00,BTC-USD,Bitcoin,Crypto,63221.960938,63789.28125,-567.320312,-0.8894,down,2026-07-17T11:30:00-04:00
2026-07-17T12:27:47.805870-05:00,2026-07-17T17:27:47.805870+00:00,USDPEN=X,USD/PEN,FX,3.4042,3.318537,0.085663,2.5814,up,2026-07-17T13:15:00-04:00
2026-07-17T12:27:47.805870-05:00,2026-07-17T17:27:47.805870+00:00,EURUSD=X,EUR/USD,FX,1.143903,1.147026,-0.003123,-0.2723,down,2026-07-17T13:15:00-04:00
2026-07-17T12:27:47.805870-05:00,2026-07-17T17:27:47.805870+00:00,DX-Y.NYB,DXY,Dólar,100.772003,100.730003,0.042,0.0417,up,2026-07-17T13:15:00-04:00
2026-07-17T12:27:47.805870-05:00,2026-07-17T17:27:47.805870+00:00,^GSPC,S&P 500,Índice,7495.0,7533.77002,-38.77002,-0.5146,down,2026-07-17T13:15:00-04:00
2026-07-17T12:27:47.805870-05:00,2026-07-17T17:27:47.805870+00:00,^IXIC,Nasdaq,Índice,25697.835938,25881.949219,-184.113281,-0.7114,down,2026-07-17T13:15:00-04:00
2026-07-17T12:27:47.805870-05:00,2026-07-17T17:27:47.805870+00:00,^DJI,Dow Jones,Índice,52361.480469,52552.96875,-191.488281,-0.3644,down,2026-07-17T13:15:00-04:00
2026-07-17T12:27:47.805870-05:00,2026-07-17T17:27:47.805870+00:00,^VIX,VIX,Volatilidad,17.83,16.73,1.1,6.575,up,2026-07-17T13:00:00-04:00
2026-07-17T12:27:47.805870-05:00,2026-07-17T17:27:47.805870+00:00,^TNX,US 10Y,Tasa,4.545,4.569,-0.024,-0.5253,down,2026-07-17T13:05:00-04:00
2026-07-17T12:27:47.805870-05:00,2026-07-17T17:27:47.805870+00:00,GC=F,Oro,Commodity,4019.5,3985.600098,33.899902,0.8506,up,2026-07-17T13:15:00-04:00
2026-07-17T12:27:47.805870-05:00,2026-07-17T17:27:47.805870+00:00,CL=F,WTI,Commodity,81.480003,78.949997,2.530006,3.2046,up,2026-07-17T13:15:00-04:00
2026-07-17T12:27:47.805870-05:00,2026-07-17T17:27:47.805870+00:00,HG=F,Cobre,Commodity,6.2755,6.296,-0.0205,-0.3256,down,2026-07-17T13:15:00-04:00
2026-07-17T12:27:47.805870-05:00,2026-07-17T17:27:47.805870+00:00,BTC-USD,Bitcoin,Crypto,63986.519531,63789.28125,197.238281,0.3092,up,2026-07-17T13:15:00-04:00
2026-07-17T14:30:31.036029-05:00,2026-07-17T19:30:31.036029+00:00,USDPEN=X,USD/PEN,FX,3.3904,3.318537,0.071863,2.1655,up,2026-07-17T15:30:00-04:00
2026-07-17T14:30:31.036029-05:00,2026-07-17T19:30:31.036029+00:00,EURUSD=X,EUR/USD,FX,1.143903,1.147026,-0.003123,-0.2723,down,2026-07-17T15:30:00-04:00
2026-07-17T14:30:31.036029-05:00,2026-07-17T19:30:31.036029+00:00,DX-Y.NYB,DXY,Dólar,100.773003,100.730003,0.042999,0.0427,up,2026-07-17T15:15:00-04:00
2026-07-17T14:30:31.036029-05:00,2026-07-17T19:30:31.036029+00:00,^GSPC,S&P 500,Índice,7460.220215,7533.77002,-73.549805,-0.9763,down,2026-07-17T15:30:00-04:00
2026-07-17T14:30:31.036029-05:00,2026-07-17T19:30:31.036029+00:00,^IXIC,Nasdaq,Índice,25547.832031,25881.949219,-334.117188,-1.2909,down,2026-07-17T15:30:00-04:00
2026-07-17T14:30:31.036029-05:00,2026-07-17T19:30:31.036029+00:00,^DJI,Dow Jones,Índice,52140.289062,52552.96875,-412.679688,-0.7853,down,2026-07-17T15:30:00-04:00
2026-07-17T14:30:31.036029-05:00,2026-07-17T19:30:31.036029+00:00,^VIX,VIX,Volatilidad,18.82,16.73,2.09,12.4925,up,2026-07-17T15:15:00-04:00
2026-07-17T14:30:31.036029-05:00,2026-07-17T19:30:31.036029+00:00,^TNX,US 10Y,Tasa,4.541,4.569,-0.028,-0.6128,down,2026-07-17T14:50:00-04:00
2026-07-17T14:30:31.036029-05:00,2026-07-17T19:30:31.036029+00:00,GC=F,Oro,Commodity,4010.699951,3985.600098,25.099854,0.6298,up,2026-07-17T15:15:00-04:00
2026-07-17T14:30:31.036029-05:00,2026-07-17T19:30:31.036029+00:00,CL=F,WTI,Commodity,81.419998,78.949997,2.470001,3.1286,up,2026-07-17T15:15:00-04:00
2026-07-17T14:30:31.036029-05:00,2026-07-17T19:30:31.036029+00:00,HG=F,Cobre,Commodity,6.2555,6.296,-0.0405,-0.6433,down,2026-07-17T15:15:00-04:00
2026-07-17T14:30:31.036029-05:00,2026-07-17T19:30:31.036029+00:00,BTC-USD,Bitcoin,Crypto,64077.550781,63789.28125,288.269531,0.4519,up,2026-07-17T15:30:00-04:00
2026-07-17T16:06:27.945044-05:00,2026-07-17T21:06:27.945044+00:00,USDPEN=X,USD/PEN,FX,3.3898,3.318537,0.071263,2.1474,up,2026-07-17T16:30:00-04:00
2026-07-17T16:06:27.945044-05:00,2026-07-17T21:06:27.945044+00:00,EURUSD=X,EUR/USD,FX,1.144558,1.147026,-0.002468,-0.2152,down,2026-07-17T17:00:00-04:00
2026-07-17T16:06:27.945044-05:00,2026-07-17T21:06:27.945044+00:00,DX-Y.NYB,DXY,Dólar,100.759003,100.730003,0.028999,0.0288,up,2026-07-17T16:45:00-04:00
2026-07-17T16:06:27.945044-05:00,2026-07-17T21:06:27.945044+00:00,^GSPC,S&P 500,Índice,7457.779785,7533.77002,-75.990234,-1.0087,down,2026-07-17T15:45:00-04:00
2026-07-17T16:06:27.945044-05:00,2026-07-17T21:06:27.945044+00:00,^IXIC,Nasdaq,Índice,25519.482422,25881.949219,-362.466797,-1.4005,down,2026-07-17T15:45:00-04:00
2026-07-17T16:06:27.945044-05:00,2026-07-17T21:06:27.945044+00:00,^DJI,Dow Jones,Índice,52158.960938,52552.96875,-394.007812,-0.7497,down,2026-07-17T15:45:00-04:00
2026-07-17T16:06:27.945044-05:00,2026-07-17T21:06:27.945044+00:00,^VIX,VIX,Volatilidad,18.74,16.73,2.01,12.0143,up,2026-07-17T16:00:00-04:00
2026-07-17T16:06:27.945044-05:00,2026-07-17T21:06:27.945044+00:00,^TNX,US 10Y,Tasa,4.541,4.569,-0.028,-0.6128,down,2026-07-17T14:50:00-04:00
2026-07-17T16:06:27.945044-05:00,2026-07-17T21:06:27.945044+00:00,GC=F,Oro,Commodity,4020.100098,3985.600098,34.5,0.8656,up,2026-07-17T16:45:00-04:00
2026-07-17T16:06:27.945044-05:00,2026-07-17T21:06:27.945044+00:00,CL=F,WTI,Commodity,81.839996,78.949997,2.889999,3.6605,up,2026-07-17T16:45:00-04:00
2026-07-17T16:06:27.945044-05:00,2026-07-17T21:06:27.945044+00:00,HG=F,Cobre,Commodity,6.2665,6.296,-0.0295,-0.4686,down,2026-07-17T16:45:00-04:00
2026-07-17T16:06:27.945044-05:00,2026-07-17T21:06:27.945044+00:00,BTC-USD,Bitcoin,Crypto,64123.988281,63789.28125,334.707031,0.5247,up,2026-07-17T17:00:00-04:00
2026-07-17T17:05:13.512244-05:00,2026-07-17T22:05:13.512244+00:00,USDPEN=X,USD/PEN,FX,3.3898,3.318537,0.071263,2.1474,up,2026-07-17T17:15:00-04:00
2026-07-17T17:05:13.512244-05:00,2026-07-17T22:05:13.512244+00:00,EURUSD=X,EUR/USD,FX,1.144558,1.147026,-0.002468,-0.2152,down,2026-07-17T17:15:00-04:00
2026-07-17T17:05:13.512244-05:00,2026-07-17T22:05:13.512244+00:00,DX-Y.NYB,DXY,Dólar,100.754997,100.730003,0.024994,0.0248,up,2026-07-17T16:45:00-04:00
2026-07-17T17:05:13.512244-05:00,2026-07-17T22:05:13.512244+00:00,^GSPC,S&P 500,Índice,7457.779785,7533.77002,-75.990234,-1.0087,down,2026-07-17T15:45:00-04:00
2026-07-17T17:05:13.512244-05:00,2026-07-17T22:05:13.512244+00:00,^IXIC,Nasdaq,Índice,25519.482422,25881.949219,-362.466797,-1.4005,down,2026-07-17T15:45:00-04:00
2026-07-17T17:05:13.512244-05:00,2026-07-17T22:05:13.512244+00:00,^DJI,Dow Jones,Índice,52158.960938,52552.96875,-394.007812,-0.7497,down,2026-07-17T15:45:00-04:00
2026-07-17T17:05:13.512244-05:00,2026-07-17T22:05:13.512244+00:00,^VIX,VIX,Volatilidad,18.74,16.73,2.01,12.0143,up,2026-07-17T16:00:00-04:00
2026-07-17T17:05:13.512244-05:00,2026-07-17T22:05:13.512244+00:00,^TNX,US 10Y,Tasa,4.541,4.569,-0.028,-0.6128,down,2026-07-17T14:50:00-04:00
2026-07-17T17:05:13.512244-05:00,2026-07-17T22:05:13.512244+00:00,GC=F,Oro,Commodity,4023.0,3985.600098,37.399902,0.9384,up,2026-07-17T16:45:00-04:00
2026-07-17T17:05:13.512244-05:00,2026-07-17T22:05:13.512244+00:00,CL=F,WTI,Commodity,81.769997,78.949997,2.82,3.5719,up,2026-07-17T16:45:00-04:00
2026-07-17T17:05:13.512244-05:00,2026-07-17T22:05:13.512244+00:00,HG=F,Cobre,Commodity,6.2705,6.296,-0.0255,-0.405,down,2026-07-17T16:45:00-04:00
2026-07-17T17:05:13.512244-05:00,2026-07-17T22:05:13.512244+00:00,BTC-USD,Bitcoin,Crypto,64035.230469,63789.28125,245.949219,0.3856,up,2026-07-17T18:00:00-04:00
2026-07-17T18:05:59.919309-05:00,2026-07-17T23:05:59.919309+00:00,USDPEN=X,USD/PEN,FX,3.3898,3.318537,0.071263,2.1474,up,2026-07-17T17:15:00-04:00
2026-07-17T18:05:59.919309-05:00,2026-07-17T23:05:59.919309+00:00,EURUSD=X,EUR/USD,FX,1.144558,1.147026,-0.002468,-0.2152,down,2026-07-17T17:15:00-04:00
2026-07-17T18:05:59.919309-05:00,2026-07-17T23:05:59.919309+00:00,DX-Y.NYB,DXY,Dólar,100.754997,100.730003,0.024994,0.0248,up,2026-07-17T16:45:00-04:00
2026-07-17T18:05:59.919309-05:00,2026-07-17T23:05:59.919309+00:00,^GSPC,S&P 500,Índice,7457.779785,7533.77002,-75.990234,-1.0087,down,2026-07-17T15:45:00-04:00
2026-07-17T18:05:59.919309-05:00,2026-07-17T23:05:59.919309+00:00,^IXIC,Nasdaq,Índice,25519.482422,25881.949219,-362.466797,-1.4005,down,2026-07-17T15:45:00-04:00
2026-07-17T18:05:59.919309-05:00,2026-07-17T23:05:59.919309+00:00,^DJI,Dow Jones,Índice,52158.960938,52552.96875,-394.007812,-0.7497,down,2026-07-17T15:45:00-04:00
2026-07-17T18:05:59.919309-05:00,2026-07-17T23:05:59.919309+00:00,^VIX,VIX,Volatilidad,18.74,16.73,2.01,12.0143,up,2026-07-17T16:00:00-04:00
2026-07-17T18:05:59.919309-05:00,2026-07-17T23:05:59.919309+00:00,^TNX,US 10Y,Tasa,4.541,4.569,-0.028,-0.6128,down,2026-07-17T14:50:00-04:00
2026-07-17T18:05:59.919309-05:00,2026-07-17T23:05:59.919309+00:00,GC=F,Oro,Commodity,4023.0,3985.600098,37.399902,0.9384,up,2026-07-17T16:45:00-04:00
2026-07-17T18:05:59.919309-05:00,2026-07-17T23:05:59.919309+00:00,CL=F,WTI,Commodity,81.769997,78.949997,2.82,3.5719,up,2026-07-17T16:45:00-04:00
2026-07-17T18:05:59.919309-05:00,2026-07-17T23:05:59.919309+00:00,HG=F,Cobre,Commodity,6.2705,6.296,-0.0255,-0.405,down,2026-07-17T16:45:00-04:00
2026-07-17T18:05:59.919309-05:00,2026-07-17T23:05:59.919309+00:00,BTC-USD,Bitcoin,Crypto,63875.199219,63789.28125,85.917969,0.1347,up,2026-07-17T19:00:00-04:00
2026-07-17T19:06:54.484583-05:00,2026-07-18T00:06:54.484583+00:00,USDPEN=X,USD/PEN,FX,3.3898,3.318537,0.071263,2.1474,up,2026-07-17T17:15:00-04:00
2026-07-17T19:06:54.484583-05:00,2026-07-18T00:06:54.484583+00:00,EURUSD=X,EUR/USD,FX,1.144558,1.147026,-0.002468,-0.2152,down,2026-07-17T17:15:00-04:00
2026-07-17T19:06:54.484583-05:00,2026-07-18T00:06:54.484583+00:00,DX-Y.NYB,DXY,Dólar,100.754997,100.730003,0.024994,0.0248,up,2026-07-17T16:45:00-04:00
2026-07-17T19:06:54.484583-05:00,2026-07-18T00:06:54.484583+00:00,^GSPC,S&P 500,Índice,7457.779785,7533.77002,-75.990234,-1.0087,down,2026-07-17T15:45:00-04:00
2026-07-17T19:06:54.484583-05:00,2026-07-18T00:06:54.484583+00:00,^IXIC,Nasdaq,Índice,25519.482422,25881.949219,-362.466797,-1.4005,down,2026-07-17T15:45:00-04:00
2026-07-17T19:06:54.484583-05:00,2026-07-18T00:06:54.484583+00:00,^DJI,Dow Jones,Índice,52158.960938,52552.96875,-394.007812,-0.7497,down,2026-07-17T15:45:00-04:00
2026-07-17T19:06:54.484583-05:00,2026-07-18T00:06:54.484583+00:00,^VIX,VIX,Volatilidad,18.74,16.73,2.01,12.0143,up,2026-07-17T16:00:00-04:00
2026-07-17T19:06:54.484583-05:00,2026-07-18T00:06:54.484583+00:00,^TNX,US 10Y,Tasa,4.541,4.569,-0.028,-0.6128,down,2026-07-17T14:50:00-04:00
2026-07-17T19:06:54.484583-05:00,2026-07-18T00:06:54.484583+00:00,GC=F,Oro,Commodity,4023.0,3985.600098,37.399902,0.9384,up,2026-07-17T16:45:00-04:00
2026-07-17T19:06:54.484583-05:00,2026-07-18T00:06:54.484583+00:00,CL=F,WTI,Commodity,81.769997,78.949997,2.82,3.5719,up,2026-07-17T16:45:00-04:00
2026-07-17T19:06:54.484583-05:00,2026-07-18T00:06:54.484583+00:00,HG=F,Cobre,Commodity,6.2705,6.296,-0.0255,-0.405,down,2026-07-17T16:45:00-04:00
2026-07-17T19:06:54.484583-05:00,2026-07-18T00:06:54.484583+00:00,BTC-USD,Bitcoin,Crypto,63869.589844,63789.28125,80.308594,0.1259,up,2026-07-17T20:00:00-04:00
2026-07-20T09:31:54.921561-05:00,2026-07-20T14:31:54.921561+00:00,USDPEN=X,USD/PEN,FX,3.4005,3.38,0.0205,0.6065,up,2026-07-20T10:30:00-04:00
2026-07-20T09:31:54.921561-05:00,2026-07-20T14:31:54.921561+00:00,EURUSD=X,EUR/USD,FX,1.141683,1.144466,-0.002783,-0.2432,down,2026-07-20T10:30:00-04:00
2026-07-20T09:31:54.921561-05:00,2026-07-20T14:31:54.921561+00:00,DX-Y.NYB,DXY,Dólar,100.933998,100.75,0.183998,0.1826,up,2026-07-20T10:15:00-04:00
2026-07-20T09:31:54.921561-05:00,2026-07-20T14:31:54.921561+00:00,^GSPC,S&P 500,Índice,7482.359863,7457.689941,24.669922,0.3308,up,2026-07-20T10:30:00-04:00
2026-07-20T09:31:54.921561-05:00,2026-07-20T14:31:54.921561+00:00,^IXIC,Nasdaq,Índice,25686.265625,25520.240234,166.025391,0.6506,up,2026-07-20T10:30:00-04:00
2026-07-20T09:31:54.921561-05:00,2026-07-20T14:31:54.921561+00:00,^DJI,Dow Jones,Índice,52019.160156,52146.421875,-127.261719,-0.244,down,2026-07-20T10:30:00-04:00
2026-07-20T09:31:54.921561-05:00,2026-07-20T14:31:54.921561+00:00,^VIX,VIX,Volatilidad,18.219999,18.77,-0.550001,-2.9302,down,2026-07-20T10:15:00-04:00
2026-07-20T09:31:54.921561-05:00,2026-07-20T14:31:54.921561+00:00,^TNX,US 10Y,Tasa,4.582,4.541,0.041,0.9029,up,2026-07-20T10:05:00-04:00
2026-07-20T09:31:54.921561-05:00,2026-07-20T14:31:54.921561+00:00,GC=F,Oro,Commodity,4003.699951,4012.699951,-9.0,-0.2243,down,2026-07-20T10:15:00-04:00
2026-07-20T09:31:54.921561-05:00,2026-07-20T14:31:54.921561+00:00,CL=F,WTI,Commodity,81.730003,82.489998,-0.759995,-0.9213,down,2026-07-20T10:15:00-04:00
2026-07-20T09:31:54.921561-05:00,2026-07-20T14:31:54.921561+00:00,HG=F,Cobre,Commodity,6.3335,6.22,0.1135,1.8248,up,2026-07-20T10:15:00-04:00
2026-07-20T09:31:54.921561-05:00,2026-07-20T14:31:54.921561+00:00,BTC-USD,Bitcoin,Crypto,64471.050781,64690.804688,-219.753906,-0.3397,down,2026-07-20T10:30:00-04:00
2026-07-20T11:42:43.782292-05:00,2026-07-20T16:42:43.782292+00:00,USDPEN=X,USD/PEN,FX,3.3983,3.38,0.0183,0.5414,up,2026-07-20T12:30:00-04:00
2026-07-20T11:42:43.782292-05:00,2026-07-20T16:42:43.782292+00:00,EURUSD=X,EUR/USD,FX,1.141553,1.144466,-0.002913,-0.2546,down,2026-07-20T12:30:00-04:00
2026-07-20T11:42:43.782292-05:00,2026-07-20T16:42:43.782292+00:00,DX-Y.NYB,DXY,Dólar,100.964996,100.75,0.214996,0.2134,up,2026-07-20T12:30:00-04:00
2026-07-20T11:42:43.782292-05:00,2026-07-20T16:42:43.782292+00:00,^GSPC,S&P 500,Índice,7478.990234,7457.689941,21.300293,0.2856,up,2026-07-20T12:30:00-04:00
2026-07-20T11:42:43.782292-05:00,2026-07-20T16:42:43.782292+00:00,^IXIC,Nasdaq,Índice,25681.632812,25520.240234,161.392578,0.6324,up,2026-07-20T12:30:00-04:00
2026-07-20T11:42:43.782292-05:00,2026-07-20T16:42:43.782292+00:00,^DJI,Dow Jones,Índice,51998.46875,52146.421875,-147.953125,-0.2837,down,2026-07-20T12:30:00-04:00
2026-07-20T11:42:43.782292-05:00,2026-07-20T16:42:43.782292+00:00,^VIX,VIX,Volatilidad,17.559999,18.77,-1.210001,-6.4465,down,2026-07-20T12:15:00-04:00
2026-07-20T11:42:43.782292-05:00,2026-07-20T16:42:43.782292+00:00,^TNX,US 10Y,Tasa,4.598,4.541,0.057,1.2552,up,2026-07-20T12:20:00-04:00
2026-07-20T11:42:43.782292-05:00,2026-07-20T16:42:43.782292+00:00,GC=F,Oro,Commodity,4016.100098,4012.699951,3.400146,0.0847,up,2026-07-20T12:30:00-04:00
2026-07-20T11:42:43.782292-05:00,2026-07-20T16:42:43.782292+00:00,CL=F,WTI,Commodity,81.82,82.489998,-0.669998,-0.8122,down,2026-07-20T12:30:00-04:00
2026-07-20T11:42:43.782292-05:00,2026-07-20T16:42:43.782292+00:00,HG=F,Cobre,Commodity,6.347,6.22,0.127,2.0418,up,2026-07-20T12:30:00-04:00
2026-07-20T11:42:43.782292-05:00,2026-07-20T16:42:43.782292+00:00,BTC-USD,Bitcoin,Crypto,65336.988281,64690.804688,646.183594,0.9989,up,2026-07-20T12:30:00-04:00
2026-07-20T14:05:39.018269-05:00,2026-07-20T19:05:39.018269+00:00,USDPEN=X,USD/PEN,FX,3.3998,3.38,0.0198,0.5858,up,2026-07-20T14:45:00-04:00
2026-07-20T14:05:39.018269-05:00,2026-07-20T19:05:39.018269+00:00,EURUSD=X,EUR/USD,FX,1.141944,1.144466,-0.002522,-0.2204,down,2026-07-20T15:00:00-04:00
2026-07-20T14:05:39.018269-05:00,2026-07-20T19:05:39.018269+00:00,DX-Y.NYB,DXY,Dólar,100.959999,100.75,0.209999,0.2084,up,2026-07-20T14:45:00-04:00
2026-07-20T14:05:39.018269-05:00,2026-07-20T19:05:39.018269+00:00,^GSPC,S&P 500,Índice,7450.649902,7457.689941,-7.040039,-0.0944,down,2026-07-20T15:00:00-04:00
2026-07-20T14:05:39.018269-05:00,2026-07-20T19:05:39.018269+00:00,^IXIC,Nasdaq,Índice,25552.029297,25520.240234,31.789062,0.1246,up,2026-07-20T15:00:00-04:00
2026-07-20T14:05:39.018269-05:00,2026-07-20T19:05:39.018269+00:00,^DJI,Dow Jones,Índice,51837.089844,52146.421875,-309.332031,-0.5932,down,2026-07-20T15:00:00-04:00
2026-07-20T14:05:39.018269-05:00,2026-07-20T19:05:39.018269+00:00,^VIX,VIX,Volatilidad,18.4,18.77,-0.370001,-1.9712,down,2026-07-20T14:45:00-04:00
2026-07-20T14:05:39.018269-05:00,2026-07-20T19:05:39.018269+00:00,^TNX,US 10Y,Tasa,4.598,4.541,0.057,1.2552,up,2026-07-20T14:35:00-04:00
2026-07-20T14:05:39.018269-05:00,2026-07-20T19:05:39.018269+00:00,GC=F,Oro,Commodity,4011.5,4012.699951,-1.199951,-0.0299,down,2026-07-20T14:45:00-04:00
2026-07-20T14:05:39.018269-05:00,2026-07-20T19:05:39.018269+00:00,CL=F,WTI,Commodity,82.900002,82.489998,0.410004,0.497,up,2026-07-20T14:45:00-04:00
2026-07-20T14:05:39.018269-05:00,2026-07-20T19:05:39.018269+00:00,HG=F,Cobre,Commodity,6.352,6.22,0.132,2.1222,up,2026-07-20T14:45:00-04:00
2026-07-20T14:05:39.018269-05:00,2026-07-20T19:05:39.018269+00:00,BTC-USD,Bitcoin,Crypto,65145.109375,64690.804688,454.304688,0.7023,up,2026-07-20T15:00:00-04:00
2026-07-20T15:39:14.395183-05:00,2026-07-20T20:39:14.395183+00:00,USDPEN=X,USD/PEN,FX,3.3897,3.38,0.0097,0.287,up,2026-07-20T16:30:00-04:00
2026-07-20T15:39:14.395183-05:00,2026-07-20T20:39:14.395183+00:00,EURUSD=X,EUR/USD,FX,1.141683,1.144466,-0.002783,-0.2432,down,2026-07-20T16:30:00-04:00
2026-07-20T15:39:14.395183-05:00,2026-07-20T20:39:14.395183+00:00,DX-Y.NYB,DXY,Dólar,100.963997,100.75,0.213997,0.2124,up,2026-07-20T16:15:00-04:00
2026-07-20T15:39:14.395183-05:00,2026-07-20T20:39:14.395183+00:00,^GSPC,S&P 500,Índice,7444.72998,7457.689941,-12.959961,-0.1738,down,2026-07-20T15:45:00-04:00
2026-07-20T15:39:14.395183-05:00,2026-07-20T20:39:14.395183+00:00,^IXIC,Nasdaq,Índice,25510.265625,25520.240234,-9.974609,-0.0391,down,2026-07-20T15:45:00-04:00
2026-07-20T15:39:14.395183-05:00,2026-07-20T20:39:14.395183+00:00,^DJI,Dow Jones,Índice,51851.710938,52146.421875,-294.710938,-0.5652,down,2026-07-20T15:45:00-04:00
2026-07-20T15:39:14.395183-05:00,2026-07-20T20:39:14.395183+00:00,^VIX,VIX,Volatilidad,18.65,18.77,-0.120001,-0.6393,down,2026-07-20T16:00:00-04:00
2026-07-20T15:39:14.395183-05:00,2026-07-20T20:39:14.395183+00:00,^TNX,US 10Y,Tasa,4.598,4.541,0.057,1.2552,up,2026-07-20T14:50:00-04:00
2026-07-20T15:39:14.395183-05:00,2026-07-20T20:39:14.395183+00:00,GC=F,Oro,Commodity,4012.600098,4012.699951,-0.099854,-0.0025,down,2026-07-20T16:15:00-04:00
2026-07-20T15:39:14.395183-05:00,2026-07-20T20:39:14.395183+00:00,CL=F,WTI,Commodity,82.519997,82.489998,0.029999,0.0364,up,2026-07-20T16:15:00-04:00
2026-07-20T15:39:14.395183-05:00,2026-07-20T20:39:14.395183+00:00,HG=F,Cobre,Commodity,6.34,6.22,0.12,1.9293,up,2026-07-20T16:15:00-04:00
2026-07-20T15:39:14.395183-05:00,2026-07-20T20:39:14.395183+00:00,BTC-USD,Bitcoin,Crypto,65336.800781,64690.804688,645.996094,0.9986,up,2026-07-20T16:30:00-04:00
2026-07-20T17:12:23.393564-05:00,2026-07-20T22:12:23.393564+00:00,USDPEN=X,USD/PEN,FX,3.4004,3.38,0.0204,0.6035,up,2026-07-20T17:15:00-04:00
2026-07-20T17:12:23.393564-05:00,2026-07-20T22:12:23.393564+00:00,EURUSD=X,EUR/USD,FX,1.141553,1.144466,-0.002913,-0.2546,down,2026-07-20T18:00:00-04:00
2026-07-20T17:12:23.393564-05:00,2026-07-20T22:12:23.393564+00:00,DX-Y.NYB,DXY,Dólar,100.997002,100.75,0.247002,0.2452,up,2026-07-20T18:00:00-04:00
2026-07-20T17:12:23.393564-05:00,2026-07-20T22:12:23.393564+00:00,^GSPC,S&P 500,Índice,7444.72998,7457.689941,-12.959961,-0.1738,down,2026-07-20T15:45:00-04:00
2026-07-20T17:12:23.393564-05:00,2026-07-20T22:12:23.393564+00:00,^IXIC,Nasdaq,Índice,25510.265625,25520.240234,-9.974609,-0.0391,down,2026-07-20T15:45:00-04:00
2026-07-20T17:12:23.393564-05:00,2026-07-20T22:12:23.393564+00:00,^DJI,Dow Jones,Índice,51851.710938,52146.421875,-294.710938,-0.5652,down,2026-07-20T15:45:00-04:00
2026-07-20T17:12:23.393564-05:00,2026-07-20T22:12:23.393564+00:00,^VIX,VIX,Volatilidad,18.65,18.77,-0.120001,-0.6393,down,2026-07-20T16:00:00-04:00
2026-07-20T17:12:23.393564-05:00,2026-07-20T22:12:23.393564+00:00,^TNX,US 10Y,Tasa,4.598,4.541,0.057,1.2552,up,2026-07-20T14:50:00-04:00
2026-07-20T17:12:23.393564-05:00,2026-07-20T22:12:23.393564+00:00,GC=F,Oro,Commodity,4013.399902,4012.699951,0.699951,0.0174,up,2026-07-20T18:00:00-04:00
2026-07-20T17:12:23.393564-05:00,2026-07-20T22:12:23.393564+00:00,CL=F,WTI,Commodity,82.5,82.489998,0.010002,0.0121,up,2026-07-20T18:00:00-04:00
2026-07-20T17:12:23.393564-05:00,2026-07-20T22:12:23.393564+00:00,HG=F,Cobre,Commodity,6.341,6.22,0.121,1.9453,up,2026-07-20T18:00:00-04:00
2026-07-20T17:12:23.393564-05:00,2026-07-20T22:12:23.393564+00:00,BTC-USD,Bitcoin,Crypto,65157.988281,64690.804688,467.183594,0.7222,up,2026-07-20T18:00:00-04:00
2026-07-20T18:13:09.796136-05:00,2026-07-20T23:13:09.796136+00:00,USDPEN=X,USD/PEN,FX,3.3889,3.318124,0.070776,2.133,up,2026-07-20T19:00:00-04:00
2026-07-20T18:13:09.796136-05:00,2026-07-20T23:13:09.796136+00:00,EURUSD=X,EUR/USD,FX,1.141683,1.142766,-0.001083,-0.0948,down,2026-07-20T19:00:00-04:00
2026-07-20T18:13:09.796136-05:00,2026-07-20T23:13:09.796136+00:00,DX-Y.NYB,DXY,Dólar,100.999001,100.75,0.249001,0.2471,up,2026-07-20T18:00:00-04:00
2026-07-20T18:13:09.796136-05:00,2026-07-20T23:13:09.796136+00:00,^GSPC,S&P 500,Índice,7444.72998,7457.689941,-12.959961,-0.1738,down,2026-07-20T15:45:00-04:00
2026-07-20T18:13:09.796136-05:00,2026-07-20T23:13:09.796136+00:00,^IXIC,Nasdaq,Índice,25510.265625,25520.240234,-9.974609,-0.0391,down,2026-07-20T15:45:00-04:00
2026-07-20T18:13:09.796136-05:00,2026-07-20T23:13:09.796136+00:00,^DJI,Dow Jones,Índice,51851.710938,52146.421875,-294.710938,-0.5652,down,2026-07-20T15:45:00-04:00
2026-07-20T18:13:09.796136-05:00,2026-07-20T23:13:09.796136+00:00,^VIX,VIX,Volatilidad,18.65,18.77,-0.120001,-0.6393,down,2026-07-20T16:00:00-04:00
2026-07-20T18:13:09.796136-05:00,2026-07-20T23:13:09.796136+00:00,^TNX,US 10Y,Tasa,4.598,4.541,0.057,1.2552,up,2026-07-20T14:50:00-04:00
2026-07-20T18:13:09.796136-05:00,2026-07-20T23:13:09.796136+00:00,GC=F,Oro,Commodity,4007.100098,4012.699951,-5.599854,-0.1396,down,2026-07-20T19:00:00-04:00
2026-07-20T18:13:09.796136-05:00,2026-07-20T23:13:09.796136+00:00,CL=F,WTI,Commodity,82.690002,82.489998,0.200005,0.2425,up,2026-07-20T19:00:00-04:00
2026-07-20T18:13:09.796136-05:00,2026-07-20T23:13:09.796136+00:00,HG=F,Cobre,Commodity,6.335,6.22,0.115,1.8489,up,2026-07-20T19:00:00-04:00
2026-07-20T18:13:09.796136-05:00,2026-07-20T23:13:09.796136+00:00,BTC-USD,Bitcoin,Crypto,65106.789062,64690.804688,415.984375,0.643,up,2026-07-20T19:00:00-04:00
2026-07-20T19:07:59.850431-05:00,2026-07-21T00:07:59.850431+00:00,USDPEN=X,USD/PEN,FX,3.3888,3.318124,0.070676,2.13,up,2026-07-20T19:45:00-04:00
2026-07-20T19:07:59.850431-05:00,2026-07-21T00:07:59.850431+00:00,EURUSD=X,EUR/USD,FX,1.141944,1.142766,-0.000822,-0.0719,down,2026-07-20T20:00:00-04:00
2026-07-20T19:07:59.850431-05:00,2026-07-21T00:07:59.850431+00:00,DX-Y.NYB,DXY,Dólar,100.964996,100.75,0.214996,0.2134,up,2026-07-20T19:45:00-04:00
2026-07-20T19:07:59.850431-05:00,2026-07-21T00:07:59.850431+00:00,^GSPC,S&P 500,Índice,7444.72998,7457.689941,-12.959961,-0.1738,down,2026-07-20T15:45:00-04:00
2026-07-20T19:07:59.850431-05:00,2026-07-21T00:07:59.850431+00:00,^IXIC,Nasdaq,Índice,25510.265625,25520.240234,-9.974609,-0.0391,down,2026-07-20T15:45:00-04:00
2026-07-20T19:07:59.850431-05:00,2026-07-21T00:07:59.850431+00:00,^DJI,Dow Jones,Índice,51851.710938,52146.421875,-294.710938,-0.5652,down,2026-07-20T15:45:00-04:00
2026-07-20T19:07:59.850431-05:00,2026-07-21T00:07:59.850431+00:00,^VIX,VIX,Volatilidad,18.65,18.77,-0.120001,-0.6393,down,2026-07-20T16:00:00-04:00
2026-07-20T19:07:59.850431-05:00,2026-07-21T00:07:59.850431+00:00,^TNX,US 10Y,Tasa,4.598,4.541,0.057,1.2552,up,2026-07-20T14:50:00-04:00
2026-07-20T19:07:59.850431-05:00,2026-07-21T00:07:59.850431+00:00,GC=F,Oro,Commodity,4013.199951,4012.699951,0.5,0.0125,up,2026-07-20T19:45:00-04:00
2026-07-20T19:07:59.850431-05:00,2026-07-21T00:07:59.850431+00:00,CL=F,WTI,Commodity,82.459999,82.489998,-0.029999,-0.0364,down,2026-07-20T19:45:00-04:00
2026-07-20T19:07:59.850431-05:00,2026-07-21T00:07:59.850431+00:00,HG=F,Cobre,Commodity,6.3395,6.22,0.1195,1.9212,up,2026-07-20T19:45:00-04:00
2026-07-20T19:07:59.850431-05:00,2026-07-21T00:07:59.850431+00:00,BTC-USD,Bitcoin,Crypto,65132.96875,64690.804688,442.164062,0.6835,up,2026-07-20T20:00:00-04:00
2026-07-21T09:19:17.949548-05:00,2026-07-21T14:19:17.949548+00:00,USDPEN=X,USD/PEN,FX,3.3951,3.318124,0.076976,2.3199,up,2026-07-21T10:15:00-04:00
2026-07-21T09:19:17.949548-05:00,2026-07-21T14:19:17.949548+00:00,EURUSD=X,EUR/USD,FX,1.141944,1.142766,-0.000822,-0.0719,down,2026-07-21T10:15:00-04:00
2026-07-21T09:19:17.949548-05:00,2026-07-21T14:19:17.949548+00:00,DX-Y.NYB,DXY,Dólar,101.044998,100.989998,0.055,0.0545,up,2026-07-21T10:00:00-04:00
2026-07-21T09:19:17.949548-05:00,2026-07-21T14:19:17.949548+00:00,^GSPC,S&P 500,Índice,7485.529785,7443.279785,42.25,0.5676,up,2026-07-21T10:15:00-04:00
2026-07-21T09:19:17.949548-05:00,2026-07-21T14:19:17.949548+00:00,^IXIC,Nasdaq,Índice,25738.853516,25508.070312,230.783203,0.9047,up,2026-07-21T10:15:00-04:00
2026-07-21T09:19:17.949548-05:00,2026-07-21T14:19:17.949548+00:00,^DJI,Dow Jones,Índice,52161.898438,51839.261719,322.636719,0.6224,up,2026-07-21T10:15:00-04:00
2026-07-21T09:19:17.949548-05:00,2026-07-21T14:19:17.949548+00:00,^VIX,VIX,Volatilidad,17.77,18.65,-0.879999,-4.7185,down,2026-07-21T10:00:00-04:00
2026-07-21T09:19:17.949548-05:00,2026-07-21T14:19:17.949548+00:00,^TNX,US 10Y,Tasa,4.628,4.598,0.03,0.6525,up,2026-07-21T09:50:00-04:00
2026-07-21T09:19:17.949548-05:00,2026-07-21T14:19:17.949548+00:00,GC=F,Oro,Commodity,4060.699951,4010.300049,50.399902,1.2568,up,2026-07-21T10:00:00-04:00
2026-07-21T09:19:17.949548-05:00,2026-07-21T14:19:17.949548+00:00,CL=F,WTI,Commodity,84.480003,83.230003,1.25,1.5019,up,2026-07-21T10:00:00-04:00
2026-07-21T09:19:17.949548-05:00,2026-07-21T14:19:17.949548+00:00,HG=F,Cobre,Commodity,6.512,6.299,0.213,3.3815,up,2026-07-21T10:00:00-04:00
2026-07-21T09:19:17.949548-05:00,2026-07-21T14:19:17.949548+00:00,BTC-USD,Bitcoin,Crypto,66824.570312,65230.027344,1594.542969,2.4445,up,2026-07-21T10:15:00-04:00
2026-07-21T11:40:15.471573-05:00,2026-07-21T16:40:15.471573+00:00,USDPEN=X,USD/PEN,FX,3.3939,3.318124,0.075776,2.2837,up,2026-07-21T12:30:00-04:00
2026-07-21T11:40:15.471573-05:00,2026-07-21T16:40:15.471573+00:00,EURUSD=X,EUR/USD,FX,1.141162,1.142766,-0.001604,-0.1404,down,2026-07-21T12:30:00-04:00
2026-07-21T11:40:15.471573-05:00,2026-07-21T16:40:15.471573+00:00,DX-Y.NYB,DXY,Dólar,101.129997,100.989998,0.139999,0.1386,up,2026-07-21T12:30:00-04:00
2026-07-21T11:40:15.471573-05:00,2026-07-21T16:40:15.471573+00:00,^GSPC,S&P 500,Índice,7512.899902,7443.279785,69.620117,0.9353,up,2026-07-21T12:30:00-04:00
2026-07-21T11:40:15.471573-05:00,2026-07-21T16:40:15.471573+00:00,^IXIC,Nasdaq,Índice,25850.445312,25508.070312,342.375,1.3422,up,2026-07-21T12:30:00-04:00
2026-07-21T11:40:15.471573-05:00,2026-07-21T16:40:15.471573+00:00,^DJI,Dow Jones,Índice,52331.859375,51839.261719,492.597656,0.9502,up,2026-07-21T12:30:00-04:00
2026-07-21T11:40:15.471573-05:00,2026-07-21T16:40:15.471573+00:00,^VIX,VIX,Volatilidad,17.040001,18.65,-1.609999,-8.6327,down,2026-07-21T12:15:00-04:00
2026-07-21T11:40:15.471573-05:00,2026-07-21T16:40:15.471573+00:00,^TNX,US 10Y,Tasa,4.63,4.598,0.032,0.696,up,2026-07-21T12:20:00-04:00
2026-07-21T11:40:15.471573-05:00,2026-07-21T16:40:15.471573+00:00,GC=F,Oro,Commodity,4079.399902,4010.300049,69.099854,1.7231,up,2026-07-21T12:30:00-04:00
2026-07-21T11:40:15.471573-05:00,2026-07-21T16:40:15.471573+00:00,CL=F,WTI,Commodity,84.279999,83.230003,1.049995,1.2616,up,2026-07-21T12:30:00-04:00
2026-07-21T11:40:15.471573-05:00,2026-07-21T16:40:15.471573+00:00,HG=F,Cobre,Commodity,6.557,6.299,0.258,4.0959,up,2026-07-21T12:30:00-04:00
2026-07-21T11:40:15.471573-05:00,2026-07-21T16:40:15.471573+00:00,BTC-USD,Bitcoin,Crypto,66601.25,65230.027344,1371.222656,2.1021,up,2026-07-21T12:30:00-04:00
2026-07-21T13:38:45.414308-05:00,2026-07-21T18:38:45.414308+00:00,USDPEN=X,USD/PEN,FX,3.3974,3.318124,0.079276,2.3892,up,2026-07-21T14:30:00-04:00
2026-07-21T13:38:45.414308-05:00,2026-07-21T18:38:45.414308+00:00,EURUSD=X,EUR/USD,FX,1.140251,1.142766,-0.002515,-0.2201,down,2026-07-21T14:30:00-04:00
2026-07-21T13:38:45.414308-05:00,2026-07-21T18:38:45.414308+00:00,DX-Y.NYB,DXY,Dólar,101.176003,100.989998,0.186005,0.1842,up,2026-07-21T14:15:00-04:00
2026-07-21T13:38:45.414308-05:00,2026-07-21T18:38:45.414308+00:00,^GSPC,S&P 500,Índice,7507.129883,7443.279785,63.850098,0.8578,up,2026-07-21T14:30:00-04:00
2026-07-21T13:38:45.414308-05:00,2026-07-21T18:38:45.414308+00:00,^IXIC,Nasdaq,Índice,25849.445312,25508.070312,341.375,1.3383,up,2026-07-21T14:30:00-04:00
2026-07-21T13:38:45.414308-05:00,2026-07-21T18:38:45.414308+00:00,^DJI,Dow Jones,Índice,52209.730469,51839.261719,370.46875,0.7146,up,2026-07-21T14:30:00-04:00
2026-07-21T13:38:45.414308-05:00,2026-07-21T18:38:45.414308+00:00,^VIX,VIX,Volatilidad,17.120001,18.65,-1.529999,-8.2037,down,2026-07-21T14:15:00-04:00
2026-07-21T13:38:45.414308-05:00,2026-07-21T18:38:45.414308+00:00,^TNX,US 10Y,Tasa,4.632,4.598,0.034,0.7395,up,2026-07-21T14:20:00-04:00
2026-07-21T13:38:45.414308-05:00,2026-07-21T18:38:45.414308+00:00,GC=F,Oro,Commodity,4088.699951,4010.300049,78.399902,1.955,up,2026-07-21T14:15:00-04:00
2026-07-21T13:38:45.414308-05:00,2026-07-21T18:38:45.414308+00:00,CL=F,WTI,Commodity,84.360001,83.230003,1.129997,1.3577,up,2026-07-21T14:15:00-04:00
2026-07-21T13:38:45.414308-05:00,2026-07-21T18:38:45.414308+00:00,HG=F,Cobre,Commodity,6.526,6.299,0.227,3.6038,up,2026-07-21T14:15:00-04:00
2026-07-21T13:38:45.414308-05:00,2026-07-21T18:38:45.414308+00:00,BTC-USD,Bitcoin,Crypto,66246.007812,65230.027344,1015.980469,1.5575,up,2026-07-21T14:30:00-04:00
2026-07-21T15:34:22.719260-05:00,2026-07-21T20:34:22.719260+00:00,USDPEN=X,USD/PEN,FX,3.3981,3.318124,0.079976,2.4103,up,2026-07-21T16:30:00-04:00
2026-07-21T15:34:22.719260-05:00,2026-07-21T20:34:22.719260+00:00,EURUSD=X,EUR/USD,FX,1.140381,1.142766,-0.002385,-0.2087,down,2026-07-21T16:30:00-04:00
2026-07-21T15:34:22.719260-05:00,2026-07-21T20:34:22.719260+00:00,DX-Y.NYB,DXY,Dólar,101.192001,100.989998,0.202003,0.2,up,2026-07-21T16:15:00-04:00
2026-07-21T15:34:22.719260-05:00,2026-07-21T20:34:22.719260+00:00,^GSPC,S&P 500,Índice,7507.319824,7443.279785,64.040039,0.8604,up,2026-07-21T15:45:00-04:00
2026-07-21T15:34:22.719260-05:00,2026-07-21T20:34:22.719260+00:00,^IXIC,Nasdaq,Índice,25829.607422,25508.070312,321.537109,1.2605,up,2026-07-21T15:45:00-04:00
2026-07-21T15:34:22.719260-05:00,2026-07-21T20:34:22.719260+00:00,^DJI,Dow Jones,Índice,52221.378906,51839.261719,382.117188,0.7371,up,2026-07-21T15:45:00-04:00
2026-07-21T15:34:22.719260-05:00,2026-07-21T20:34:22.719260+00:00,^VIX,VIX,Volatilidad,17.049999,18.65,-1.6,-8.5791,down,2026-07-21T16:00:00-04:00
2026-07-21T15:34:22.719260-05:00,2026-07-21T20:34:22.719260+00:00,^TNX,US 10Y,Tasa,4.628,4.598,0.03,0.6525,up,2026-07-21T14:50:00-04:00
2026-07-21T15:34:22.719260-05:00,2026-07-21T20:34:22.719260+00:00,GC=F,Oro,Commodity,4087.399902,4010.300049,77.099854,1.9225,up,2026-07-21T16:15:00-04:00
2026-07-21T15:34:22.719260-05:00,2026-07-21T20:34:22.719260+00:00,CL=F,WTI,Commodity,84.510002,83.230003,1.279999,1.5379,up,2026-07-21T16:15:00-04:00
2026-07-21T15:34:22.719260-05:00,2026-07-21T20:34:22.719260+00:00,HG=F,Cobre,Commodity,6.525,6.299,0.226,3.5879,up,2026-07-21T16:15:00-04:00
2026-07-21T15:34:22.719260-05:00,2026-07-21T20:34:22.719260+00:00,BTC-USD,Bitcoin,Crypto,66382.0,65230.027344,1151.972656,1.766,up,2026-07-21T16:30:00-04:00
2026-07-21T17:10:58.823450-05:00,2026-07-21T22:10:58.823450+00:00,USDPEN=X,USD/PEN,FX,3.3985,3.318124,0.080376,2.4223,up,2026-07-21T17:30:00-04:00
2026-07-21T17:10:58.823450-05:00,2026-07-21T22:10:58.823450+00:00,EURUSD=X,EUR/USD,FX,1.140251,1.142766,-0.002515,-0.2201,down,2026-07-21T18:00:00-04:00
2026-07-21T17:10:58.823450-05:00,2026-07-21T22:10:58.823450+00:00,DX-Y.NYB,DXY,Dólar,101.188004,100.989998,0.198006,0.1961,up,2026-07-21T18:00:00-04:00
2026-07-21T17:10:58.823450-05:00,2026-07-21T22:10:58.823450+00:00,^GSPC,S&P 500,Índice,7507.319824,7443.279785,64.040039,0.8604,up,2026-07-21T15:45:00-04:00
2026-07-21T17:10:58.823450-05:00,2026-07-21T22:10:58.823450+00:00,^IXIC,Nasdaq,Índice,25829.607422,25508.070312,321.537109,1.2605,up,2026-07-21T15:45:00-04:00
2026-07-21T17:10:58.823450-05:00,2026-07-21T22:10:58.823450+00:00,^DJI,Dow Jones,Índice,52221.378906,51839.261719,382.117188,0.7371,up,2026-07-21T15:45:00-04:00
2026-07-21T17:10:58.823450-05:00,2026-07-21T22:10:58.823450+00:00,^VIX,VIX,Volatilidad,17.049999,18.65,-1.6,-8.5791,down,2026-07-21T16:00:00-04:00
2026-07-21T17:10:58.823450-05:00,2026-07-21T22:10:58.823450+00:00,^TNX,US 10Y,Tasa,4.628,4.598,0.03,0.6525,up,2026-07-21T14:50:00-04:00
2026-07-21T17:10:58.823450-05:00,2026-07-21T22:10:58.823450+00:00,GC=F,Oro,Commodity,4084.199951,4010.300049,73.899902,1.8428,up,2026-07-21T18:00:00-04:00
2026-07-21T17:10:58.823450-05:00,2026-07-21T22:10:58.823450+00:00,CL=F,WTI,Commodity,84.629997,83.230003,1.399994,1.6821,up,2026-07-21T18:00:00-04:00
2026-07-21T17:10:58.823450-05:00,2026-07-21T22:10:58.823450+00:00,HG=F,Cobre,Commodity,6.536,6.299,0.237,3.7625,up,2026-07-21T18:00:00-04:00
2026-07-21T17:10:58.823450-05:00,2026-07-21T22:10:58.823450+00:00,BTC-USD,Bitcoin,Crypto,66310.4375,65230.027344,1080.410156,1.6563,up,2026-07-21T18:00:00-04:00
2026-07-21T18:09:53.561336-05:00,2026-07-21T23:09:53.561336+00:00,USDPEN=X,USD/PEN,FX,3.3953,3.320709,0.074591,2.2462,up,2026-07-21T19:00:00-04:00
2026-07-21T18:09:53.561336-05:00,2026-07-21T23:09:53.561336+00:00,EURUSD=X,EUR/USD,FX,1.140251,1.141813,-0.001562,-0.1368,down,2026-07-21T19:00:00-04:00
2026-07-21T18:09:53.561336-05:00,2026-07-21T23:09:53.561336+00:00,DX-Y.NYB,DXY,Dólar,101.192001,100.989998,0.202003,0.2,up,2026-07-21T18:00:00-04:00
2026-07-21T18:09:53.561336-05:00,2026-07-21T23:09:53.561336+00:00,^GSPC,S&P 500,Índice,7507.319824,7443.279785,64.040039,0.8604,up,2026-07-21T15:45:00-04:00
2026-07-21T18:09:53.561336-05:00,2026-07-21T23:09:53.561336+00:00,^IXIC,Nasdaq,Índice,25829.607422,25508.070312,321.537109,1.2605,up,2026-07-21T15:45:00-04:00
2026-07-21T18:09:53.561336-05:00,2026-07-21T23:09:53.561336+00:00,^DJI,Dow Jones,Índice,52221.378906,51839.261719,382.117188,0.7371,up,2026-07-21T15:45:00-04:00
2026-07-21T18:09:53.561336-05:00,2026-07-21T23:09:53.561336+00:00,^VIX,VIX,Volatilidad,17.049999,18.65,-1.6,-8.5791,down,2026-07-21T16:00:00-04:00
2026-07-21T18:09:53.561336-05:00,2026-07-21T23:09:53.561336+00:00,^TNX,US 10Y,Tasa,4.628,4.598,0.03,0.6525,up,2026-07-21T14:50:00-04:00
2026-07-21T18:09:53.561336-05:00,2026-07-21T23:09:53.561336+00:00,GC=F,Oro,Commodity,4084.600098,4010.300049,74.300049,1.8527,up,2026-07-21T18:45:00-04:00
2026-07-21T18:09:53.561336-05:00,2026-07-21T23:09:53.561336+00:00,CL=F,WTI,Commodity,84.709999,83.230003,1.479996,1.7782,up,2026-07-21T18:45:00-04:00
2026-07-21T18:09:53.561336-05:00,2026-07-21T23:09:53.561336+00:00,HG=F,Cobre,Commodity,6.53,6.299,0.231,3.6673,up,2026-07-21T18:45:00-04:00
2026-07-21T18:09:53.561336-05:00,2026-07-21T23:09:53.561336+00:00,BTC-USD,Bitcoin,Crypto,66227.039062,65230.027344,997.011719,1.5285,up,2026-07-21T19:00:00-04:00
2026-07-21T19:04:10.461027-05:00,2026-07-22T00:04:10.461027+00:00,USDPEN=X,USD/PEN,FX,3.3948,3.320709,0.074091,2.2312,up,2026-07-21T19:45:00-04:00
2026-07-21T19:04:10.461027-05:00,2026-07-22T00:04:10.461027+00:00,EURUSD=X,EUR/USD,FX,1.140641,1.141813,-0.001172,-0.1026,down,2026-07-21T20:00:00-04:00
2026-07-21T19:04:10.461027-05:00,2026-07-22T00:04:10.461027+00:00,DX-Y.NYB,DXY,Dólar,101.182999,100.989998,0.193001,0.1911,up,2026-07-21T19:45:00-04:00
2026-07-21T19:04:10.461027-05:00,2026-07-22T00:04:10.461027+00:00,^GSPC,S&P 500,Índice,7507.319824,7443.279785,64.040039,0.8604,up,2026-07-21T15:45:00-04:00
2026-07-21T19:04:10.461027-05:00,2026-07-22T00:04:10.461027+00:00,^IXIC,Nasdaq,Índice,25829.607422,25508.070312,321.537109,1.2605,up,2026-07-21T15:45:00-04:00
2026-07-21T19:04:10.461027-05:00,2026-07-22T00:04:10.461027+00:00,^DJI,Dow Jones,Índice,52221.378906,51839.261719,382.117188,0.7371,up,2026-07-21T15:45:00-04:00
2026-07-21T19:04:10.461027-05:00,2026-07-22T00:04:10.461027+00:00,^VIX,VIX,Volatilidad,17.049999,18.65,-1.6,-8.5791,down,2026-07-21T16:00:00-04:00
2026-07-21T19:04:10.461027-05:00,2026-07-22T00:04:10.461027+00:00,^TNX,US 10Y,Tasa,4.628,4.598,0.03,0.6525,up,2026-07-21T14:50:00-04:00
2026-07-21T19:04:10.461027-05:00,2026-07-22T00:04:10.461027+00:00,GC=F,Oro,Commodity,4085.199951,4010.300049,74.899902,1.8677,up,2026-07-21T19:45:00-04:00
2026-07-21T19:04:10.461027-05:00,2026-07-22T00:04:10.461027+00:00,CL=F,WTI,Commodity,84.82,83.230003,1.589996,1.9104,up,2026-07-21T19:45:00-04:00
2026-07-21T19:04:10.461027-05:00,2026-07-22T00:04:10.461027+00:00,HG=F,Cobre,Commodity,6.5295,6.299,0.2305,3.6593,up,2026-07-21T19:45:00-04:00
2026-07-21T19:04:10.461027-05:00,2026-07-22T00:04:10.461027+00:00,BTC-USD,Bitcoin,Crypto,66557.34375,65230.027344,1327.316406,2.0348,up,2026-07-21T20:00:00-04:00
2026-07-22T09:19:46.248591-05:00,2026-07-22T14:19:46.248591+00:00,USDPEN=X,USD/PEN,FX,3.3998,3.320709,0.079091,2.3818,up,2026-07-22T10:15:00-04:00
2026-07-22T09:19:46.248591-05:00,2026-07-22T14:19:46.248591+00:00,EURUSD=X,EUR/USD,FX,1.142074,1.141813,0.000261,0.0228,up,2026-07-22T10:15:00-04:00
2026-07-22T09:19:46.248591-05:00,2026-07-22T14:19:46.248591+00:00,DX-Y.NYB,DXY,Dólar,101.093002,101.18,-0.086998,-0.086,down,2026-07-22T10:00:00-04:00
2026-07-22T09:19:46.248591-05:00,2026-07-22T14:19:46.248591+00:00,^GSPC,S&P 500,Índice,7505.399902,7509.200195,-3.800293,-0.0506,down,2026-07-22T10:15:00-04:00
2026-07-22T09:19:46.248591-05:00,2026-07-22T14:19:46.248591+00:00,^IXIC,Nasdaq,Índice,25727.287109,25837.210938,-109.923828,-0.4254,down,2026-07-22T10:15:00-04:00
2026-07-22T09:19:46.248591-05:00,2026-07-22T14:19:46.248591+00:00,^DJI,Dow Jones,Índice,52392.070312,52224.640625,167.429688,0.3206,up,2026-07-22T10:15:00-04:00
2026-07-22T09:19:46.248591-05:00,2026-07-22T14:19:46.248591+00:00,^VIX,VIX,Volatilidad,16.860001,17.049999,-0.189999,-1.1144,down,2026-07-22T10:00:00-04:00
2026-07-22T09:19:46.248591-05:00,2026-07-22T14:19:46.248591+00:00,^TNX,US 10Y,Tasa,4.642,4.628,0.014,0.3025,up,2026-07-22T09:50:00-04:00
2026-07-22T09:19:46.248591-05:00,2026-07-22T14:19:46.248591+00:00,GC=F,Oro,Commodity,4162.299805,4071.100098,91.199707,2.2402,up,2026-07-22T10:00:00-04:00
2026-07-22T09:19:46.248591-05:00,2026-07-22T14:19:46.248591+00:00,CL=F,WTI,Commodity,86.730003,84.910004,1.82,2.1434,up,2026-07-22T10:00:00-04:00
2026-07-22T09:19:46.248591-05:00,2026-07-22T14:19:46.248591+00:00,HG=F,Cobre,Commodity,6.5085,6.511,-0.0025,-0.0384,down,2026-07-22T10:00:00-04:00
2026-07-22T09:19:46.248591-05:00,2026-07-22T14:19:46.248591+00:00,BTC-USD,Bitcoin,Crypto,65739.851562,66505.125,-765.273438,-1.1507,down,2026-07-22T10:15:00-04:00
2026-07-22T11:43:00.329912-05:00,2026-07-22T16:43:00.329912+00:00,USDPEN=X,USD/PEN,FX,3.3989,3.320709,0.078191,2.3546,up,2026-07-22T12:30:00-04:00
2026-07-22T11:43:00.329912-05:00,2026-07-22T16:43:00.329912+00:00,EURUSD=X,EUR/USD,FX,1.141162,1.141813,-0.000651,-0.0571,down,2026-07-22T12:30:00-04:00
2026-07-22T11:43:00.329912-05:00,2026-07-22T16:43:00.329912+00:00,DX-Y.NYB,DXY,Dólar,101.125999,101.18,-0.054001,-0.0534,down,2026-07-22T12:30:00-04:00
2026-07-22T11:43:00.329912-05:00,2026-07-22T16:43:00.329912+00:00,^GSPC,S&P 500,Índice,7522.509766,7509.200195,13.30957,0.1772,up,2026-07-22T12:30:00-04:00
2026-07-22T11:43:00.329912-05:00,2026-07-22T16:43:00.329912+00:00,^IXIC,Nasdaq,Índice,25804.060547,25837.210938,-33.150391,-0.1283,down,2026-07-22T12:30:00-04:00
2026-07-22T11:43:00.329912-05:00,2026-07-22T16:43:00.329912+00:00,^DJI,Dow Jones,Índice,52435.191406,52224.640625,210.550781,0.4032,up,2026-07-22T12:30:00-04:00
2026-07-22T11:43:00.329912-05:00,2026-07-22T16:43:00.329912+00:00,^VIX,VIX,Volatilidad,16.809999,17.049999,-0.24,-1.4076,down,2026-07-22T12:15:00-04:00
2026-07-22T11:43:00.329912-05:00,2026-07-22T16:43:00.329912+00:00,^TNX,US 10Y,Tasa,4.654,4.628,0.026,0.5618,up,2026-07-22T12:20:00-04:00
2026-07-22T11:43:00.329912-05:00,2026-07-22T16:43:00.329912+00:00,GC=F,Oro,Commodity,4153.200195,4071.100098,82.100098,2.0167,up,2026-07-22T12:30:00-04:00
2026-07-22T11:43:00.329912-05:00,2026-07-22T16:43:00.329912+00:00,CL=F,WTI,Commodity,86.470001,84.910004,1.559998,1.8372,up,2026-07-22T12:30:00-04:00
2026-07-22T11:43:00.329912-05:00,2026-07-22T16:43:00.329912+00:00,HG=F,Cobre,Commodity,6.49,6.511,-0.021,-0.3225,down,2026-07-22T12:30:00-04:00
2026-07-22T11:43:00.329912-05:00,2026-07-22T16:43:00.329912+00:00,BTC-USD,Bitcoin,Crypto,66277.382812,66505.125,-227.742188,-0.3424,down,2026-07-22T12:30:00-04:00
2026-07-22T13:20:14.303598-05:00,2026-07-22T18:20:14.303598+00:00,USDPEN=X,USD/PEN,FX,3.4005,3.320709,0.079791,2.4028,up,2026-07-22T14:15:00-04:00
2026-07-22T13:20:14.303598-05:00,2026-07-22T18:20:14.303598+00:00,EURUSD=X,EUR/USD,FX,1.141162,1.141813,-0.000651,-0.0571,down,2026-07-22T14:15:00-04:00
2026-07-22T13:20:14.303598-05:00,2026-07-22T18:20:14.303598+00:00,DX-Y.NYB,DXY,Dólar,101.151001,101.18,-0.028999,-0.0287,down,2026-07-22T14:00:00-04:00
2026-07-22T13:20:14.303598-05:00,2026-07-22T18:20:14.303598+00:00,^GSPC,S&P 500,Índice,7507.640137,7509.200195,-1.560059,-0.0208,down,2026-07-22T14:15:00-04:00
2026-07-22T13:20:14.303598-05:00,2026-07-22T18:20:14.303598+00:00,^IXIC,Nasdaq,Índice,25742.742188,25837.210938,-94.46875,-0.3656,down,2026-07-22T14:15:00-04:00
2026-07-22T13:20:14.303598-05:00,2026-07-22T18:20:14.303598+00:00,^DJI,Dow Jones,Índice,52294.628906,52224.640625,69.988281,0.134,up,2026-07-22T14:15:00-04:00
2026-07-22T13:20:14.303598-05:00,2026-07-22T18:20:14.303598+00:00,^VIX,VIX,Volatilidad,16.93,17.049999,-0.119999,-0.7038,down,2026-07-22T14:00:00-04:00
2026-07-22T13:20:14.303598-05:00,2026-07-22T18:20:14.303598+00:00,^TNX,US 10Y,Tasa,4.657,4.628,0.029,0.6266,up,2026-07-22T14:05:00-04:00
2026-07-22T13:20:14.303598-05:00,2026-07-22T18:20:14.303598+00:00,GC=F,Oro,Commodity,4144.600098,4071.100098,73.5,1.8054,up,2026-07-22T14:00:00-04:00
2026-07-22T13:20:14.303598-05:00,2026-07-22T18:20:14.303598+00:00,CL=F,WTI,Commodity,86.849998,84.910004,1.939995,2.2848,up,2026-07-22T14:00:00-04:00
2026-07-22T13:20:14.303598-05:00,2026-07-22T18:20:14.303598+00:00,HG=F,Cobre,Commodity,6.4775,6.511,-0.0335,-0.5145,down,2026-07-22T14:00:00-04:00
2026-07-22T13:20:14.303598-05:00,2026-07-22T18:20:14.303598+00:00,BTC-USD,Bitcoin,Crypto,65984.28125,66505.125,-520.84375,-0.7832,down,2026-07-22T14:15:00-04:00
2026-07-22T15:19:45.254689-05:00,2026-07-22T20:19:45.254689+00:00,USDPEN=X,USD/PEN,FX,3.3991,3.320709,0.078391,2.3607,up,2026-07-22T16:15:00-04:00
2026-07-22T15:19:45.254689-05:00,2026-07-22T20:19:45.254689+00:00,EURUSD=X,EUR/USD,FX,1.141553,1.141813,-0.000261,-0.0228,down,2026-07-22T16:15:00-04:00
2026-07-22T15:19:45.254689-05:00,2026-07-22T20:19:45.254689+00:00,DX-Y.NYB,DXY,Dólar,101.111,101.18,-0.069,-0.0682,down,2026-07-22T16:00:00-04:00
2026-07-22T15:19:45.254689-05:00,2026-07-22T20:19:45.254689+00:00,^GSPC,S&P 500,Índice,7499.439941,7509.200195,-9.760254,-0.13,down,2026-07-22T15:45:00-04:00
2026-07-22T15:19:45.254689-05:00,2026-07-22T20:19:45.254689+00:00,^IXIC,Nasdaq,Índice,25694.271484,25837.210938,-142.939453,-0.5532,down,2026-07-22T15:45:00-04:00
2026-07-22T15:19:45.254689-05:00,2026-07-22T20:19:45.254689+00:00,^DJI,Dow Jones,Índice,52226.160156,52224.640625,1.519531,0.0029,up,2026-07-22T15:45:00-04:00
2026-07-22T15:19:45.254689-05:00,2026-07-22T20:19:45.254689+00:00,^VIX,VIX,Volatilidad,16.82,17.049999,-0.23,-1.349,down,2026-07-22T16:00:00-04:00
2026-07-22T15:19:45.254689-05:00,2026-07-22T20:19:45.254689+00:00,^TNX,US 10Y,Tasa,4.657,4.628,0.029,0.6266,up,2026-07-22T14:50:00-04:00
2026-07-22T15:19:45.254689-05:00,2026-07-22T20:19:45.254689+00:00,GC=F,Oro,Commodity,4138.100098,4071.100098,67.0,1.6457,up,2026-07-22T16:00:00-04:00
2026-07-22T15:19:45.254689-05:00,2026-07-22T20:19:45.254689+00:00,CL=F,WTI,Commodity,86.400002,84.910004,1.489998,1.7548,up,2026-07-22T16:00:00-04:00
2026-07-22T15:19:45.254689-05:00,2026-07-22T20:19:45.254689+00:00,HG=F,Cobre,Commodity,6.481,6.511,-0.03,-0.4608,down,2026-07-22T16:00:00-04:00
2026-07-22T15:19:45.254689-05:00,2026-07-22T20:19:45.254689+00:00,BTC-USD,Bitcoin,Crypto,65906.609375,66505.125,-598.515625,-0.9,down,2026-07-22T16:15:00-04:00
2026-07-22T17:14:56.609102-05:00,2026-07-22T22:14:56.609102+00:00,USDPEN=X,USD/PEN,FX,3.3988,3.320709,0.078091,2.3516,up,2026-07-22T17:00:00-04:00
2026-07-22T17:14:56.609102-05:00,2026-07-22T22:14:56.609102+00:00,EURUSD=X,EUR/USD,FX,1.141032,1.141813,-0.000782,-0.0685,down,2026-07-22T18:00:00-04:00
2026-07-22T17:14:56.609102-05:00,2026-07-22T22:14:56.609102+00:00,DX-Y.NYB,DXY,Dólar,101.140999,101.18,-0.039001,-0.0385,down,2026-07-22T18:00:00-04:00
2026-07-22T17:14:56.609102-05:00,2026-07-22T22:14:56.609102+00:00,^GSPC,S&P 500,Índice,7499.439941,7509.200195,-9.760254,-0.13,down,2026-07-22T15:45:00-04:00
2026-07-22T17:14:56.609102-05:00,2026-07-22T22:14:56.609102+00:00,^IXIC,Nasdaq,Índice,25694.271484,25837.210938,-142.939453,-0.5532,down,2026-07-22T15:45:00-04:00
2026-07-22T17:14:56.609102-05:00,2026-07-22T22:14:56.609102+00:00,^DJI,Dow Jones,Índice,52226.160156,52224.640625,1.519531,0.0029,up,2026-07-22T15:45:00-04:00
2026-07-22T17:14:56.609102-05:00,2026-07-22T22:14:56.609102+00:00,^VIX,VIX,Volatilidad,16.700001,17.049999,-0.349998,-2.0528,down,2026-07-22T16:00:00-04:00
2026-07-22T17:14:56.609102-05:00,2026-07-22T22:14:56.609102+00:00,^TNX,US 10Y,Tasa,4.657,4.628,0.029,0.6266,up,2026-07-22T14:50:00-04:00
2026-07-22T17:14:56.609102-05:00,2026-07-22T22:14:56.609102+00:00,GC=F,Oro,Commodity,4121.399902,4071.100098,50.299805,1.2355,up,2026-07-22T18:00:00-04:00
2026-07-22T17:14:56.609102-05:00,2026-07-22T22:14:56.609102+00:00,CL=F,WTI,Commodity,87.790001,84.910004,2.879997,3.3918,up,2026-07-22T18:00:00-04:00
2026-07-22T17:14:56.609102-05:00,2026-07-22T22:14:56.609102+00:00,HG=F,Cobre,Commodity,6.485,6.511,-0.026,-0.3993,down,2026-07-22T18:00:00-04:00
2026-07-22T17:14:56.609102-05:00,2026-07-22T22:14:56.609102+00:00,BTC-USD,Bitcoin,Crypto,65976.757812,66505.125,-528.367188,-0.7945,down,2026-07-22T18:00:00-04:00
2026-07-22T18:15:23.409117-05:00,2026-07-22T23:15:23.409117+00:00,USDPEN=X,USD/PEN,FX,3.3987,3.394,0.0047,0.1385,up,2026-07-22T19:00:00-04:00
2026-07-22T18:15:23.409117-05:00,2026-07-22T23:15:23.409117+00:00,EURUSD=X,EUR/USD,FX,1.141292,1.140381,0.000911,0.0799,up,2026-07-22T19:15:00-04:00
2026-07-22T18:15:23.409117-05:00,2026-07-22T23:15:23.409117+00:00,DX-Y.NYB,DXY,Dólar,101.140999,101.18,-0.039001,-0.0385,down,2026-07-22T18:00:00-04:00
2026-07-22T18:15:23.409117-05:00,2026-07-22T23:15:23.409117+00:00,^GSPC,S&P 500,Índice,7499.439941,7509.200195,-9.760254,-0.13,down,2026-07-22T15:45:00-04:00
2026-07-22T18:15:23.409117-05:00,2026-07-22T23:15:23.409117+00:00,^IXIC,Nasdaq,Índice,25694.271484,25837.210938,-142.939453,-0.5532,down,2026-07-22T15:45:00-04:00
2026-07-22T18:15:23.409117-05:00,2026-07-22T23:15:23.409117+00:00,^DJI,Dow Jones,Índice,52226.160156,52224.640625,1.519531,0.0029,up,2026-07-22T15:45:00-04:00
2026-07-22T18:15:23.409117-05:00,2026-07-22T23:15:23.409117+00:00,^VIX,VIX,Volatilidad,16.700001,17.049999,-0.349998,-2.0528,down,2026-07-22T16:00:00-04:00
2026-07-22T18:15:23.409117-05:00,2026-07-22T23:15:23.409117+00:00,^TNX,US 10Y,Tasa,4.657,4.628,0.029,0.6266,up,2026-07-22T14:50:00-04:00
2026-07-22T18:15:23.409117-05:00,2026-07-22T23:15:23.409117+00:00,GC=F,Oro,Commodity,4120.899902,4071.100098,49.799805,1.2233,up,2026-07-22T19:00:00-04:00
2026-07-22T18:15:23.409117-05:00,2026-07-22T23:15:23.409117+00:00,CL=F,WTI,Commodity,87.879997,84.910004,2.969994,3.4978,up,2026-07-22T19:00:00-04:00
2026-07-22T18:15:23.409117-05:00,2026-07-22T23:15:23.409117+00:00,HG=F,Cobre,Commodity,6.4745,6.511,-0.0365,-0.5606,down,2026-07-22T19:00:00-04:00
2026-07-22T18:15:23.409117-05:00,2026-07-22T23:15:23.409117+00:00,BTC-USD,Bitcoin,Crypto,65886.460938,66505.125,-618.664062,-0.9303,down,2026-07-22T19:15:00-04:00
2026-07-22T19:13:08.941514-05:00,2026-07-23T00:13:08.941514+00:00,USDPEN=X,USD/PEN,FX,3.3989,3.394,0.0049,0.1444,up,2026-07-22T19:30:00-04:00
2026-07-22T19:13:08.941514-05:00,2026-07-23T00:13:08.941514+00:00,EURUSD=X,EUR/USD,FX,1.141683,1.140381,0.001302,0.1142,up,2026-07-22T20:00:00-04:00
2026-07-22T19:13:08.941514-05:00,2026-07-23T00:13:08.941514+00:00,DX-Y.NYB,DXY,Dólar,101.115997,101.18,-0.064003,-0.0633,down,2026-07-22T20:00:00-04:00
2026-07-22T19:13:08.941514-05:00,2026-07-23T00:13:08.941514+00:00,^GSPC,S&P 500,Índice,7499.439941,7509.200195,-9.760254,-0.13,down,2026-07-22T15:45:00-04:00
2026-07-22T19:13:08.941514-05:00,2026-07-23T00:13:08.941514+00:00,^IXIC,Nasdaq,Índice,25694.271484,25837.210938,-142.939453,-0.5532,down,2026-07-22T15:45:00-04:00
2026-07-22T19:13:08.941514-05:00,2026-07-23T00:13:08.941514+00:00,^DJI,Dow Jones,Índice,52226.160156,52224.640625,1.519531,0.0029,up,2026-07-22T15:45:00-04:00
2026-07-22T19:13:08.941514-05:00,2026-07-23T00:13:08.941514+00:00,^VIX,VIX,Volatilidad,16.700001,17.049999,-0.349998,-2.0528,down,2026-07-22T16:00:00-04:00
2026-07-22T19:13:08.941514-05:00,2026-07-23T00:13:08.941514+00:00,^TNX,US 10Y,Tasa,4.657,4.628,0.029,0.6266,up,2026-07-22T14:50:00-04:00
2026-07-22T19:13:08.941514-05:00,2026-07-23T00:13:08.941514+00:00,GC=F,Oro,Commodity,4136.100098,4071.100098,65.0,1.5966,up,2026-07-22T20:00:00-04:00
2026-07-22T19:13:08.941514-05:00,2026-07-23T00:13:08.941514+00:00,CL=F,WTI,Commodity,87.559998,84.910004,2.649994,3.1209,up,2026-07-22T20:00:00-04:00
2026-07-22T19:13:08.941514-05:00,2026-07-23T00:13:08.941514+00:00,HG=F,Cobre,Commodity,6.4845,6.511,-0.0265,-0.407,down,2026-07-22T20:00:00-04:00
2026-07-22T19:13:08.941514-05:00,2026-07-23T00:13:08.941514+00:00,BTC-USD,Bitcoin,Crypto,66177.578125,66505.125,-327.546875,-0.4925,down,2026-07-22T20:00:00-04:00
2026-07-23T09:28:23.210087-05:00,2026-07-23T14:28:23.210087+00:00,USDPEN=X,USD/PEN,FX,3.3937,3.394,-0.0003,-0.0088,down,2026-07-23T10:15:00-04:00
2026-07-23T09:28:23.210087-05:00,2026-07-23T14:28:23.210087+00:00,EURUSD=X,EUR/USD,FX,1.137268,1.140381,-0.003113,-0.2729,down,2026-07-23T10:15:00-04:00
2026-07-23T09:28:23.210087-05:00,2026-07-23T14:28:23.210087+00:00,DX-Y.NYB,DXY,Dólar,101.490997,101.139999,0.350998,0.347,up,2026-07-23T10:15:00-04:00
2026-07-23T09:28:23.210087-05:00,2026-07-23T14:28:23.210087+00:00,^GSPC,S&P 500,Índice,7420.240234,7498.959961,-78.719727,-1.0497,down,2026-07-23T10:15:00-04:00
2026-07-23T09:28:23.210087-05:00,2026-07-23T14:28:23.210087+00:00,^IXIC,Nasdaq,Índice,25192.578125,25690.900391,-498.322266,-1.9397,down,2026-07-23T10:15:00-04:00
2026-07-23T09:28:23.210087-05:00,2026-07-23T14:28:23.210087+00:00,^DJI,Dow Jones,Índice,51697.5,52218.578125,-521.078125,-0.9979,down,2026-07-23T10:15:00-04:00
2026-07-23T09:28:23.210087-05:00,2026-07-23T14:28:23.210087+00:00,^VIX,VIX,Volatilidad,18.969999,16.639999,2.33,14.0024,up,2026-07-23T10:00:00-04:00
2026-07-23T09:28:23.210087-05:00,2026-07-23T14:28:23.210087+00:00,^TNX,US 10Y,Tasa,4.707,4.657,0.05,1.0736,up,2026-07-23T10:05:00-04:00
2026-07-23T09:28:23.210087-05:00,2026-07-23T14:28:23.210087+00:00,GC=F,Oro,Commodity,4050.800049,4146.899902,-96.099854,-2.3174,down,2026-07-23T10:15:00-04:00
2026-07-23T09:28:23.210087-05:00,2026-07-23T14:28:23.210087+00:00,CL=F,WTI,Commodity,91.25,86.830002,4.419998,5.0904,up,2026-07-23T10:15:00-04:00
2026-07-23T09:28:23.210087-05:00,2026-07-23T14:28:23.210087+00:00,HG=F,Cobre,Commodity,6.3865,6.451,-0.0645,-0.9999,down,2026-07-23T10:15:00-04:00
2026-07-23T09:28:23.210087-05:00,2026-07-23T14:28:23.210087+00:00,BTC-USD,Bitcoin,Crypto,65114.519531,66100.796875,-986.277344,-1.4921,down,2026-07-23T10:15:00-04:00
2026-07-23T11:43:49.787390-05:00,2026-07-23T16:43:49.787390+00:00,USDPEN=X,USD/PEN,FX,3.3932,3.394,-0.0008,-0.0236,down,2026-07-23T12:30:00-04:00
2026-07-23T11:43:49.787390-05:00,2026-07-23T16:43:49.787390+00:00,EURUSD=X,EUR/USD,FX,1.138174,1.140381,-0.002206,-0.1935,down,2026-07-23T12:30:00-04:00
2026-07-23T11:43:49.787390-05:00,2026-07-23T16:43:49.787390+00:00,DX-Y.NYB,DXY,Dólar,101.435997,101.139999,0.295998,0.2927,up,2026-07-23T12:30:00-04:00
2026-07-23T11:43:49.787390-05:00,2026-07-23T16:43:49.787390+00:00,^GSPC,S&P 500,Índice,7416.049805,7498.959961,-82.910156,-1.1056,down,2026-07-23T12:30:00-04:00
2026-07-23T11:43:49.787390-05:00,2026-07-23T16:43:49.787390+00:00,^IXIC,Nasdaq,Índice,25178.873047,25690.900391,-512.027344,-1.993,down,2026-07-23T12:30:00-04:00
2026-07-23T11:43:49.787390-05:00,2026-07-23T16:43:49.787390+00:00,^DJI,Dow Jones,Índice,51747.820312,52218.578125,-470.757812,-0.9015,down,2026-07-23T12:30:00-04:00
2026-07-23T11:43:49.787390-05:00,2026-07-23T16:43:49.787390+00:00,^VIX,VIX,Volatilidad,19.01,16.639999,2.370001,14.2428,up,2026-07-23T12:15:00-04:00
2026-07-23T11:43:49.787390-05:00,2026-07-23T16:43:49.787390+00:00,^TNX,US 10Y,Tasa,4.697,4.657,0.04,0.8589,up,2026-07-23T12:20:00-04:00
2026-07-23T11:43:49.787390-05:00,2026-07-23T16:43:49.787390+00:00,GC=F,Oro,Commodity,4052.399902,4146.899902,-94.5,-2.2788,down,2026-07-23T12:30:00-04:00
2026-07-23T11:43:49.787390-05:00,2026-07-23T16:43:49.787390+00:00,CL=F,WTI,Commodity,92.260002,86.830002,5.43,6.2536,up,2026-07-23T12:30:00-04:00
2026-07-23T11:43:49.787390-05:00,2026-07-23T16:43:49.787390+00:00,HG=F,Cobre,Commodity,6.3405,6.451,-0.1105,-1.7129,down,2026-07-23T12:30:00-04:00
2026-07-23T11:43:49.787390-05:00,2026-07-23T16:43:49.787390+00:00,BTC-USD,Bitcoin,Crypto,64712.070312,66100.796875,-1388.726562,-2.1009,down,2026-07-23T12:30:00-04:00
2026-07-23T13:21:58.752625-05:00,2026-07-23T18:21:58.752625+00:00,USDPEN=X,USD/PEN,FX,3.3934,3.394,-0.0006,-0.0177,down,2026-07-23T14:15:00-04:00
2026-07-23T13:21:58.752625-05:00,2026-07-23T18:21:58.752625+00:00,EURUSD=X,EUR/USD,FX,1.137656,1.140381,-0.002724,-0.2389,down,2026-07-23T14:15:00-04:00
2026-07-23T13:21:58.752625-05:00,2026-07-23T18:21:58.752625+00:00,DX-Y.NYB,DXY,Dólar,101.457001,101.139999,0.317001,0.3134,up,2026-07-23T14:00:00-04:00
2026-07-23T13:21:58.752625-05:00,2026-07-23T18:21:58.752625+00:00,^GSPC,S&P 500,Índice,7395.669922,7498.959961,-103.290039,-1.3774,down,2026-07-23T14:15:00-04:00
2026-07-23T13:21:58.752625-05:00,2026-07-23T18:21:58.752625+00:00,^IXIC,Nasdaq,Índice,25093.310547,25690.900391,-597.589844,-2.3261,down,2026-07-23T14:15:00-04:00
2026-07-23T13:21:58.752625-05:00,2026-07-23T18:21:58.752625+00:00,^DJI,Dow Jones,Índice,51631.371094,52218.578125,-587.207031,-1.1245,down,2026-07-23T14:15:00-04:00
2026-07-23T13:21:58.752625-05:00,2026-07-23T18:21:58.752625+00:00,^VIX,VIX,Volatilidad,19.639999,16.639999,3.0,18.0288,up,2026-07-23T14:00:00-04:00
2026-07-23T13:21:58.752625-05:00,2026-07-23T18:21:58.752625+00:00,^TNX,US 10Y,Tasa,4.703,4.657,0.046,0.9878,up,2026-07-23T14:05:00-04:00
2026-07-23T13:21:58.752625-05:00,2026-07-23T18:21:58.752625+00:00,GC=F,Oro,Commodity,4045.699951,4146.899902,-101.199951,-2.4404,down,2026-07-23T14:00:00-04:00
2026-07-23T13:21:58.752625-05:00,2026-07-23T18:21:58.752625+00:00,CL=F,WTI,Commodity,93.190002,86.830002,6.360001,7.3247,up,2026-07-23T14:00:00-04:00
2026-07-23T13:21:58.752625-05:00,2026-07-23T18:21:58.752625+00:00,HG=F,Cobre,Commodity,6.3185,6.451,-0.1325,-2.0539,down,2026-07-23T14:00:00-04:00
2026-07-23T13:21:58.752625-05:00,2026-07-23T18:21:58.752625+00:00,BTC-USD,Bitcoin,Crypto,64653.898438,66100.796875,-1446.898438,-2.1889,down,2026-07-23T14:15:00-04:00
2026-07-23T15:18:51.614820-05:00,2026-07-23T20:18:51.614820+00:00,USDPEN=X,USD/PEN,FX,3.3934,3.394,-0.0006,-0.0177,down,2026-07-23T16:00:00-04:00
2026-07-23T15:18:51.614820-05:00,2026-07-23T20:18:51.614820+00:00,EURUSD=X,EUR/USD,FX,1.138045,1.140381,-0.002336,-0.2048,down,2026-07-23T16:15:00-04:00
2026-07-23T15:18:51.614820-05:00,2026-07-23T20:18:51.614820+00:00,DX-Y.NYB,DXY,Dólar,101.426003,101.139999,0.286003,0.2828,up,2026-07-23T16:00:00-04:00
2026-07-23T15:18:51.614820-05:00,2026-07-23T20:18:51.614820+00:00,^GSPC,S&P 500,Índice,7408.180176,7498.959961,-90.779785,-1.2106,down,2026-07-23T15:45:00-04:00
2026-07-23T15:18:51.614820-05:00,2026-07-23T20:18:51.614820+00:00,^IXIC,Nasdaq,Índice,25138.570312,25690.900391,-552.330078,-2.1499,down,2026-07-23T15:45:00-04:00
2026-07-23T15:18:51.614820-05:00,2026-07-23T20:18:51.614820+00:00,^DJI,Dow Jones,Índice,51702.230469,52218.578125,-516.347656,-0.9888,down,2026-07-23T15:45:00-04:00
2026-07-23T15:18:51.614820-05:00,2026-07-23T20:18:51.614820+00:00,^VIX,VIX,Volatilidad,18.77,16.639999,2.130001,12.8005,up,2026-07-23T16:00:00-04:00
2026-07-23T15:18:51.614820-05:00,2026-07-23T20:18:51.614820+00:00,^TNX,US 10Y,Tasa,4.703,4.657,0.046,0.9878,up,2026-07-23T14:50:00-04:00
2026-07-23T15:18:51.614820-05:00,2026-07-23T20:18:51.614820+00:00,GC=F,Oro,Commodity,4051.800049,4146.899902,-95.099854,-2.2933,down,2026-07-23T16:00:00-04:00
2026-07-23T15:18:51.614820-05:00,2026-07-23T20:18:51.614820+00:00,CL=F,WTI,Commodity,91.550003,86.830002,4.720001,5.4359,up,2026-07-23T16:00:00-04:00
2026-07-23T15:18:51.614820-05:00,2026-07-23T20:18:51.614820+00:00,HG=F,Cobre,Commodity,6.3235,6.451,-0.1275,-1.9764,down,2026-07-23T16:00:00-04:00
2026-07-23T15:18:51.614820-05:00,2026-07-23T20:18:51.614820+00:00,BTC-USD,Bitcoin,Crypto,65070.019531,66100.796875,-1030.777344,-1.5594,down,2026-07-23T16:15:00-04:00
2026-07-23T17:13:19.408433-05:00,2026-07-23T22:13:19.408433+00:00,USDPEN=X,USD/PEN,FX,3.3933,3.394,-0.0007,-0.0206,down,2026-07-23T17:15:00-04:00
2026-07-23T17:13:19.408433-05:00,2026-07-23T22:13:19.408433+00:00,EURUSD=X,EUR/USD,FX,1.138174,1.140381,-0.002206,-0.1935,down,2026-07-23T18:00:00-04:00
2026-07-23T17:13:19.408433-05:00,2026-07-23T22:13:19.408433+00:00,DX-Y.NYB,DXY,Dólar,101.438004,101.139999,0.298004,0.2946,up,2026-07-23T18:00:00-04:00
2026-07-23T17:13:19.408433-05:00,2026-07-23T22:13:19.408433+00:00,^GSPC,S&P 500,Índice,7408.180176,7498.959961,-90.779785,-1.2106,down,2026-07-23T15:45:00-04:00
2026-07-23T17:13:19.408433-05:00,2026-07-23T22:13:19.408433+00:00,^IXIC,Nasdaq,Índice,25138.570312,25690.900391,-552.330078,-2.1499,down,2026-07-23T15:45:00-04:00
2026-07-23T17:13:19.408433-05:00,2026-07-23T22:13:19.408433+00:00,^DJI,Dow Jones,Índice,51702.230469,52218.578125,-516.347656,-0.9888,down,2026-07-23T15:45:00-04:00
2026-07-23T17:13:19.408433-05:00,2026-07-23T22:13:19.408433+00:00,^VIX,VIX,Volatilidad,18.700001,16.639999,2.060001,12.3798,up,2026-07-23T16:00:00-04:00
2026-07-23T17:13:19.408433-05:00,2026-07-23T22:13:19.408433+00:00,^TNX,US 10Y,Tasa,4.703,4.657,0.046,0.9878,up,2026-07-23T14:50:00-04:00
2026-07-23T17:13:19.408433-05:00,2026-07-23T22:13:19.408433+00:00,GC=F,Oro,Commodity,4051.5,4146.899902,-95.399902,-2.3005,down,2026-07-23T18:00:00-04:00
2026-07-23T17:13:19.408433-05:00,2026-07-23T22:13:19.408433+00:00,CL=F,WTI,Commodity,92.470001,86.830002,5.639999,6.4955,up,2026-07-23T18:00:00-04:00
2026-07-23T17:13:19.408433-05:00,2026-07-23T22:13:19.408433+00:00,HG=F,Cobre,Commodity,6.3365,6.451,-0.1145,-1.7749,down,2026-07-23T18:00:00-04:00
2026-07-23T17:13:19.408433-05:00,2026-07-23T22:13:19.408433+00:00,BTC-USD,Bitcoin,Crypto,65052.179688,66100.796875,-1048.617188,-1.5864,down,2026-07-23T18:00:00-04:00
2026-07-23T18:10:08.985258-05:00,2026-07-23T23:10:08.985258+00:00,USDPEN=X,USD/PEN,FX,3.3963,3.399,-0.0027,-0.0794,down,2026-07-23T19:00:00-04:00
2026-07-23T18:10:08.985258-05:00,2026-07-23T23:10:08.985258+00:00,EURUSD=X,EUR/USD,FX,1.138174,1.141175,-0.003,-0.2629,down,2026-07-23T19:00:00-04:00
2026-07-23T18:10:08.985258-05:00,2026-07-23T23:10:08.985258+00:00,DX-Y.NYB,DXY,Dólar,101.436996,101.139999,0.296997,0.2936,up,2026-07-23T18:00:00-04:00
2026-07-23T18:10:08.985258-05:00,2026-07-23T23:10:08.985258+00:00,^GSPC,S&P 500,Índice,7408.180176,7498.959961,-90.779785,-1.2106,down,2026-07-23T15:45:00-04:00
2026-07-23T18:10:08.985258-05:00,2026-07-23T23:10:08.985258+00:00,^IXIC,Nasdaq,Índice,25138.570312,25690.900391,-552.330078,-2.1499,down,2026-07-23T15:45:00-04:00
2026-07-23T18:10:08.985258-05:00,2026-07-23T23:10:08.985258+00:00,^DJI,Dow Jones,Índice,51702.230469,52218.578125,-516.347656,-0.9888,down,2026-07-23T15:45:00-04:00
2026-07-23T18:10:08.985258-05:00,2026-07-23T23:10:08.985258+00:00,^VIX,VIX,Volatilidad,18.700001,16.639999,2.060001,12.3798,up,2026-07-23T16:00:00-04:00
2026-07-23T18:10:08.985258-05:00,2026-07-23T23:10:08.985258+00:00,^TNX,US 10Y,Tasa,4.703,4.657,0.046,0.9878,up,2026-07-23T14:50:00-04:00
2026-07-23T18:10:08.985258-05:00,2026-07-23T23:10:08.985258+00:00,GC=F,Oro,Commodity,4052.0,4146.899902,-94.899902,-2.2885,down,2026-07-23T18:45:00-04:00
2026-07-23T18:10:08.985258-05:00,2026-07-23T23:10:08.985258+00:00,CL=F,WTI,Commodity,92.089996,86.830002,5.259995,6.0578,up,2026-07-23T19:00:00-04:00
2026-07-23T18:10:08.985258-05:00,2026-07-23T23:10:08.985258+00:00,HG=F,Cobre,Commodity,6.334,6.451,-0.117,-1.8137,down,2026-07-23T18:45:00-04:00
2026-07-23T18:10:08.985258-05:00,2026-07-23T23:10:08.985258+00:00,BTC-USD,Bitcoin,Crypto,65120.359375,66100.796875,-980.4375,-1.4832,down,2026-07-23T19:00:00-04:00
2026-07-23T19:09:13.169101-05:00,2026-07-24T00:09:13.169101+00:00,USDPEN=X,USD/PEN,FX,3.4,3.399,0.001,0.0294,up,2026-07-23T19:45:00-04:00
2026-07-23T19:09:13.169101-05:00,2026-07-24T00:09:13.169101+00:00,EURUSD=X,EUR/USD,FX,1.138304,1.141175,-0.002871,-0.2516,down,2026-07-23T20:00:00-04:00
2026-07-23T19:09:13.169101-05:00,2026-07-24T00:09:13.169101+00:00,DX-Y.NYB,DXY,Dólar,101.450996,101.139999,0.310997,0.3075,up,2026-07-23T19:45:00-04:00
2026-07-23T19:09:13.169101-05:00,2026-07-24T00:09:13.169101+00:00,^GSPC,S&P 500,Índice,7408.180176,7498.959961,-90.779785,-1.2106,down,2026-07-23T15:45:00-04:00
2026-07-23T19:09:13.169101-05:00,2026-07-24T00:09:13.169101+00:00,^IXIC,Nasdaq,Índice,25138.570312,25690.900391,-552.330078,-2.1499,down,2026-07-23T15:45:00-04:00
2026-07-23T19:09:13.169101-05:00,2026-07-24T00:09:13.169101+00:00,^DJI,Dow Jones,Índice,51702.230469,52218.578125,-516.347656,-0.9888,down,2026-07-23T15:45:00-04:00
2026-07-23T19:09:13.169101-05:00,2026-07-24T00:09:13.169101+00:00,^VIX,VIX,Volatilidad,18.700001,16.639999,2.060001,12.3798,up,2026-07-23T16:00:00-04:00
2026-07-23T19:09:13.169101-05:00,2026-07-24T00:09:13.169101+00:00,^TNX,US 10Y,Tasa,4.703,4.657,0.046,0.9878,up,2026-07-23T14:50:00-04:00
2026-07-23T19:09:13.169101-05:00,2026-07-24T00:09:13.169101+00:00,GC=F,Oro,Commodity,4050.5,4146.899902,-96.399902,-2.3246,down,2026-07-23T19:45:00-04:00
2026-07-23T19:09:13.169101-05:00,2026-07-24T00:09:13.169101+00:00,CL=F,WTI,Commodity,92.269997,86.830002,5.439995,6.2651,up,2026-07-23T19:45:00-04:00
2026-07-23T19:09:13.169101-05:00,2026-07-24T00:09:13.169101+00:00,HG=F,Cobre,Commodity,6.3315,6.451,-0.1195,-1.8524,down,2026-07-23T19:45:00-04:00
2026-07-23T19:09:13.169101-05:00,2026-07-24T00:09:13.169101+00:00,BTC-USD,Bitcoin,Crypto,64921.648438,66100.796875,-1179.148438,-1.7839,down,2026-07-23T20:00:00-04:00
2026-07-24T09:09:01.212781-05:00,2026-07-24T14:09:01.212781+00:00,USDPEN=X,USD/PEN,FX,3.4008,3.399,0.0018,0.053,up,2026-07-24T10:00:00-04:00
2026-07-24T09:09:01.212781-05:00,2026-07-24T14:09:01.212781+00:00,EURUSD=X,EUR/USD,FX,1.138045,1.141175,-0.00313,-0.2743,down,2026-07-24T10:00:00-04:00
2026-07-24T09:09:01.212781-05:00,2026-07-24T14:09:01.212781+00:00,DX-Y.NYB,DXY,Dólar,101.467003,101.43,0.037003,0.0365,up,2026-07-24T09:45:00-04:00
2026-07-24T09:09:01.212781-05:00,2026-07-24T14:09:01.212781+00:00,^GSPC,S&P 500,Índice,7407.319824,7408.299805,-0.97998,-0.0132,down,2026-07-24T10:00:00-04:00
2026-07-24T09:09:01.212781-05:00,2026-07-24T14:09:01.212781+00:00,^IXIC,Nasdaq,Índice,25013.978516,25137.689453,-123.710938,-0.4921,down,2026-07-24T10:00:00-04:00
2026-07-24T09:09:01.212781-05:00,2026-07-24T14:09:01.212781+00:00,^DJI,Dow Jones,Índice,51850.941406,51711.648438,139.292969,0.2694,up,2026-07-24T10:00:00-04:00
2026-07-24T09:09:01.212781-05:00,2026-07-24T14:09:01.212781+00:00,^VIX,VIX,Volatilidad,18.629999,18.700001,-0.070002,-0.3743,down,2026-07-24T09:45:00-04:00
2026-07-24T09:09:01.212781-05:00,2026-07-24T14:09:01.212781+00:00,^TNX,US 10Y,Tasa,4.679,4.703,-0.024,-0.5103,down,2026-07-24T09:35:00-04:00
2026-07-24T09:09:01.212781-05:00,2026-07-24T14:09:01.212781+00:00,GC=F,Oro,Commodity,4060.600098,4046.600098,14.0,0.346,up,2026-07-24T09:45:00-04:00
2026-07-24T09:09:01.212781-05:00,2026-07-24T14:09:01.212781+00:00,CL=F,WTI,Commodity,90.080002,92.190002,-2.110001,-2.2888,down,2026-07-24T09:45:00-04:00
2026-07-24T09:09:01.212781-05:00,2026-07-24T14:09:01.212781+00:00,HG=F,Cobre,Commodity,6.333,6.305,0.028,0.4441,up,2026-07-24T09:45:00-04:00
2026-07-24T09:09:01.212781-05:00,2026-07-24T14:09:01.212781+00:00,BTC-USD,Bitcoin,Crypto,63971.019531,65044.8125,-1073.792969,-1.6509,down,2026-07-24T10:00:00-04:00
2026-07-24T10:42:18.831592-05:00,2026-07-24T15:42:18.831592+00:00,USDPEN=X,USD/PEN,FX,3.4052,3.399,0.0062,0.1824,up,2026-07-24T11:30:00-04:00
2026-07-24T10:42:18.831592-05:00,2026-07-24T15:42:18.831592+00:00,EURUSD=X,EUR/USD,FX,1.139212,1.141175,-0.001963,-0.172,down,2026-07-24T11:30:00-04:00
2026-07-24T10:42:18.831592-05:00,2026-07-24T15:42:18.831592+00:00,DX-Y.NYB,DXY,Dólar,101.335999,101.43,-0.094002,-0.0927,down,2026-07-24T11:30:00-04:00
2026-07-24T10:42:18.831592-05:00,2026-07-24T15:42:18.831592+00:00,^GSPC,S&P 500,Índice,7450.209961,7408.299805,41.910156,0.5657,up,2026-07-24T11:30:00-04:00
2026-07-24T10:42:18.831592-05:00,2026-07-24T15:42:18.831592+00:00,^IXIC,Nasdaq,Índice,25158.21875,25137.689453,20.529297,0.0817,up,2026-07-24T11:30:00-04:00
2026-07-24T10:42:18.831592-05:00,2026-07-24T15:42:18.831592+00:00,^DJI,Dow Jones,Índice,52083.851562,51711.648438,372.203125,0.7198,up,2026-07-24T11:30:00-04:00
2026-07-24T10:42:18.831592-05:00,2026-07-24T15:42:18.831592+00:00,^VIX,VIX,Volatilidad,17.59,18.700001,-1.110001,-5.9358,down,2026-07-24T11:15:00-04:00
2026-07-24T10:42:18.831592-05:00,2026-07-24T15:42:18.831592+00:00,^TNX,US 10Y,Tasa,4.655,4.703,-0.048,-1.0206,down,2026-07-24T11:20:00-04:00
2026-07-24T10:42:18.831592-05:00,2026-07-24T15:42:18.831592+00:00,GC=F,Oro,Commodity,4078.0,4046.600098,31.399902,0.776,up,2026-07-24T11:30:00-04:00
2026-07-24T10:42:18.831592-05:00,2026-07-24T15:42:18.831592+00:00,CL=F,WTI,Commodity,88.0,92.190002,-4.190002,-4.545,down,2026-07-24T11:30:00-04:00
2026-07-24T10:42:18.831592-05:00,2026-07-24T15:42:18.831592+00:00,HG=F,Cobre,Commodity,6.3645,6.305,0.0595,0.9437,up,2026-07-24T11:30:00-04:00
2026-07-24T10:42:18.831592-05:00,2026-07-24T15:42:18.831592+00:00,BTC-USD,Bitcoin,Crypto,63925.96875,65044.8125,-1118.84375,-1.7201,down,2026-07-24T09:45:00-04:00
2026-07-24T12:49:39.453135-05:00,2026-07-24T17:49:39.453135+00:00,USDPEN=X,USD/PEN,FX,3.3996,3.399,0.0006,0.0177,up,2026-07-24T13:45:00-04:00
2026-07-24T12:49:39.453135-05:00,2026-07-24T17:49:39.453135+00:00,EURUSD=X,EUR/USD,FX,1.137268,1.141175,-0.003906,-0.3423,down,2026-07-24T13:45:00-04:00
2026-07-24T12:49:39.453135-05:00,2026-07-24T17:49:39.453135+00:00,DX-Y.NYB,DXY,Dólar,101.471001,101.43,0.041,0.0404,up,2026-07-24T13:30:00-04:00
2026-07-24T12:49:39.453135-05:00,2026-07-24T17:49:39.453135+00:00,^GSPC,S&P 500,Índice,7435.97998,7408.299805,27.680176,0.3736,up,2026-07-24T13:45:00-04:00
2026-07-24T12:49:39.453135-05:00,2026-07-24T17:49:39.453135+00:00,^IXIC,Nasdaq,Índice,25116.621094,25137.689453,-21.068359,-0.0838,down,2026-07-24T13:45:00-04:00
2026-07-24T12:49:39.453135-05:00,2026-07-24T17:49:39.453135+00:00,^DJI,Dow Jones,Índice,51976.0,51711.648438,264.351562,0.5112,up,2026-07-24T13:45:00-04:00
2026-07-24T12:49:39.453135-05:00,2026-07-24T17:49:39.453135+00:00,^VIX,VIX,Volatilidad,17.9,18.700001,-0.800001,-4.2781,down,2026-07-24T13:30:00-04:00
2026-07-24T12:49:39.453135-05:00,2026-07-24T17:49:39.453135+00:00,^TNX,US 10Y,Tasa,4.679,4.703,-0.024,-0.5103,down,2026-07-24T13:20:00-04:00
2026-07-24T12:49:39.453135-05:00,2026-07-24T17:49:39.453135+00:00,GC=F,Oro,Commodity,4071.0,4046.600098,24.399902,0.603,up,2026-07-24T13:30:00-04:00
2026-07-24T12:49:39.453135-05:00,2026-07-24T17:49:39.453135+00:00,CL=F,WTI,Commodity,89.040001,92.190002,-3.150002,-3.4169,down,2026-07-24T13:30:00-04:00
2026-07-24T12:49:39.453135-05:00,2026-07-24T17:49:39.453135+00:00,HG=F,Cobre,Commodity,6.357,6.305,0.052,0.8247,up,2026-07-24T13:30:00-04:00
2026-07-24T12:49:39.453135-05:00,2026-07-24T17:49:39.453135+00:00,BTC-USD,Bitcoin,Crypto,63925.96875,65044.8125,-1118.84375,-1.7201,down,2026-07-24T09:45:00-04:00
2026-07-24T14:44:24.432122-05:00,2026-07-24T19:44:24.432122+00:00,USDPEN=X,USD/PEN,FX,3.3999,3.399,0.0009,0.0265,up,2026-07-24T15:30:00-04:00
2026-07-24T14:44:24.432122-05:00,2026-07-24T19:44:24.432122+00:00,EURUSD=X,EUR/USD,FX,1.137527,1.141175,-0.003648,-0.3196,down,2026-07-24T15:30:00-04:00
2026-07-24T14:44:24.432122-05:00,2026-07-24T19:44:24.432122+00:00,DX-Y.NYB,DXY,Dólar,101.474998,101.43,0.044998,0.0444,up,2026-07-24T15:30:00-04:00
2026-07-24T14:44:24.432122-05:00,2026-07-24T19:44:24.432122+00:00,^GSPC,S&P 500,Índice,7403.529785,7408.299805,-4.77002,-0.0644,down,2026-07-24T15:30:00-04:00
2026-07-24T14:44:24.432122-05:00,2026-07-24T19:44:24.432122+00:00,^IXIC,Nasdaq,Índice,24946.792969,25137.689453,-190.896484,-0.7594,down,2026-07-24T15:30:00-04:00
2026-07-24T14:44:24.432122-05:00,2026-07-24T19:44:24.432122+00:00,^DJI,Dow Jones,Índice,51911.019531,51711.648438,199.371094,0.3855,up,2026-07-24T15:30:00-04:00
2026-07-24T14:44:24.432122-05:00,2026-07-24T19:44:24.432122+00:00,^VIX,VIX,Volatilidad,18.950001,18.700001,0.25,1.3369,up,2026-07-24T15:15:00-04:00
2026-07-24T14:44:24.432122-05:00,2026-07-24T19:44:24.432122+00:00,^TNX,US 10Y,Tasa,4.679,4.703,-0.024,-0.5103,down,2026-07-24T14:50:00-04:00
2026-07-24T14:44:24.432122-05:00,2026-07-24T19:44:24.432122+00:00,GC=F,Oro,Commodity,4056.5,4046.600098,9.899902,0.2446,up,2026-07-24T15:30:00-04:00
2026-07-24T14:44:24.432122-05:00,2026-07-24T19:44:24.432122+00:00,CL=F,WTI,Commodity,89.5,92.190002,-2.690002,-2.9179,down,2026-07-24T15:30:00-04:00
2026-07-24T14:44:24.432122-05:00,2026-07-24T19:44:24.432122+00:00,HG=F,Cobre,Commodity,6.336,6.305,0.031,0.4917,up,2026-07-24T15:30:00-04:00
2026-07-24T14:44:24.432122-05:00,2026-07-24T19:44:24.432122+00:00,BTC-USD,Bitcoin,Crypto,64188.898438,65044.8125,-855.914062,-1.3159,down,2026-07-24T15:30:00-04:00
2026-07-24T16:19:09.981619-05:00,2026-07-24T21:19:09.981619+00:00,USDPEN=X,USD/PEN,FX,3.4,3.399,0.001,0.0294,up,2026-07-24T16:45:00-04:00
2026-07-24T16:19:09.981619-05:00,2026-07-24T21:19:09.981619+00:00,EURUSD=X,EUR/USD,FX,1.137527,1.141175,-0.003648,-0.3196,down,2026-07-24T17:15:00-04:00
2026-07-24T16:19:09.981619-05:00,2026-07-24T21:19:09.981619+00:00,DX-Y.NYB,DXY,Dólar,101.464996,101.43,0.034996,0.0345,up,2026-07-24T16:45:00-04:00
2026-07-24T16:19:09.981619-05:00,2026-07-24T21:19:09.981619+00:00,^GSPC,S&P 500,Índice,7412.879883,7408.299805,4.580078,0.0618,up,2026-07-24T15:45:00-04:00
2026-07-24T16:19:09.981619-05:00,2026-07-24T21:19:09.981619+00:00,^IXIC,Nasdaq,Índice,24981.705078,25137.689453,-155.984375,-0.6205,down,2026-07-24T15:45:00-04:00
2026-07-24T16:19:09.981619-05:00,2026-07-24T21:19:09.981619+00:00,^DJI,Dow Jones,Índice,51947.519531,51711.648438,235.871094,0.4561,up,2026-07-24T15:45:00-04:00
2026-07-24T16:19:09.981619-05:00,2026-07-24T21:19:09.981619+00:00,^VIX,VIX,Volatilidad,18.57,18.700001,-0.130001,-0.6952,down,2026-07-24T16:00:00-04:00
2026-07-24T16:19:09.981619-05:00,2026-07-24T21:19:09.981619+00:00,^TNX,US 10Y,Tasa,4.679,4.703,-0.024,-0.5103,down,2026-07-24T14:50:00-04:00
2026-07-24T16:19:09.981619-05:00,2026-07-24T21:19:09.981619+00:00,GC=F,Oro,Commodity,4055.699951,4046.600098,9.099854,0.2249,up,2026-07-24T16:45:00-04:00
2026-07-24T16:19:09.981619-05:00,2026-07-24T21:19:09.981619+00:00,CL=F,WTI,Commodity,90.470001,92.190002,-1.720001,-1.8657,down,2026-07-24T16:45:00-04:00
2026-07-24T16:19:09.981619-05:00,2026-07-24T21:19:09.981619+00:00,HG=F,Cobre,Commodity,6.3395,6.305,0.0345,0.5472,up,2026-07-24T16:45:00-04:00
2026-07-24T16:19:09.981619-05:00,2026-07-24T21:19:09.981619+00:00,BTC-USD,Bitcoin,Crypto,64103.828125,65044.8125,-940.984375,-1.4467,down,2026-07-24T17:15:00-04:00
2026-07-24T18:14:49.251920-05:00,2026-07-24T23:14:49.251920+00:00,USDPEN=X,USD/PEN,FX,3.4,3.332279,0.067721,2.0323,up,2026-07-24T17:30:00-04:00
2026-07-24T18:14:49.251920-05:00,2026-07-24T23:14:49.251920+00:00,EURUSD=X,EUR/USD,FX,1.137527,1.141175,-0.003648,-0.3196,down,2026-07-24T17:15:00-04:00
2026-07-24T18:14:49.251920-05:00,2026-07-24T23:14:49.251920+00:00,DX-Y.NYB,DXY,Dólar,101.464996,101.43,0.034996,0.0345,up,2026-07-24T16:45:00-04:00
2026-07-24T18:14:49.251920-05:00,2026-07-24T23:14:49.251920+00:00,^GSPC,S&P 500,Índice,7412.879883,7408.299805,4.580078,0.0618,up,2026-07-24T15:45:00-04:00
2026-07-24T18:14:49.251920-05:00,2026-07-24T23:14:49.251920+00:00,^IXIC,Nasdaq,Índice,24981.705078,25137.689453,-155.984375,-0.6205,down,2026-07-24T15:45:00-04:00
2026-07-24T18:14:49.251920-05:00,2026-07-24T23:14:49.251920+00:00,^DJI,Dow Jones,Índice,51947.519531,51711.648438,235.871094,0.4561,up,2026-07-24T15:45:00-04:00
2026-07-24T18:14:49.251920-05:00,2026-07-24T23:14:49.251920+00:00,^VIX,VIX,Volatilidad,18.57,18.700001,-0.130001,-0.6952,down,2026-07-24T16:00:00-04:00
2026-07-24T18:14:49.251920-05:00,2026-07-24T23:14:49.251920+00:00,^TNX,US 10Y,Tasa,4.679,4.703,-0.024,-0.5103,down,2026-07-24T14:50:00-04:00
2026-07-24T18:14:49.251920-05:00,2026-07-24T23:14:49.251920+00:00,GC=F,Oro,Commodity,4055.699951,4046.600098,9.099854,0.2249,up,2026-07-24T16:45:00-04:00
2026-07-24T18:14:49.251920-05:00,2026-07-24T23:14:49.251920+00:00,CL=F,WTI,Commodity,90.470001,92.190002,-1.720001,-1.8657,down,2026-07-24T16:45:00-04:00
2026-07-24T18:14:49.251920-05:00,2026-07-24T23:14:49.251920+00:00,HG=F,Cobre,Commodity,6.3395,6.305,0.0345,0.5472,up,2026-07-24T16:45:00-04:00
2026-07-24T18:14:49.251920-05:00,2026-07-24T23:14:49.251920+00:00,BTC-USD,Bitcoin,Crypto,64107.578125,65044.8125,-937.234375,-1.4409,down,2026-07-24T19:00:00-04:00
2026-07-24T19:14:42.536459-05:00,2026-07-25T00:14:42.536459+00:00,USDPEN=X,USD/PEN,FX,3.4,3.332279,0.067721,2.0323,up,2026-07-24T17:30:00-04:00
2026-07-24T19:14:42.536459-05:00,2026-07-25T00:14:42.536459+00:00,EURUSD=X,EUR/USD,FX,1.137527,1.141175,-0.003648,-0.3196,down,2026-07-24T17:15:00-04:00
2026-07-24T19:14:42.536459-05:00,2026-07-25T00:14:42.536459+00:00,DX-Y.NYB,DXY,Dólar,101.464996,101.43,0.034996,0.0345,up,2026-07-24T16:45:00-04:00
2026-07-24T19:14:42.536459-05:00,2026-07-25T00:14:42.536459+00:00,^GSPC,S&P 500,Índice,7412.879883,7408.299805,4.580078,0.0618,up,2026-07-24T15:45:00-04:00
2026-07-24T19:14:42.536459-05:00,2026-07-25T00:14:42.536459+00:00,^IXIC,Nasdaq,Índice,24981.705078,25137.689453,-155.984375,-0.6205,down,2026-07-24T15:45:00-04:00
2026-07-24T19:14:42.536459-05:00,2026-07-25T00:14:42.536459+00:00,^DJI,Dow Jones,Índice,51947.519531,51711.648438,235.871094,0.4561,up,2026-07-24T15:45:00-04:00
2026-07-24T19:14:42.536459-05:00,2026-07-25T00:14:42.536459+00:00,^VIX,VIX,Volatilidad,18.57,18.700001,-0.130001,-0.6952,down,2026-07-24T16:00:00-04:00
2026-07-24T19:14:42.536459-05:00,2026-07-25T00:14:42.536459+00:00,^TNX,US 10Y,Tasa,4.679,4.703,-0.024,-0.5103,down,2026-07-24T14:50:00-04:00
2026-07-24T19:14:42.536459-05:00,2026-07-25T00:14:42.536459+00:00,GC=F,Oro,Commodity,4055.699951,4046.600098,9.099854,0.2249,up,2026-07-24T16:45:00-04:00
2026-07-24T19:14:42.536459-05:00,2026-07-25T00:14:42.536459+00:00,CL=F,WTI,Commodity,90.470001,92.190002,-1.720001,-1.8657,down,2026-07-24T16:45:00-04:00
2026-07-24T19:14:42.536459-05:00,2026-07-25T00:14:42.536459+00:00,HG=F,Cobre,Commodity,6.3395,6.305,0.0345,0.5472,up,2026-07-24T16:45:00-04:00
2026-07-24T19:14:42.536459-05:00,2026-07-25T00:14:42.536459+00:00,BTC-USD,Bitcoin,Crypto,64085.859375,65044.8125,-958.953125,-1.4743,down,2026-07-24T20:00:00-04:00
2026-07-27T10:10:31.583596-05:00,2026-07-27T15:10:31.583596+00:00,USDPEN=X,USD/PEN,FX,3.4008,3.332279,0.068521,2.0563,up,2026-07-27T11:00:00-04:00
2026-07-27T10:10:31.583596-05:00,2026-07-27T15:10:31.583596+00:00,EURUSD=X,EUR/USD,FX,1.137398,1.137682,-0.000285,-0.025,down,2026-07-27T11:00:00-04:00
2026-07-27T10:10:31.583596-05:00,2026-07-27T15:10:31.583596+00:00,DX-Y.NYB,DXY,Dólar,101.483002,101.43,0.053001,0.0523,up,2026-07-27T11:00:00-04:00
2026-07-27T10:10:31.583596-05:00,2026-07-27T15:10:31.583596+00:00,^GSPC,S&P 500,Índice,7416.700195,7408.299805,8.400391,0.1134,up,2026-07-27T11:00:00-04:00
2026-07-27T10:10:31.583596-05:00,2026-07-27T15:10:31.583596+00:00,^IXIC,Nasdaq,Índice,24953.285156,25137.689453,-184.404297,-0.7336,down,2026-07-27T11:00:00-04:00
2026-07-27T10:10:31.583596-05:00,2026-07-27T15:10:31.583596+00:00,^DJI,Dow Jones,Índice,52195.679688,51711.648438,484.03125,0.936,up,2026-07-27T11:00:00-04:00
2026-07-27T10:10:31.583596-05:00,2026-07-27T15:10:31.583596+00:00,^VIX,VIX,Volatilidad,19.280001,18.700001,0.58,3.1016,up,2026-07-27T10:45:00-04:00
2026-07-27T10:10:31.583596-05:00,2026-07-27T15:10:31.583596+00:00,^TNX,US 10Y,Tasa,4.663,4.703,-0.04,-0.8505,down,2026-07-27T10:50:00-04:00
2026-07-27T10:10:31.583596-05:00,2026-07-27T15:10:31.583596+00:00,GC=F,Oro,Commodity,4077.399902,4067.600098,9.799805,0.2409,up,2026-07-27T11:00:00-04:00
2026-07-27T10:10:31.583596-05:00,2026-07-27T15:10:31.583596+00:00,CL=F,WTI,Commodity,83.739998,89.309998,-5.57,-6.2367,down,2026-07-27T11:00:00-04:00
2026-07-27T10:10:31.583596-05:00,2026-07-27T15:10:31.583596+00:00,HG=F,Cobre,Commodity,6.3895,6.32,0.0695,1.0997,up,2026-07-27T11:00:00-04:00
2026-07-27T10:10:31.583596-05:00,2026-07-27T15:10:31.583596+00:00,BTC-USD,Bitcoin,Crypto,64531.601562,65340.300781,-808.699219,-1.2377,down,2026-07-27T11:00:00-04:00
2026-07-27T12:06:10.681260-05:00,2026-07-27T17:06:10.681260+00:00,USDPEN=X,USD/PEN,FX,3.4003,3.332279,0.068021,2.0413,up,2026-07-27T13:00:00-04:00
2026-07-27T12:06:10.681260-05:00,2026-07-27T17:06:10.681260+00:00,EURUSD=X,EUR/USD,FX,1.137656,1.137682,-2.6e-05,-0.0023,down,2026-07-27T13:00:00-04:00
2026-07-27T12:06:10.681260-05:00,2026-07-27T17:06:10.681260+00:00,DX-Y.NYB,DXY,Dólar,101.431999,101.470001,-0.038002,-0.0375,down,2026-07-27T12:45:00-04:00
2026-07-27T12:06:10.681260-05:00,2026-07-27T17:06:10.681260+00:00,^GSPC,S&P 500,Índice,7385.47998,7411.97998,-26.5,-0.3575,down,2026-07-27T13:00:00-04:00
2026-07-27T12:06:10.681260-05:00,2026-07-27T17:06:10.681260+00:00,^IXIC,Nasdaq,Índice,24808.673828,24975.820312,-167.146484,-0.6692,down,2026-07-27T13:00:00-04:00
2026-07-27T12:06:10.681260-05:00,2026-07-27T17:06:10.681260+00:00,^DJI,Dow Jones,Índice,52019.921875,51947.25,72.671875,0.1399,up,2026-07-27T13:00:00-04:00
2026-07-27T12:06:10.681260-05:00,2026-07-27T17:06:10.681260+00:00,^VIX,VIX,Volatilidad,19.370001,18.58,0.790001,4.2519,up,2026-07-27T12:45:00-04:00
2026-07-27T12:06:10.681260-05:00,2026-07-27T17:06:10.681260+00:00,^TNX,US 10Y,Tasa,4.643,4.679,-0.036,-0.7694,down,2026-07-27T12:50:00-04:00
2026-07-27T12:06:10.681260-05:00,2026-07-27T17:06:10.681260+00:00,GC=F,Oro,Commodity,4083.199951,4067.600098,15.599854,0.3835,up,2026-07-27T12:45:00-04:00
2026-07-27T12:06:10.681260-05:00,2026-07-27T17:06:10.681260+00:00,CL=F,WTI,Commodity,83.010002,89.309998,-6.299995,-7.0541,down,2026-07-27T12:45:00-04:00
2026-07-27T12:06:10.681260-05:00,2026-07-27T17:06:10.681260+00:00,HG=F,Cobre,Commodity,6.38,6.32,0.06,0.9494,up,2026-07-27T12:45:00-04:00
2026-07-27T12:06:10.681260-05:00,2026-07-27T17:06:10.681260+00:00,BTC-USD,Bitcoin,Crypto,64749.941406,65340.300781,-590.359375,-0.9035,down,2026-07-27T13:00:00-04:00
2026-07-27T13:44:42.391111-05:00,2026-07-27T18:44:42.391111+00:00,USDPEN=X,USD/PEN,FX,3.4001,3.332279,0.067821,2.0353,up,2026-07-27T14:15:00-04:00
2026-07-27T13:44:42.391111-05:00,2026-07-27T18:44:42.391111+00:00,EURUSD=X,EUR/USD,FX,1.137398,1.137682,-0.000285,-0.025,down,2026-07-27T14:30:00-04:00
2026-07-27T13:44:42.391111-05:00,2026-07-27T18:44:42.391111+00:00,DX-Y.NYB,DXY,Dólar,101.514,101.43,0.084,0.0828,up,2026-07-27T14:30:00-04:00
2026-07-27T13:44:42.391111-05:00,2026-07-27T18:44:42.391111+00:00,^GSPC,S&P 500,Índice,7398.529785,7408.299805,-9.77002,-0.1319,down,2026-07-27T14:30:00-04:00
2026-07-27T13:44:42.391111-05:00,2026-07-27T18:44:42.391111+00:00,^IXIC,Nasdaq,Índice,24862.220703,25137.689453,-275.46875,-1.0958,down,2026-07-27T14:30:00-04:00
2026-07-27T13:44:42.391111-05:00,2026-07-27T18:44:42.391111+00:00,^DJI,Dow Jones,Índice,52079.71875,51711.648438,368.070312,0.7118,up,2026-07-27T14:30:00-04:00
2026-07-27T13:44:42.391111-05:00,2026-07-27T18:44:42.391111+00:00,^VIX,VIX,Volatilidad,19.290001,18.700001,0.59,3.1551,up,2026-07-27T14:15:00-04:00
2026-07-27T13:44:42.391111-05:00,2026-07-27T18:44:42.391111+00:00,^TNX,US 10Y,Tasa,4.645,4.703,-0.058,-1.2333,down,2026-07-27T14:20:00-04:00
2026-07-27T13:44:42.391111-05:00,2026-07-27T18:44:42.391111+00:00,GC=F,Oro,Commodity,4077.600098,4067.600098,10.0,0.2458,up,2026-07-27T14:30:00-04:00
2026-07-27T13:44:42.391111-05:00,2026-07-27T18:44:42.391111+00:00,CL=F,WTI,Commodity,82.860001,89.309998,-6.449997,-7.222,down,2026-07-27T14:30:00-04:00
2026-07-27T13:44:42.391111-05:00,2026-07-27T18:44:42.391111+00:00,HG=F,Cobre,Commodity,6.387,6.32,0.067,1.0601,up,2026-07-27T14:30:00-04:00
2026-07-27T13:44:42.391111-05:00,2026-07-27T18:44:42.391111+00:00,BTC-USD,Bitcoin,Crypto,64764.328125,65340.300781,-575.972656,-0.8815,down,2026-07-27T14:30:00-04:00
2026-07-27T15:41:21.308799-05:00,2026-07-27T20:41:21.308799+00:00,USDPEN=X,USD/PEN,FX,3.3971,3.332279,0.064821,1.9452,up,2026-07-27T16:00:00-04:00
2026-07-27T15:41:21.308799-05:00,2026-07-27T20:41:21.308799+00:00,EURUSD=X,EUR/USD,FX,1.137139,1.137682,-0.000543,-0.0478,down,2026-07-27T16:30:00-04:00
2026-07-27T15:41:21.308799-05:00,2026-07-27T20:41:21.308799+00:00,DX-Y.NYB,DXY,Dólar,101.514999,101.43,0.084999,0.0838,up,2026-07-27T16:30:00-04:00
2026-07-27T15:41:21.308799-05:00,2026-07-27T20:41:21.308799+00:00,^GSPC,S&P 500,Índice,7413.430176,7408.299805,5.130371,0.0693,up,2026-07-27T15:45:00-04:00
2026-07-27T15:41:21.308799-05:00,2026-07-27T20:41:21.308799+00:00,^IXIC,Nasdaq,Índice,24926.109375,25137.689453,-211.580078,-0.8417,down,2026-07-27T15:45:00-04:00
2026-07-27T15:41:21.308799-05:00,2026-07-27T20:41:21.308799+00:00,^DJI,Dow Jones,Índice,52202.828125,51711.648438,491.179688,0.9498,up,2026-07-27T15:45:00-04:00
2026-07-27T15:41:21.308799-05:00,2026-07-27T20:41:21.308799+00:00,^VIX,VIX,Volatilidad,18.67,18.700001,-0.030001,-0.1604,down,2026-07-27T16:00:00-04:00
2026-07-27T15:41:21.308799-05:00,2026-07-27T20:41:21.308799+00:00,^TNX,US 10Y,Tasa,4.641,4.703,-0.062,-1.3183,down,2026-07-27T14:50:00-04:00
2026-07-27T15:41:21.308799-05:00,2026-07-27T20:41:21.308799+00:00,GC=F,Oro,Commodity,4081.100098,4067.600098,13.5,0.3319,up,2026-07-27T16:30:00-04:00
2026-07-27T15:41:21.308799-05:00,2026-07-27T20:41:21.308799+00:00,CL=F,WTI,Commodity,81.870003,89.309998,-7.439995,-8.3305,down,2026-07-27T16:30:00-04:00
2026-07-27T15:41:21.308799-05:00,2026-07-27T20:41:21.308799+00:00,HG=F,Cobre,Commodity,6.4,6.32,0.08,1.2658,up,2026-07-27T16:30:00-04:00
2026-07-27T15:41:21.308799-05:00,2026-07-27T20:41:21.308799+00:00,BTC-USD,Bitcoin,Crypto,64893.328125,65340.300781,-446.972656,-0.6841,down,2026-07-27T16:30:00-04:00
2026-07-27T17:16:29.852583-05:00,2026-07-27T22:16:29.852583+00:00,USDPEN=X,USD/PEN,FX,3.3971,3.332279,0.064821,1.9452,up,2026-07-27T16:00:00-04:00
2026-07-27T17:16:29.852583-05:00,2026-07-27T22:16:29.852583+00:00,EURUSD=X,EUR/USD,FX,1.137398,1.137682,-0.000285,-0.025,down,2026-07-27T18:15:00-04:00
2026-07-27T17:16:29.852583-05:00,2026-07-27T22:16:29.852583+00:00,DX-Y.NYB,DXY,Dólar,101.514,101.470001,0.043999,0.0434,up,2026-07-27T18:00:00-04:00
2026-07-27T17:16:29.852583-05:00,2026-07-27T22:16:29.852583+00:00,^GSPC,S&P 500,Índice,7413.430176,7411.97998,1.450195,0.0196,up,2026-07-27T15:45:00-04:00
2026-07-27T17:16:29.852583-05:00,2026-07-27T22:16:29.852583+00:00,^IXIC,Nasdaq,Índice,24926.109375,24975.820312,-49.710938,-0.199,down,2026-07-27T15:45:00-04:00
2026-07-27T17:16:29.852583-05:00,2026-07-27T22:16:29.852583+00:00,^DJI,Dow Jones,Índice,52202.828125,51947.25,255.578125,0.492,up,2026-07-27T15:45:00-04:00
2026-07-27T17:16:29.852583-05:00,2026-07-27T22:16:29.852583+00:00,^VIX,VIX,Volatilidad,18.67,18.58,0.09,0.4844,up,2026-07-27T16:00:00-04:00
2026-07-27T17:16:29.852583-05:00,2026-07-27T22:16:29.852583+00:00,^TNX,US 10Y,Tasa,4.641,4.679,-0.038,-0.8121,down,2026-07-27T14:50:00-04:00
2026-07-27T17:16:29.852583-05:00,2026-07-27T22:16:29.852583+00:00,GC=F,Oro,Commodity,4081.800049,4067.600098,14.199951,0.3491,up,2026-07-27T18:00:00-04:00
2026-07-27T17:16:29.852583-05:00,2026-07-27T22:16:29.852583+00:00,CL=F,WTI,Commodity,81.989998,89.309998,-7.32,-8.1962,down,2026-07-27T18:00:00-04:00
2026-07-27T17:16:29.852583-05:00,2026-07-27T22:16:29.852583+00:00,HG=F,Cobre,Commodity,6.392,6.32,0.072,1.1392,up,2026-07-27T18:00:00-04:00
2026-07-27T17:16:29.852583-05:00,2026-07-27T22:16:29.852583+00:00,BTC-USD,Bitcoin,Crypto,64666.488281,65340.300781,-673.8125,-1.0312,down,2026-07-27T18:15:00-04:00
2026-07-27T18:20:01.368127-05:00,2026-07-27T23:20:01.368127+00:00,USDPEN=X,USD/PEN,FX,3.4015,3.33389,0.06761,2.028,up,2026-07-27T19:15:00-04:00
2026-07-27T18:20:01.368127-05:00,2026-07-27T23:20:01.368127+00:00,EURUSD=X,EUR/USD,FX,1.137398,1.139497,-0.0021,-0.1843,down,2026-07-27T19:15:00-04:00
2026-07-27T18:20:01.368127-05:00,2026-07-27T23:20:01.368127+00:00,DX-Y.NYB,DXY,Dólar,101.514,101.470001,0.043999,0.0434,up,2026-07-27T18:00:00-04:00
2026-07-27T18:20:01.368127-05:00,2026-07-27T23:20:01.368127+00:00,^GSPC,S&P 500,Índice,7413.430176,7411.97998,1.450195,0.0196,up,2026-07-27T15:45:00-04:00
2026-07-27T18:20:01.368127-05:00,2026-07-27T23:20:01.368127+00:00,^IXIC,Nasdaq,Índice,24926.109375,24975.820312,-49.710938,-0.199,down,2026-07-27T15:45:00-04:00
2026-07-27T18:20:01.368127-05:00,2026-07-27T23:20:01.368127+00:00,^DJI,Dow Jones,Índice,52202.828125,51947.25,255.578125,0.492,up,2026-07-27T15:45:00-04:00
2026-07-27T18:20:01.368127-05:00,2026-07-27T23:20:01.368127+00:00,^VIX,VIX,Volatilidad,18.67,18.58,0.09,0.4844,up,2026-07-27T16:00:00-04:00
2026-07-27T18:20:01.368127-05:00,2026-07-27T23:20:01.368127+00:00,^TNX,US 10Y,Tasa,4.641,4.679,-0.038,-0.8121,down,2026-07-27T14:50:00-04:00
2026-07-27T18:20:01.368127-05:00,2026-07-27T23:20:01.368127+00:00,GC=F,Oro,Commodity,4075.0,4067.600098,7.399902,0.1819,up,2026-07-27T19:00:00-04:00
2026-07-27T18:20:01.368127-05:00,2026-07-27T23:20:01.368127+00:00,CL=F,WTI,Commodity,82.099998,89.309998,-7.209999,-8.073,down,2026-07-27T19:00:00-04:00
2026-07-27T18:20:01.368127-05:00,2026-07-27T23:20:01.368127+00:00,HG=F,Cobre,Commodity,6.393,6.32,0.073,1.1551,up,2026-07-27T19:00:00-04:00
2026-07-27T18:20:01.368127-05:00,2026-07-27T23:20:01.368127+00:00,BTC-USD,Bitcoin,Crypto,63853.71875,65340.300781,-1486.582031,-2.2751,down,2026-07-27T19:15:00-04:00
2026-07-28T09:33:55.088743-05:00,2026-07-28T14:33:55.088743+00:00,USDPEN=X,USD/PEN,FX,3.4006,3.33389,0.06671,2.001,up,2026-07-28T10:30:00-04:00
2026-07-28T09:33:55.088743-05:00,2026-07-28T14:33:55.088743+00:00,EURUSD=X,EUR/USD,FX,1.138174,1.139497,-0.001323,-0.1161,down,2026-07-28T10:30:00-04:00
2026-07-28T09:33:55.088743-05:00,2026-07-28T14:33:55.088743+00:00,DX-Y.NYB,DXY,Dólar,101.492996,101.510002,-0.017006,-0.0168,down,2026-07-28T10:15:00-04:00
2026-07-28T09:33:55.088743-05:00,2026-07-28T14:33:55.088743+00:00,^GSPC,S&P 500,Índice,7399.819824,7413.180176,-13.360352,-0.1802,down,2026-07-28T10:30:00-04:00
2026-07-28T09:33:55.088743-05:00,2026-07-28T14:33:55.088743+00:00,^IXIC,Nasdaq,Índice,24655.271484,24932.080078,-276.808594,-1.1103,down,2026-07-28T10:30:00-04:00
2026-07-28T09:33:55.088743-05:00,2026-07-28T14:33:55.088743+00:00,^DJI,Dow Jones,Índice,52597.21875,52210.078125,387.140625,0.7415,up,2026-07-28T10:30:00-04:00
2026-07-28T09:33:55.088743-05:00,2026-07-28T14:33:55.088743+00:00,^VIX,VIX,Volatilidad,18.99,18.67,0.32,1.714,up,2026-07-28T10:15:00-04:00
2026-07-28T09:33:55.088743-05:00,2026-07-28T14:33:55.088743+00:00,^TNX,US 10Y,Tasa,4.614,4.641,-0.027,-0.5818,down,2026-07-28T10:05:00-04:00
2026-07-28T09:33:55.088743-05:00,2026-07-28T14:33:55.088743+00:00,GC=F,Oro,Commodity,4015.300049,4074.5,-59.199951,-1.4529,down,2026-07-28T10:15:00-04:00
2026-07-28T09:33:55.088743-05:00,2026-07-28T14:33:55.088743+00:00,CL=F,WTI,Commodity,81.339996,82.610001,-1.270004,-1.5373,down,2026-07-28T10:15:00-04:00
2026-07-28T09:33:55.088743-05:00,2026-07-28T14:33:55.088743+00:00,HG=F,Cobre,Commodity,6.3135,6.339,-0.0255,-0.4023,down,2026-07-28T10:15:00-04:00
2026-07-28T09:33:55.088743-05:00,2026-07-28T14:33:55.088743+00:00,BTC-USD,Bitcoin,Crypto,63095.949219,63724.898438,-628.949219,-0.987,down,2026-07-28T10:30:00-04:00
2026-07-28T11:49:04.454564-05:00,2026-07-28T16:49:04.454564+00:00,USDPEN=X,USD/PEN,FX,3.4014,3.33389,0.06751,2.025,up,2026-07-28T12:45:00-04:00
2026-07-28T11:49:04.454564-05:00,2026-07-28T16:49:04.454564+00:00,EURUSD=X,EUR/USD,FX,1.140121,1.139497,0.000624,0.0547,up,2026-07-28T12:45:00-04:00
2026-07-28T11:49:04.454564-05:00,2026-07-28T16:49:04.454564+00:00,DX-Y.NYB,DXY,Dólar,101.272003,101.470001,-0.197998,-0.1951,down,2026-07-28T12:30:00-04:00
2026-07-28T11:49:04.454564-05:00,2026-07-28T16:49:04.454564+00:00,^GSPC,S&P 500,Índice,7439.52002,7413.180176,26.339844,0.3553,up,2026-07-28T12:45:00-04:00
2026-07-28T11:49:04.454564-05:00,2026-07-28T16:49:04.454564+00:00,^IXIC,Nasdaq,Índice,24930.240234,24932.080078,-1.839844,-0.0074,down,2026-07-28T12:45:00-04:00
2026-07-28T11:49:04.454564-05:00,2026-07-28T16:49:04.454564+00:00,^DJI,Dow Jones,Índice,52830.679688,52210.078125,620.601562,1.1887,up,2026-07-28T12:45:00-04:00
2026-07-28T11:49:04.454564-05:00,2026-07-28T16:49:04.454564+00:00,^VIX,VIX,Volatilidad,18.190001,18.67,-0.48,-2.571,down,2026-07-28T12:30:00-04:00
2026-07-28T11:49:04.454564-05:00,2026-07-28T16:49:04.454564+00:00,^TNX,US 10Y,Tasa,4.59,4.641,-0.051,-1.0989,down,2026-07-28T12:20:00-04:00
2026-07-28T11:49:04.454564-05:00,2026-07-28T16:49:04.454564+00:00,GC=F,Oro,Commodity,4043.0,4074.5,-31.5,-0.7731,down,2026-07-28T12:30:00-04:00
2026-07-28T11:49:04.454564-05:00,2026-07-28T16:49:04.454564+00:00,CL=F,WTI,Commodity,77.889999,82.610001,-4.720001,-5.7136,down,2026-07-28T12:30:00-04:00
2026-07-28T11:49:04.454564-05:00,2026-07-28T16:49:04.454564+00:00,HG=F,Cobre,Commodity,6.371,6.339,0.032,0.5048,up,2026-07-28T12:30:00-04:00
2026-07-28T11:49:04.454564-05:00,2026-07-28T16:49:04.454564+00:00,BTC-USD,Bitcoin,Crypto,63819.261719,63724.898438,94.363281,0.1481,up,2026-07-28T12:45:00-04:00
2026-07-28T13:43:00.927460-05:00,2026-07-28T18:43:00.927460+00:00,USDPEN=X,USD/PEN,FX,3.4016,3.33389,0.06771,2.031,up,2026-07-28T14:30:00-04:00
2026-07-28T13:43:00.927460-05:00,2026-07-28T18:43:00.927460+00:00,EURUSD=X,EUR/USD,FX,1.139212,1.139497,-0.000286,-0.0251,down,2026-07-28T14:30:00-04:00
2026-07-28T13:43:00.927460-05:00,2026-07-28T18:43:00.927460+00:00,DX-Y.NYB,DXY,Dólar,101.404999,101.510002,-0.105003,-0.1034,down,2026-07-28T14:30:00-04:00
2026-07-28T13:43:00.927460-05:00,2026-07-28T18:43:00.927460+00:00,^GSPC,S&P 500,Índice,7429.22998,7413.180176,16.049805,0.2165,up,2026-07-28T14:30:00-04:00
2026-07-28T13:43:00.927460-05:00,2026-07-28T18:43:00.927460+00:00,^IXIC,Nasdaq,Índice,24875.318359,24932.080078,-56.761719,-0.2277,down,2026-07-28T14:30:00-04:00
2026-07-28T13:43:00.927460-05:00,2026-07-28T18:43:00.927460+00:00,^DJI,Dow Jones,Índice,52773.578125,52210.078125,563.5,1.0793,up,2026-07-28T14:30:00-04:00
2026-07-28T13:43:00.927460-05:00,2026-07-28T18:43:00.927460+00:00,^VIX,VIX,Volatilidad,18.440001,18.67,-0.23,-1.2319,down,2026-07-28T14:15:00-04:00
2026-07-28T13:43:00.927460-05:00,2026-07-28T18:43:00.927460+00:00,^TNX,US 10Y,Tasa,4.602,4.641,-0.039,-0.8403,down,2026-07-28T14:20:00-04:00
2026-07-28T13:43:00.927460-05:00,2026-07-28T18:43:00.927460+00:00,GC=F,Oro,Commodity,4025.0,4074.5,-49.5,-1.2149,down,2026-07-28T14:30:00-04:00
2026-07-28T13:43:00.927460-05:00,2026-07-28T18:43:00.927460+00:00,CL=F,WTI,Commodity,79.440002,82.610001,-3.169998,-3.8373,down,2026-07-28T14:30:00-04:00
2026-07-28T13:43:00.927460-05:00,2026-07-28T18:43:00.927460+00:00,HG=F,Cobre,Commodity,6.333,6.339,-0.006,-0.0947,down,2026-07-28T14:30:00-04:00
2026-07-28T13:43:00.927460-05:00,2026-07-28T18:43:00.927460+00:00,BTC-USD,Bitcoin,Crypto,63680.53125,63724.898438,-44.367188,-0.0696,down,2026-07-28T14:30:00-04:00
2026-07-28T15:33:15.139373-05:00,2026-07-28T20:33:15.139373+00:00,USDPEN=X,USD/PEN,FX,3.4018,3.33389,0.06791,2.037,up,2026-07-28T16:30:00-04:00
2026-07-28T15:33:15.139373-05:00,2026-07-28T20:33:15.139373+00:00,EURUSD=X,EUR/USD,FX,1.138822,1.139497,-0.000675,-0.0592,down,2026-07-28T16:30:00-04:00
2026-07-28T15:33:15.139373-05:00,2026-07-28T20:33:15.139373+00:00,DX-Y.NYB,DXY,Dólar,101.417999,101.470001,-0.052002,-0.0512,down,2026-07-28T16:15:00-04:00
2026-07-28T15:33:15.139373-05:00,2026-07-28T20:33:15.139373+00:00,^GSPC,S&P 500,Índice,7427.259766,7413.180176,14.07959,0.1899,up,2026-07-28T15:45:00-04:00
2026-07-28T15:33:15.139373-05:00,2026-07-28T20:33:15.139373+00:00,^IXIC,Nasdaq,Índice,24874.451172,24932.080078,-57.628906,-0.2311,down,2026-07-28T15:45:00-04:00
2026-07-28T15:33:15.139373-05:00,2026-07-28T20:33:15.139373+00:00,^DJI,Dow Jones,Índice,52731.601562,52210.078125,521.523438,0.9989,up,2026-07-28T15:45:00-04:00
2026-07-28T15:33:15.139373-05:00,2026-07-28T20:33:15.139373+00:00,^VIX,VIX,Volatilidad,18.200001,18.67,-0.469999,-2.5174,down,2026-07-28T16:00:00-04:00
2026-07-28T15:33:15.139373-05:00,2026-07-28T20:33:15.139373+00:00,^TNX,US 10Y,Tasa,4.604,4.641,-0.037,-0.7972,down,2026-07-28T14:50:00-04:00
2026-07-28T15:33:15.139373-05:00,2026-07-28T20:33:15.139373+00:00,GC=F,Oro,Commodity,4025.899902,4074.5,-48.600098,-1.1928,down,2026-07-28T16:15:00-04:00
2026-07-28T15:33:15.139373-05:00,2026-07-28T20:33:15.139373+00:00,CL=F,WTI,Commodity,79.139999,82.610001,-3.470001,-4.2005,down,2026-07-28T16:15:00-04:00
2026-07-28T15:33:15.139373-05:00,2026-07-28T20:33:15.139373+00:00,HG=F,Cobre,Commodity,6.3375,6.339,-0.0015,-0.0237,down,2026-07-28T16:15:00-04:00
2026-07-28T15:33:15.139373-05:00,2026-07-28T20:33:15.139373+00:00,BTC-USD,Bitcoin,Crypto,63835.359375,63724.898438,110.460938,0.1733,up,2026-07-28T16:30:00-04:00
2026-07-28T17:15:18.496758-05:00,2026-07-28T22:15:18.496758+00:00,USDPEN=X,USD/PEN,FX,3.4018,3.33389,0.06791,2.037,up,2026-07-28T17:15:00-04:00
2026-07-28T17:15:18.496758-05:00,2026-07-28T22:15:18.496758+00:00,EURUSD=X,EUR/USD,FX,1.139212,1.139497,-0.000286,-0.0251,down,2026-07-28T18:00:00-04:00
2026-07-28T17:15:18.496758-05:00,2026-07-28T22:15:18.496758+00:00,DX-Y.NYB,DXY,Dólar,101.392998,101.470001,-0.077003,-0.0759,down,2026-07-28T18:00:00-04:00
2026-07-28T17:15:18.496758-05:00,2026-07-28T22:15:18.496758+00:00,^GSPC,S&P 500,Índice,7427.259766,7413.180176,14.07959,0.1899,up,2026-07-28T15:45:00-04:00
2026-07-28T17:15:18.496758-05:00,2026-07-28T22:15:18.496758+00:00,^IXIC,Nasdaq,Índice,24874.451172,24932.080078,-57.628906,-0.2311,down,2026-07-28T15:45:00-04:00
2026-07-28T17:15:18.496758-05:00,2026-07-28T22:15:18.496758+00:00,^DJI,Dow Jones,Índice,52731.601562,52210.078125,521.523438,0.9989,up,2026-07-28T15:45:00-04:00
2026-07-28T17:15:18.496758-05:00,2026-07-28T22:15:18.496758+00:00,^VIX,VIX,Volatilidad,18.200001,18.67,-0.469999,-2.5174,down,2026-07-28T16:00:00-04:00
2026-07-28T17:15:18.496758-05:00,2026-07-28T22:15:18.496758+00:00,^TNX,US 10Y,Tasa,4.604,4.641,-0.037,-0.7972,down,2026-07-28T14:50:00-04:00
2026-07-28T17:15:18.496758-05:00,2026-07-28T22:15:18.496758+00:00,GC=F,Oro,Commodity,4025.800049,4074.5,-48.699951,-1.1952,down,2026-07-28T18:00:00-04:00
2026-07-28T17:15:18.496758-05:00,2026-07-28T22:15:18.496758+00:00,CL=F,WTI,Commodity,80.82,82.610001,-1.790001,-2.1668,down,2026-07-28T18:00:00-04:00
2026-07-28T17:15:18.496758-05:00,2026-07-28T22:15:18.496758+00:00,HG=F,Cobre,Commodity,6.3375,6.339,-0.0015,-0.0237,down,2026-07-28T18:00:00-04:00
2026-07-28T17:15:18.496758-05:00,2026-07-28T22:15:18.496758+00:00,BTC-USD,Bitcoin,Crypto,63944.910156,63724.898438,220.011719,0.3453,up,2026-07-28T18:15:00-04:00
2026-07-28T18:15:13.410590-05:00,2026-07-28T23:15:13.410590+00:00,USDPEN=X,USD/PEN,FX,3.4018,3.4,0.0018,0.0529,up,2026-07-28T19:00:00-04:00
2026-07-28T18:15:13.410590-05:00,2026-07-28T23:15:13.410590+00:00,EURUSD=X,EUR/USD,FX,1.138693,1.136945,0.001748,0.1537,up,2026-07-28T19:00:00-04:00
2026-07-28T18:15:13.410590-05:00,2026-07-28T23:15:13.410590+00:00,DX-Y.NYB,DXY,Dólar,101.392998,101.510002,-0.117004,-0.1153,down,2026-07-28T18:00:00-04:00
2026-07-28T18:15:13.410590-05:00,2026-07-28T23:15:13.410590+00:00,^GSPC,S&P 500,Índice,7427.259766,7413.180176,14.07959,0.1899,up,2026-07-28T15:45:00-04:00
2026-07-28T18:15:13.410590-05:00,2026-07-28T23:15:13.410590+00:00,^IXIC,Nasdaq,Índice,24874.451172,24932.080078,-57.628906,-0.2311,down,2026-07-28T15:45:00-04:00
2026-07-28T18:15:13.410590-05:00,2026-07-28T23:15:13.410590+00:00,^DJI,Dow Jones,Índice,52731.601562,52210.078125,521.523438,0.9989,up,2026-07-28T15:45:00-04:00
2026-07-28T18:15:13.410590-05:00,2026-07-28T23:15:13.410590+00:00,^VIX,VIX,Volatilidad,18.200001,18.67,-0.469999,-2.5174,down,2026-07-28T16:00:00-04:00
2026-07-28T18:15:13.410590-05:00,2026-07-28T23:15:13.410590+00:00,^TNX,US 10Y,Tasa,4.604,4.641,-0.037,-0.7972,down,2026-07-28T14:50:00-04:00
2026-07-28T18:15:13.410590-05:00,2026-07-28T23:15:13.410590+00:00,GC=F,Oro,Commodity,4016.899902,4074.5,-57.600098,-1.4137,down,2026-07-28T19:00:00-04:00
2026-07-28T18:15:13.410590-05:00,2026-07-28T23:15:13.410590+00:00,CL=F,WTI,Commodity,83.040001,82.610001,0.43,0.5205,up,2026-07-28T19:00:00-04:00
2026-07-28T18:15:13.410590-05:00,2026-07-28T23:15:13.410590+00:00,HG=F,Cobre,Commodity,6.333,6.339,-0.006,-0.0947,down,2026-07-28T19:00:00-04:00
2026-07-28T18:15:13.410590-05:00,2026-07-28T23:15:13.410590+00:00,BTC-USD,Bitcoin,Crypto,63545.949219,63724.898438,-178.949219,-0.2808,down,2026-07-28T19:15:00-04:00
2026-07-28T19:08:57.316030-05:00,2026-07-29T00:08:57.316030+00:00,USDPEN=X,USD/PEN,FX,3.4016,3.4,0.0016,0.0471,up,2026-07-28T19:30:00-04:00
2026-07-28T19:08:57.316030-05:00,2026-07-29T00:08:57.316030+00:00,EURUSD=X,EUR/USD,FX,1.138822,1.136945,0.001877,0.1651,up,2026-07-28T20:00:00-04:00
2026-07-28T19:08:57.316030-05:00,2026-07-29T00:08:57.316030+00:00,DX-Y.NYB,DXY,Dólar,101.428001,101.470001,-0.042,-0.0414,down,2026-07-28T19:45:00-04:00
2026-07-28T19:08:57.316030-05:00,2026-07-29T00:08:57.316030+00:00,^GSPC,S&P 500,Índice,7427.259766,7413.180176,14.07959,0.1899,up,2026-07-28T15:45:00-04:00
2026-07-28T19:08:57.316030-05:00,2026-07-29T00:08:57.316030+00:00,^IXIC,Nasdaq,Índice,24874.451172,24932.080078,-57.628906,-0.2311,down,2026-07-28T15:45:00-04:00
2026-07-28T19:08:57.316030-05:00,2026-07-29T00:08:57.316030+00:00,^DJI,Dow Jones,Índice,52731.601562,52210.078125,521.523438,0.9989,up,2026-07-28T15:45:00-04:00
2026-07-28T19:08:57.316030-05:00,2026-07-29T00:08:57.316030+00:00,^VIX,VIX,Volatilidad,18.200001,18.67,-0.469999,-2.5174,down,2026-07-28T16:00:00-04:00
2026-07-28T19:08:57.316030-05:00,2026-07-29T00:08:57.316030+00:00,^TNX,US 10Y,Tasa,4.604,4.641,-0.037,-0.7972,down,2026-07-28T14:50:00-04:00
2026-07-28T19:08:57.316030-05:00,2026-07-29T00:08:57.316030+00:00,GC=F,Oro,Commodity,4025.399902,4074.5,-49.100098,-1.2051,down,2026-07-28T19:45:00-04:00
2026-07-28T19:08:57.316030-05:00,2026-07-29T00:08:57.316030+00:00,CL=F,WTI,Commodity,81.940002,82.610001,-0.669998,-0.811,down,2026-07-28T19:45:00-04:00
2026-07-28T19:08:57.316030-05:00,2026-07-29T00:08:57.316030+00:00,HG=F,Cobre,Commodity,6.343,6.339,0.004,0.0631,up,2026-07-28T19:45:00-04:00
2026-07-28T19:08:57.316030-05:00,2026-07-29T00:08:57.316030+00:00,BTC-USD,Bitcoin,Crypto,63992.03125,63724.898438,267.132812,0.4192,up,2026-07-28T20:00:00-04:00
2026-07-29T09:29:13.683099-05:00,2026-07-29T14:29:13.683099+00:00,USDPEN=X,USD/PEN,FX,3.3919,3.4,-0.0081,-0.2382,down,2026-07-29T10:15:00-04:00
2026-07-29T09:29:13.683099-05:00,2026-07-29T14:29:13.683099+00:00,EURUSD=X,EUR/USD,FX,1.139601,1.136945,0.002656,0.2336,up,2026-07-29T10:15:00-04:00
2026-07-29T09:29:13.683099-05:00,2026-07-29T14:29:13.683099+00:00,DX-Y.NYB,DXY,Dólar,101.380997,101.379997,0.000999,0.001,up,2026-07-29T10:15:00-04:00
2026-07-29T09:29:13.683099-05:00,2026-07-29T14:29:13.683099+00:00,^GSPC,S&P 500,Índice,7374.77002,7428.779785,-54.009766,-0.727,down,2026-07-29T10:15:00-04:00
2026-07-29T09:29:13.683099-05:00,2026-07-29T14:29:13.683099+00:00,^IXIC,Nasdaq,Índice,24615.173828,24876.910156,-261.736328,-1.0521,down,2026-07-29T10:15:00-04:00
2026-07-29T09:29:13.683099-05:00,2026-07-29T14:29:13.683099+00:00,^DJI,Dow Jones,Índice,51998.691406,52747.320312,-748.628906,-1.4193,down,2026-07-29T10:15:00-04:00
2026-07-29T09:29:13.683099-05:00,2026-07-29T14:29:13.683099+00:00,^VIX,VIX,Volatilidad,19.790001,18.209999,1.580002,8.6766,up,2026-07-29T10:00:00-04:00
2026-07-29T09:29:13.683099-05:00,2026-07-29T14:29:13.683099+00:00,^TNX,US 10Y,Tasa,4.629,4.604,0.025,0.543,up,2026-07-29T10:05:00-04:00
2026-07-29T09:29:13.683099-05:00,2026-07-29T14:29:13.683099+00:00,GC=F,Oro,Commodity,4066.0,4036.300049,29.699951,0.7358,up,2026-07-29T10:15:00-04:00
2026-07-29T09:29:13.683099-05:00,2026-07-29T14:29:13.683099+00:00,CL=F,WTI,Commodity,84.459999,79.260002,5.199997,6.5607,up,2026-07-29T10:15:00-04:00
2026-07-29T09:29:13.683099-05:00,2026-07-29T14:29:13.683099+00:00,HG=F,Cobre,Commodity,6.312,6.322,-0.01,-0.1582,down,2026-07-29T10:15:00-04:00
2026-07-29T09:29:13.683099-05:00,2026-07-29T14:29:13.683099+00:00,BTC-USD,Bitcoin,Crypto,64146.160156,63871.363281,274.796875,0.4302,up,2026-07-29T10:15:00-04:00
2026-07-29T11:38:28.801579-05:00,2026-07-29T16:38:28.801579+00:00,USDPEN=X,USD/PEN,FX,3.397,3.4,-0.003,-0.0882,down,2026-07-29T12:30:00-04:00
2026-07-29T11:38:28.801579-05:00,2026-07-29T16:38:28.801579+00:00,EURUSD=X,EUR/USD,FX,1.138433,1.136945,0.001488,0.1309,up,2026-07-29T12:30:00-04:00
2026-07-29T11:38:28.801579-05:00,2026-07-29T16:38:28.801579+00:00,DX-Y.NYB,DXY,Dólar,101.457001,101.510002,-0.053001,-0.0522,down,2026-07-29T12:15:00-04:00
2026-07-29T11:38:28.801579-05:00,2026-07-29T16:38:28.801579+00:00,^GSPC,S&P 500,Índice,7355.77002,7413.180176,-57.410156,-0.7744,down,2026-07-29T12:30:00-04:00
2026-07-29T11:38:28.801579-05:00,2026-07-29T16:38:28.801579+00:00,^IXIC,Nasdaq,Índice,24584.623047,24932.080078,-347.457031,-1.3936,down,2026-07-29T12:30:00-04:00
2026-07-29T11:38:28.801579-05:00,2026-07-29T16:38:28.801579+00:00,^DJI,Dow Jones,Índice,51862.800781,52210.078125,-347.277344,-0.6652,down,2026-07-29T12:30:00-04:00
2026-07-29T11:38:28.801579-05:00,2026-07-29T16:38:28.801579+00:00,^VIX,VIX,Volatilidad,19.959999,18.67,1.289999,6.9095,up,2026-07-29T12:15:00-04:00
2026-07-29T11:38:28.801579-05:00,2026-07-29T16:38:28.801579+00:00,^TNX,US 10Y,Tasa,4.649,4.641,0.008,0.1724,up,2026-07-29T12:20:00-04:00
2026-07-29T11:38:28.801579-05:00,2026-07-29T16:38:28.801579+00:00,GC=F,Oro,Commodity,4074.699951,4036.300049,38.399902,0.9514,up,2026-07-29T12:15:00-04:00
2026-07-29T11:38:28.801579-05:00,2026-07-29T16:38:28.801579+00:00,CL=F,WTI,Commodity,84.309998,79.260002,5.049995,6.3714,up,2026-07-29T12:15:00-04:00
2026-07-29T11:38:28.801579-05:00,2026-07-29T16:38:28.801579+00:00,HG=F,Cobre,Commodity,6.305,6.322,-0.017,-0.2689,down,2026-07-29T12:15:00-04:00
2026-07-29T11:38:28.801579-05:00,2026-07-29T16:38:28.801579+00:00,BTC-USD,Bitcoin,Crypto,63757.800781,63871.363281,-113.5625,-0.1778,down,2026-07-29T12:30:00-04:00
2026-07-29T13:14:37.064032-05:00,2026-07-29T18:14:37.064032+00:00,USDPEN=X,USD/PEN,FX,3.4007,3.4,0.0007,0.0206,up,2026-07-29T14:00:00-04:00
2026-07-29T13:14:37.064032-05:00,2026-07-29T18:14:37.064032+00:00,EURUSD=X,EUR/USD,FX,1.142857,1.136945,0.005912,0.52,up,2026-07-29T14:00:00-04:00
2026-07-29T13:14:37.064032-05:00,2026-07-29T18:14:37.064032+00:00,DX-Y.NYB,DXY,Dólar,101.148003,101.510002,-0.362,-0.3566,down,2026-07-29T14:00:00-04:00
2026-07-29T13:14:37.064032-05:00,2026-07-29T18:14:37.064032+00:00,^GSPC,S&P 500,Índice,7395.509766,7413.180176,-17.67041,-0.2384,down,2026-07-29T14:00:00-04:00
2026-07-29T13:14:37.064032-05:00,2026-07-29T18:14:37.064032+00:00,^IXIC,Nasdaq,Índice,24817.806641,24932.080078,-114.273438,-0.4583,down,2026-07-29T14:00:00-04:00
2026-07-29T13:14:37.064032-05:00,2026-07-29T18:14:37.064032+00:00,^DJI,Dow Jones,Índice,51962.039062,52210.078125,-248.039062,-0.4751,down,2026-07-29T14:00:00-04:00
2026-07-29T13:14:37.064032-05:00,2026-07-29T18:14:37.064032+00:00,^VIX,VIX,Volatilidad,19.389999,18.67,0.719999,3.8565,up,2026-07-29T13:45:00-04:00
2026-07-29T13:14:37.064032-05:00,2026-07-29T18:14:37.064032+00:00,^TNX,US 10Y,Tasa,4.637,4.641,-0.004,-0.0862,down,2026-07-29T13:50:00-04:00
2026-07-29T13:14:37.064032-05:00,2026-07-29T18:14:37.064032+00:00,GC=F,Oro,Commodity,4128.299805,4036.300049,91.999756,2.2793,up,2026-07-29T14:00:00-04:00
2026-07-29T13:14:37.064032-05:00,2026-07-29T18:14:37.064032+00:00,CL=F,WTI,Commodity,84.720001,79.260002,5.459999,6.8887,up,2026-07-29T14:00:00-04:00
2026-07-29T13:14:37.064032-05:00,2026-07-29T18:14:37.064032+00:00,HG=F,Cobre,Commodity,6.397,6.322,0.075,1.1863,up,2026-07-29T14:00:00-04:00
2026-07-29T13:14:37.064032-05:00,2026-07-29T18:14:37.064032+00:00,BTC-USD,Bitcoin,Crypto,64258.949219,63871.363281,387.585938,0.6068,up,2026-07-29T14:00:00-04:00
2026-07-29T14:42:05.596225-05:00,2026-07-29T19:42:05.596225+00:00,USDPEN=X,USD/PEN,FX,3.4003,3.4,0.0003,0.0088,up,2026-07-29T15:30:00-04:00
2026-07-29T14:42:05.596225-05:00,2026-07-29T19:42:05.596225+00:00,EURUSD=X,EUR/USD,FX,1.145738,1.136945,0.008793,0.7734,up,2026-07-29T15:30:00-04:00
2026-07-29T14:42:05.596225-05:00,2026-07-29T19:42:05.596225+00:00,DX-Y.NYB,DXY,Dólar,100.904999,101.379997,-0.474998,-0.4685,down,2026-07-29T15:30:00-04:00
2026-07-29T14:42:05.596225-05:00,2026-07-29T19:42:05.596225+00:00,^GSPC,S&P 500,Índice,7340.890137,7428.779785,-87.889648,-1.1831,down,2026-07-29T15:30:00-04:00
2026-07-29T14:42:05.596225-05:00,2026-07-29T19:42:05.596225+00:00,^IXIC,Nasdaq,Índice,24582.09375,24876.910156,-294.816406,-1.1851,down,2026-07-29T15:30:00-04:00
2026-07-29T14:42:05.596225-05:00,2026-07-29T19:42:05.596225+00:00,^DJI,Dow Jones,Índice,51642.230469,52747.320312,-1105.089844,-2.0951,down,2026-07-29T15:30:00-04:00
2026-07-29T14:42:05.596225-05:00,2026-07-29T19:42:05.596225+00:00,^VIX,VIX,Volatilidad,19.27,18.209999,1.060001,5.821,up,2026-07-29T15:15:00-04:00
2026-07-29T14:42:05.596225-05:00,2026-07-29T19:42:05.596225+00:00,^TNX,US 10Y,Tasa,4.622,4.604,0.018,0.391,up,2026-07-29T14:50:00-04:00
2026-07-29T14:42:05.596225-05:00,2026-07-29T19:42:05.596225+00:00,GC=F,Oro,Commodity,4147.299805,4036.300049,110.999756,2.75,up,2026-07-29T15:30:00-04:00
2026-07-29T14:42:05.596225-05:00,2026-07-29T19:42:05.596225+00:00,CL=F,WTI,Commodity,84.870003,79.260002,5.610001,7.078,up,2026-07-29T15:30:00-04:00
2026-07-29T14:42:05.596225-05:00,2026-07-29T19:42:05.596225+00:00,HG=F,Cobre,Commodity,6.4,6.322,0.078,1.2338,up,2026-07-29T15:30:00-04:00
2026-07-29T14:42:05.596225-05:00,2026-07-29T19:42:05.596225+00:00,BTC-USD,Bitcoin,Crypto,63824.039062,63871.363281,-47.324219,-0.0741,down,2026-07-29T15:30:00-04:00
2026-07-29T16:10:56.645956-05:00,2026-07-29T21:10:56.645956+00:00,USDPEN=X,USD/PEN,FX,3.4002,3.4,0.0002,0.0059,up,2026-07-29T17:00:00-04:00
2026-07-29T16:10:56.645956-05:00,2026-07-29T21:10:56.645956+00:00,EURUSD=X,EUR/USD,FX,1.146657,1.136945,0.009712,0.8543,up,2026-07-29T17:00:00-04:00
2026-07-29T16:10:56.645956-05:00,2026-07-29T21:10:56.645956+00:00,DX-Y.NYB,DXY,Dólar,100.82,101.379997,-0.559998,-0.5524,down,2026-07-29T17:00:00-04:00
2026-07-29T16:10:56.645956-05:00,2026-07-29T21:10:56.645956+00:00,^GSPC,S&P 500,Índice,7320.22998,7428.779785,-108.549805,-1.4612,down,2026-07-29T15:45:00-04:00
2026-07-29T16:10:56.645956-05:00,2026-07-29T21:10:56.645956+00:00,^IXIC,Nasdaq,Índice,24465.515625,24876.910156,-411.394531,-1.6537,down,2026-07-29T15:45:00-04:00
2026-07-29T16:10:56.645956-05:00,2026-07-29T21:10:56.645956+00:00,^DJI,Dow Jones,Índice,51618.289062,52747.320312,-1129.03125,-2.1405,down,2026-07-29T15:45:00-04:00
2026-07-29T16:10:56.645956-05:00,2026-07-29T21:10:56.645956+00:00,^VIX,VIX,Volatilidad,20.629999,18.209999,2.42,13.2894,up,2026-07-29T16:00:00-04:00
2026-07-29T16:10:56.645956-05:00,2026-07-29T21:10:56.645956+00:00,^TNX,US 10Y,Tasa,4.622,4.604,0.018,0.391,up,2026-07-29T14:50:00-04:00
2026-07-29T16:10:56.645956-05:00,2026-07-29T21:10:56.645956+00:00,GC=F,Oro,Commodity,4126.0,4036.300049,89.699951,2.2223,up,2026-07-29T16:45:00-04:00
2026-07-29T16:10:56.645956-05:00,2026-07-29T21:10:56.645956+00:00,CL=F,WTI,Commodity,84.599998,79.260002,5.339996,6.7373,up,2026-07-29T16:45:00-04:00
2026-07-29T16:10:56.645956-05:00,2026-07-29T21:10:56.645956+00:00,HG=F,Cobre,Commodity,6.3465,6.322,0.0245,0.3875,up,2026-07-29T16:45:00-04:00
2026-07-29T16:10:56.645956-05:00,2026-07-29T21:10:56.645956+00:00,BTC-USD,Bitcoin,Crypto,63357.929688,63871.363281,-513.433594,-0.8039,down,2026-07-29T17:00:00-04:00
2026-07-29T17:10:40.410447-05:00,2026-07-29T22:10:40.410447+00:00,USDPEN=X,USD/PEN,FX,3.4004,3.4,0.0004,0.0118,up,2026-07-29T18:00:00-04:00
2026-07-29T17:10:40.410447-05:00,2026-07-29T22:10:40.410447+00:00,EURUSD=X,EUR/USD,FX,1.147184,1.136945,0.010239,0.9005,up,2026-07-29T18:00:00-04:00
2026-07-29T17:10:40.410447-05:00,2026-07-29T22:10:40.410447+00:00,DX-Y.NYB,DXY,Dólar,100.823997,101.379997,-0.556,-0.5484,down,2026-07-29T18:00:00-04:00
2026-07-29T17:10:40.410447-05:00,2026-07-29T22:10:40.410447+00:00,^GSPC,S&P 500,Índice,7320.22998,7428.779785,-108.549805,-1.4612,down,2026-07-29T15:45:00-04:00
2026-07-29T17:10:40.410447-05:00,2026-07-29T22:10:40.410447+00:00,^IXIC,Nasdaq,Índice,24465.515625,24876.910156,-411.394531,-1.6537,down,2026-07-29T15:45:00-04:00
2026-07-29T17:10:40.410447-05:00,2026-07-29T22:10:40.410447+00:00,^DJI,Dow Jones,Índice,51618.289062,52747.320312,-1129.03125,-2.1405,down,2026-07-29T15:45:00-04:00
2026-07-29T17:10:40.410447-05:00,2026-07-29T22:10:40.410447+00:00,^VIX,VIX,Volatilidad,20.629999,18.209999,2.42,13.2894,up,2026-07-29T16:00:00-04:00
2026-07-29T17:10:40.410447-05:00,2026-07-29T22:10:40.410447+00:00,^TNX,US 10Y,Tasa,4.622,4.604,0.018,0.391,up,2026-07-29T14:50:00-04:00
2026-07-29T17:10:40.410447-05:00,2026-07-29T22:10:40.410447+00:00,GC=F,Oro,Commodity,4127.899902,4036.300049,91.599854,2.2694,up,2026-07-29T18:00:00-04:00
2026-07-29T17:10:40.410447-05:00,2026-07-29T22:10:40.410447+00:00,CL=F,WTI,Commodity,84.379997,79.260002,5.119995,6.4597,up,2026-07-29T18:00:00-04:00
2026-07-29T17:10:40.410447-05:00,2026-07-29T22:10:40.410447+00:00,HG=F,Cobre,Commodity,6.347,6.322,0.025,0.3954,up,2026-07-29T18:00:00-04:00
2026-07-29T17:10:40.410447-05:00,2026-07-29T22:10:40.410447+00:00,BTC-USD,Bitcoin,Crypto,63939.109375,63871.363281,67.746094,0.1061,up,2026-07-29T18:00:00-04:00
2026-07-29T18:12:16.944726-05:00,2026-07-29T23:12:16.944726+00:00,USDPEN=X,USD/PEN,FX,3.4006,3.402,-0.0014,-0.0412,down,2026-07-29T19:00:00-04:00
2026-07-29T18:12:16.944726-05:00,2026-07-29T23:12:16.944726+00:00,EURUSD=X,EUR/USD,FX,1.14771,1.138654,0.009056,0.7954,up,2026-07-29T19:00:00-04:00
2026-07-29T18:12:16.944726-05:00,2026-07-29T23:12:16.944726+00:00,DX-Y.NYB,DXY,Dólar,100.802002,101.379997,-0.577995,-0.5701,down,2026-07-29T18:00:00-04:00
2026-07-29T18:12:16.944726-05:00,2026-07-29T23:12:16.944726+00:00,^GSPC,S&P 500,Índice,7320.22998,7428.779785,-108.549805,-1.4612,down,2026-07-29T15:45:00-04:00
2026-07-29T18:12:16.944726-05:00,2026-07-29T23:12:16.944726+00:00,^IXIC,Nasdaq,Índice,24465.515625,24876.910156,-411.394531,-1.6537,down,2026-07-29T15:45:00-04:00
2026-07-29T18:12:16.944726-05:00,2026-07-29T23:12:16.944726+00:00,^DJI,Dow Jones,Índice,51618.289062,52747.320312,-1129.03125,-2.1405,down,2026-07-29T15:45:00-04:00
2026-07-29T18:12:16.944726-05:00,2026-07-29T23:12:16.944726+00:00,^VIX,VIX,Volatilidad,20.629999,18.209999,2.42,13.2894,up,2026-07-29T16:00:00-04:00
2026-07-29T18:12:16.944726-05:00,2026-07-29T23:12:16.944726+00:00,^TNX,US 10Y,Tasa,4.622,4.604,0.018,0.391,up,2026-07-29T14:50:00-04:00
2026-07-29T18:12:16.944726-05:00,2026-07-29T23:12:16.944726+00:00,GC=F,Oro,Commodity,4147.200195,4036.300049,110.900146,2.7476,up,2026-07-29T19:00:00-04:00
2026-07-29T18:12:16.944726-05:00,2026-07-29T23:12:16.944726+00:00,CL=F,WTI,Commodity,84.419998,79.260002,5.159996,6.5102,up,2026-07-29T19:00:00-04:00
2026-07-29T18:12:16.944726-05:00,2026-07-29T23:12:16.944726+00:00,HG=F,Cobre,Commodity,6.3845,6.322,0.0625,0.9886,up,2026-07-29T19:00:00-04:00
2026-07-29T18:12:16.944726-05:00,2026-07-29T23:12:16.944726+00:00,BTC-USD,Bitcoin,Crypto,63818.710938,63871.363281,-52.652344,-0.0824,down,2026-07-29T19:00:00-04:00
2026-07-29T19:08:30.307456-05:00,2026-07-30T00:08:30.307456+00:00,USDPEN=X,USD/PEN,FX,3.4007,3.402,-0.0013,-0.0382,down,2026-07-29T19:15:00-04:00
2026-07-29T19:08:30.307456-05:00,2026-07-30T00:08:30.307456+00:00,EURUSD=X,EUR/USD,FX,1.14692,1.138654,0.008267,0.726,up,2026-07-29T20:00:00-04:00
2026-07-29T19:08:30.307456-05:00,2026-07-30T00:08:30.307456+00:00,DX-Y.NYB,DXY,Dólar,100.796997,101.379997,-0.583,-0.5751,down,2026-07-29T19:45:00-04:00
2026-07-29T19:08:30.307456-05:00,2026-07-30T00:08:30.307456+00:00,^GSPC,S&P 500,Índice,7320.22998,7428.779785,-108.549805,-1.4612,down,2026-07-29T15:45:00-04:00
2026-07-29T19:08:30.307456-05:00,2026-07-30T00:08:30.307456+00:00,^IXIC,Nasdaq,Índice,24465.515625,24876.910156,-411.394531,-1.6537,down,2026-07-29T15:45:00-04:00
2026-07-29T19:08:30.307456-05:00,2026-07-30T00:08:30.307456+00:00,^DJI,Dow Jones,Índice,51618.289062,52747.320312,-1129.03125,-2.1405,down,2026-07-29T15:45:00-04:00
2026-07-29T19:08:30.307456-05:00,2026-07-30T00:08:30.307456+00:00,^VIX,VIX,Volatilidad,20.629999,18.209999,2.42,13.2894,up,2026-07-29T16:00:00-04:00
2026-07-29T19:08:30.307456-05:00,2026-07-30T00:08:30.307456+00:00,^TNX,US 10Y,Tasa,4.622,4.604,0.018,0.391,up,2026-07-29T14:50:00-04:00
2026-07-29T19:08:30.307456-05:00,2026-07-30T00:08:30.307456+00:00,GC=F,Oro,Commodity,4142.399902,4036.300049,106.099854,2.6286,up,2026-07-29T19:45:00-04:00
2026-07-29T19:08:30.307456-05:00,2026-07-30T00:08:30.307456+00:00,CL=F,WTI,Commodity,84.260002,79.260002,5.0,6.3084,up,2026-07-29T19:45:00-04:00
2026-07-29T19:08:30.307456-05:00,2026-07-30T00:08:30.307456+00:00,HG=F,Cobre,Commodity,6.377,6.322,0.055,0.87,up,2026-07-29T19:45:00-04:00
2026-07-29T19:08:30.307456-05:00,2026-07-30T00:08:30.307456+00:00,BTC-USD,Bitcoin,Crypto,63975.238281,63871.363281,103.875,0.1626,up,2026-07-29T20:00:00-04:00
2026-07-30T09:28:51.217175-05:00,2026-07-30T14:28:51.217175+00:00,USDPEN=X,USD/PEN,FX,3.3844,3.402,-0.0176,-0.5173,down,2026-07-30T10:15:00-04:00
2026-07-30T09:28:51.217175-05:00,2026-07-30T14:28:51.217175+00:00,EURUSD=X,EUR/USD,FX,1.152339,1.138654,0.013685,1.2019,up,2026-07-30T10:15:00-04:00
2026-07-30T09:28:51.217175-05:00,2026-07-30T14:28:51.217175+00:00,DX-Y.NYB,DXY,Dólar,99.921997,100.800003,-0.878006,-0.871,down,2026-07-30T10:15:00-04:00
2026-07-30T09:28:51.217175-05:00,2026-07-30T14:28:51.217175+00:00,^GSPC,S&P 500,Índice,7416.029785,7316.149902,99.879883,1.3652,up,2026-07-30T10:15:00-04:00
2026-07-30T09:28:51.217175-05:00,2026-07-30T14:28:51.217175+00:00,^IXIC,Nasdaq,Índice,25103.767578,24442.939453,660.828125,2.7036,up,2026-07-30T10:15:00-04:00
2026-07-30T09:28:51.217175-05:00,2026-07-30T14:28:51.217175+00:00,^DJI,Dow Jones,Índice,51949.941406,51594.140625,355.800781,0.6896,up,2026-07-30T10:15:00-04:00
2026-07-30T09:28:51.217175-05:00,2026-07-30T14:28:51.217175+00:00,^VIX,VIX,Volatilidad,18.370001,20.66,-2.289999,-11.0842,down,2026-07-30T10:00:00-04:00
2026-07-30T09:28:51.217175-05:00,2026-07-30T14:28:51.217175+00:00,^TNX,US 10Y,Tasa,4.659,4.622,0.037,0.8005,up,2026-07-30T10:05:00-04:00
2026-07-30T09:28:51.217175-05:00,2026-07-30T14:28:51.217175+00:00,GC=F,Oro,Commodity,4152.5,4034.699951,117.800049,2.9197,up,2026-07-30T10:15:00-04:00
2026-07-30T09:28:51.217175-05:00,2026-07-30T14:28:51.217175+00:00,CL=F,WTI,Commodity,83.940002,84.459999,-0.519997,-0.6157,down,2026-07-30T10:15:00-04:00
2026-07-30T09:28:51.217175-05:00,2026-07-30T14:28:51.217175+00:00,HG=F,Cobre,Commodity,6.4635,6.2735,0.19,3.0286,up,2026-07-30T10:15:00-04:00
2026-07-30T09:28:51.217175-05:00,2026-07-30T14:28:51.217175+00:00,BTC-USD,Bitcoin,Crypto,64763.46875,63908.167969,855.300781,1.3383,up,2026-07-30T10:15:00-04:00
2026-07-30T11:45:57.269029-05:00,2026-07-30T16:45:57.269029+00:00,USDPEN=X,USD/PEN,FX,3.3912,3.402,-0.0108,-0.3175,down,2026-07-30T12:30:00-04:00
2026-07-30T11:45:57.269029-05:00,2026-07-30T16:45:57.269029+00:00,EURUSD=X,EUR/USD,FX,1.152871,1.138654,0.014217,1.2486,up,2026-07-30T12:45:00-04:00
2026-07-30T11:45:57.269029-05:00,2026-07-30T16:45:57.269029+00:00,DX-Y.NYB,DXY,Dólar,99.967003,100.800003,-0.833,-0.8264,down,2026-07-30T12:30:00-04:00
2026-07-30T11:45:57.269029-05:00,2026-07-30T16:45:57.269029+00:00,^GSPC,S&P 500,Índice,7407.890137,7316.149902,91.740234,1.2539,up,2026-07-30T12:45:00-04:00
2026-07-30T11:45:57.269029-05:00,2026-07-30T16:45:57.269029+00:00,^IXIC,Nasdaq,Índice,25014.890625,24442.939453,571.951172,2.3399,up,2026-07-30T12:45:00-04:00
2026-07-30T11:45:57.269029-05:00,2026-07-30T16:45:57.269029+00:00,^DJI,Dow Jones,Índice,52055.570312,51594.140625,461.429688,0.8943,up,2026-07-30T12:45:00-04:00
2026-07-30T11:45:57.269029-05:00,2026-07-30T16:45:57.269029+00:00,^VIX,VIX,Volatilidad,18.219999,20.66,-2.440001,-11.8103,down,2026-07-30T12:30:00-04:00
2026-07-30T11:45:57.269029-05:00,2026-07-30T16:45:57.269029+00:00,^TNX,US 10Y,Tasa,4.657,4.622,0.035,0.7572,up,2026-07-30T12:20:00-04:00
2026-07-30T11:45:57.269029-05:00,2026-07-30T16:45:57.269029+00:00,GC=F,Oro,Commodity,4173.0,4034.699951,138.300049,3.4278,up,2026-07-30T12:30:00-04:00
2026-07-30T11:45:57.269029-05:00,2026-07-30T16:45:57.269029+00:00,CL=F,WTI,Commodity,83.709999,84.459999,-0.75,-0.888,down,2026-07-30T12:30:00-04:00
2026-07-30T11:45:57.269029-05:00,2026-07-30T16:45:57.269029+00:00,HG=F,Cobre,Commodity,6.4805,6.2735,0.207,3.2996,up,2026-07-30T12:30:00-04:00
2026-07-30T11:45:57.269029-05:00,2026-07-30T16:45:57.269029+00:00,BTC-USD,Bitcoin,Crypto,64727.050781,63908.167969,818.882812,1.2813,up,2026-07-30T12:45:00-04:00
2026-07-30T13:43:36.530447-05:00,2026-07-30T18:43:36.530447+00:00,USDPEN=X,USD/PEN,FX,3.3948,3.402,-0.0072,-0.2116,down,2026-07-30T14:30:00-04:00
2026-07-30T13:43:36.530447-05:00,2026-07-30T18:43:36.530447+00:00,EURUSD=X,EUR/USD,FX,1.153403,1.138654,0.014749,1.2953,up,2026-07-30T14:30:00-04:00
2026-07-30T13:43:36.530447-05:00,2026-07-30T18:43:36.530447+00:00,DX-Y.NYB,DXY,Dólar,99.888,100.800003,-0.912003,-0.9048,down,2026-07-30T14:30:00-04:00
2026-07-30T13:43:36.530447-05:00,2026-07-30T18:43:36.530447+00:00,^GSPC,S&P 500,Índice,7425.839844,7316.149902,109.689941,1.4993,up,2026-07-30T14:30:00-04:00
2026-07-30T13:43:36.530447-05:00,2026-07-30T18:43:36.530447+00:00,^IXIC,Nasdaq,Índice,25064.841797,24442.939453,621.902344,2.5443,up,2026-07-30T14:30:00-04:00
2026-07-30T13:43:36.530447-05:00,2026-07-30T18:43:36.530447+00:00,^DJI,Dow Jones,Índice,52160.761719,51594.140625,566.621094,1.0982,up,2026-07-30T14:30:00-04:00
2026-07-30T13:43:36.530447-05:00,2026-07-30T18:43:36.530447+00:00,^VIX,VIX,Volatilidad,17.860001,20.66,-2.799999,-13.5528,down,2026-07-30T14:15:00-04:00
2026-07-30T13:43:36.530447-05:00,2026-07-30T18:43:36.530447+00:00,^TNX,US 10Y,Tasa,4.667,4.622,0.045,0.9736,up,2026-07-30T14:20:00-04:00
2026-07-30T13:43:36.530447-05:00,2026-07-30T18:43:36.530447+00:00,GC=F,Oro,Commodity,4164.5,4034.699951,129.800049,3.2171,up,2026-07-30T14:30:00-04:00
2026-07-30T13:43:36.530447-05:00,2026-07-30T18:43:36.530447+00:00,CL=F,WTI,Commodity,83.580002,84.459999,-0.879997,-1.0419,down,2026-07-30T14:30:00-04:00
2026-07-30T13:43:36.530447-05:00,2026-07-30T18:43:36.530447+00:00,HG=F,Cobre,Commodity,6.482,6.2735,0.2085,3.3235,up,2026-07-30T14:30:00-04:00
2026-07-30T13:43:36.530447-05:00,2026-07-30T18:43:36.530447+00:00,BTC-USD,Bitcoin,Crypto,64659.171875,63908.167969,751.003906,1.1751,up,2026-07-30T14:30:00-04:00
2026-07-30T15:33:05.666208-05:00,2026-07-30T20:33:05.666208+00:00,USDPEN=X,USD/PEN,FX,3.3837,3.402,-0.0183,-0.5379,down,2026-07-30T16:15:00-04:00
2026-07-30T15:33:05.666208-05:00,2026-07-30T20:33:05.666208+00:00,EURUSD=X,EUR/USD,FX,1.153136,1.138654,0.014483,1.2719,up,2026-07-30T16:30:00-04:00
2026-07-30T15:33:05.666208-05:00,2026-07-30T20:33:05.666208+00:00,DX-Y.NYB,DXY,Dólar,99.969002,100.800003,-0.831001,-0.8244,down,2026-07-30T16:15:00-04:00
2026-07-30T15:33:05.666208-05:00,2026-07-30T20:33:05.666208+00:00,^GSPC,S&P 500,Índice,7437.529785,7316.149902,121.379883,1.6591,up,2026-07-30T15:45:00-04:00
2026-07-30T15:33:05.666208-05:00,2026-07-30T20:33:05.666208+00:00,^IXIC,Nasdaq,Índice,25114.988281,24442.939453,672.048828,2.7495,up,2026-07-30T15:45:00-04:00
2026-07-30T15:33:05.666208-05:00,2026-07-30T20:33:05.666208+00:00,^DJI,Dow Jones,Índice,52208.648438,51594.140625,614.507812,1.191,up,2026-07-30T15:45:00-04:00
2026-07-30T15:33:05.666208-05:00,2026-07-30T20:33:05.666208+00:00,^VIX,VIX,Volatilidad,17.08,20.66,-3.58,-17.3282,down,2026-07-30T16:00:00-04:00
2026-07-30T15:33:05.666208-05:00,2026-07-30T20:33:05.666208+00:00,^TNX,US 10Y,Tasa,4.663,4.622,0.041,0.8871,up,2026-07-30T14:50:00-04:00
2026-07-30T15:33:05.666208-05:00,2026-07-30T20:33:05.666208+00:00,GC=F,Oro,Commodity,4172.600098,4034.699951,137.900146,3.4179,up,2026-07-30T16:15:00-04:00
2026-07-30T15:33:05.666208-05:00,2026-07-30T20:33:05.666208+00:00,CL=F,WTI,Commodity,84.089996,84.459999,-0.370003,-0.4381,down,2026-07-30T16:15:00-04:00
2026-07-30T15:33:05.666208-05:00,2026-07-30T20:33:05.666208+00:00,HG=F,Cobre,Commodity,6.501,6.2735,0.2275,3.6264,up,2026-07-30T16:15:00-04:00
2026-07-30T15:33:05.666208-05:00,2026-07-30T20:33:05.666208+00:00,BTC-USD,Bitcoin,Crypto,64732.429688,63908.167969,824.261719,1.2898,up,2026-07-30T16:30:00-04:00
2026-07-30T17:17:16.579537-05:00,2026-07-30T22:17:16.579537+00:00,USDPEN=X,USD/PEN,FX,3.3837,3.402,-0.0183,-0.5379,down,2026-07-30T17:30:00-04:00
2026-07-30T17:17:16.579537-05:00,2026-07-30T22:17:16.579537+00:00,EURUSD=X,EUR/USD,FX,1.153136,1.138654,0.014483,1.2719,up,2026-07-30T18:15:00-04:00
2026-07-30T17:17:16.579537-05:00,2026-07-30T22:17:16.579537+00:00,DX-Y.NYB,DXY,Dólar,99.969002,100.800003,-0.831001,-0.8244,down,2026-07-30T18:00:00-04:00
2026-07-30T17:17:16.579537-05:00,2026-07-30T22:17:16.579537+00:00,^GSPC,S&P 500,Índice,7437.529785,7316.149902,121.379883,1.6591,up,2026-07-30T15:45:00-04:00
2026-07-30T17:17:16.579537-05:00,2026-07-30T22:17:16.579537+00:00,^IXIC,Nasdaq,Índice,25114.988281,24442.939453,672.048828,2.7495,up,2026-07-30T15:45:00-04:00
2026-07-30T17:17:16.579537-05:00,2026-07-30T22:17:16.579537+00:00,^DJI,Dow Jones,Índice,52208.648438,51594.140625,614.507812,1.191,up,2026-07-30T15:45:00-04:00
2026-07-30T17:17:16.579537-05:00,2026-07-30T22:17:16.579537+00:00,^VIX,VIX,Volatilidad,17.08,20.66,-3.58,-17.3282,down,2026-07-30T16:00:00-04:00
2026-07-30T17:17:16.579537-05:00,2026-07-30T22:17:16.579537+00:00,^TNX,US 10Y,Tasa,4.663,4.622,0.041,0.8871,up,2026-07-30T14:50:00-04:00
2026-07-30T17:17:16.579537-05:00,2026-07-30T22:17:16.579537+00:00,GC=F,Oro,Commodity,4163.399902,4034.699951,128.699951,3.1898,up,2026-07-30T18:00:00-04:00
2026-07-30T17:17:16.579537-05:00,2026-07-30T22:17:16.579537+00:00,CL=F,WTI,Commodity,84.040001,84.459999,-0.419998,-0.4973,down,2026-07-30T18:00:00-04:00
2026-07-30T17:17:16.579537-05:00,2026-07-30T22:17:16.579537+00:00,HG=F,Cobre,Commodity,6.501,6.2735,0.2275,3.6264,up,2026-07-30T18:00:00-04:00
2026-07-30T17:17:16.579537-05:00,2026-07-30T22:17:16.579537+00:00,BTC-USD,Bitcoin,Crypto,64893.171875,63908.167969,985.003906,1.5413,up,2026-07-30T18:15:00-04:00
2026-07-30T18:18:50.674825-05:00,2026-07-30T23:18:50.674825+00:00,USDPEN=X,USD/PEN,FX,3.3837,3.4,-0.0163,-0.4794,down,2026-07-30T19:00:00-04:00
2026-07-30T18:18:50.674825-05:00,2026-07-30T23:18:50.674825+00:00,EURUSD=X,EUR/USD,FX,1.152738,1.146723,0.006014,0.5245,up,2026-07-30T19:15:00-04:00
2026-07-30T18:18:50.674825-05:00,2026-07-30T23:18:50.674825+00:00,DX-Y.NYB,DXY,Dólar,99.969002,100.800003,-0.831001,-0.8244,down,2026-07-30T18:00:00-04:00
2026-07-30T18:18:50.674825-05:00,2026-07-30T23:18:50.674825+00:00,^GSPC,S&P 500,Índice,7437.529785,7316.149902,121.379883,1.6591,up,2026-07-30T15:45:00-04:00
2026-07-30T18:18:50.674825-05:00,2026-07-30T23:18:50.674825+00:00,^IXIC,Nasdaq,Índice,25114.988281,24442.939453,672.048828,2.7495,up,2026-07-30T15:45:00-04:00
2026-07-30T18:18:50.674825-05:00,2026-07-30T23:18:50.674825+00:00,^DJI,Dow Jones,Índice,52208.648438,51594.140625,614.507812,1.191,up,2026-07-30T15:45:00-04:00
2026-07-30T18:18:50.674825-05:00,2026-07-30T23:18:50.674825+00:00,^VIX,VIX,Volatilidad,17.08,20.66,-3.58,-17.3282,down,2026-07-30T16:00:00-04:00
2026-07-30T18:18:50.674825-05:00,2026-07-30T23:18:50.674825+00:00,^TNX,US 10Y,Tasa,4.663,4.622,0.041,0.8871,up,2026-07-30T14:50:00-04:00
2026-07-30T18:18:50.674825-05:00,2026-07-30T23:18:50.674825+00:00,GC=F,Oro,Commodity,4168.899902,4034.699951,134.199951,3.3261,up,2026-07-30T19:00:00-04:00
2026-07-30T18:18:50.674825-05:00,2026-07-30T23:18:50.674825+00:00,CL=F,WTI,Commodity,83.949997,84.459999,-0.510002,-0.6038,down,2026-07-30T19:00:00-04:00
2026-07-30T18:18:50.674825-05:00,2026-07-30T23:18:50.674825+00:00,HG=F,Cobre,Commodity,6.5045,6.2735,0.231,3.6822,up,2026-07-30T19:00:00-04:00
2026-07-30T18:18:50.674825-05:00,2026-07-30T23:18:50.674825+00:00,BTC-USD,Bitcoin,Crypto,64869.390625,63908.167969,961.222656,1.5041,up,2026-07-30T19:15:00-04:00
2026-07-31T09:32:06.610007-05:00,2026-07-31T14:32:06.610007+00:00,USDPEN=X,USD/PEN,FX,3.3883,3.4,-0.0117,-0.3441,down,2026-07-31T10:30:00-04:00
2026-07-31T09:32:06.610007-05:00,2026-07-31T14:32:06.610007+00:00,EURUSD=X,EUR/USD,FX,1.148501,1.146723,0.001778,0.155,up,2026-07-31T10:30:00-04:00
2026-07-31T09:32:06.610007-05:00,2026-07-31T14:32:06.610007+00:00,DX-Y.NYB,DXY,Dólar,100.346001,100.010002,0.335999,0.336,up,2026-07-31T10:15:00-04:00
2026-07-31T09:32:06.610007-05:00,2026-07-31T14:32:06.610007+00:00,^GSPC,S&P 500,Índice,7427.919922,7437.629883,-9.709961,-0.1306,down,2026-07-31T10:30:00-04:00
2026-07-31T09:32:06.610007-05:00,2026-07-31T14:32:06.610007+00:00,^IXIC,Nasdaq,Índice,25128.257812,25122.179688,6.078125,0.0242,up,2026-07-31T10:30:00-04:00
2026-07-31T09:32:06.610007-05:00,2026-07-31T14:32:06.610007+00:00,^DJI,Dow Jones,Índice,52159.46875,52208.058594,-48.589844,-0.0931,down,2026-07-31T00:00:00
2026-07-31T09:32:06.610007-05:00,2026-07-31T14:32:06.610007+00:00,^VIX,VIX,Volatilidad,18.58,17.09,1.49,8.7185,up,2026-07-31T10:15:00-04:00
2026-07-31T09:32:06.610007-05:00,2026-07-31T14:32:06.610007+00:00,^TNX,US 10Y,Tasa,4.729,4.663,0.066,1.4154,up,2026-07-31T10:05:00-04:00
2026-07-31T09:32:06.610007-05:00,2026-07-31T14:32:06.610007+00:00,GC=F,Oro,Commodity,4092.199951,4100.100098,-7.900146,-0.1927,down,2026-07-31T10:15:00-04:00
2026-07-31T09:32:06.610007-05:00,2026-07-31T14:32:06.610007+00:00,CL=F,WTI,Commodity,85.040001,83.589996,1.450005,1.7347,up,2026-07-31T10:15:00-04:00
2026-07-31T09:32:06.610007-05:00,2026-07-31T14:32:06.610007+00:00,HG=F,Cobre,Commodity,6.447,6.4445,0.0025,0.0388,up,2026-07-31T10:15:00-04:00
2026-07-31T09:32:06.610007-05:00,2026-07-31T14:32:06.610007+00:00,BTC-USD,Bitcoin,Crypto,62574.609375,64725.308594,-2150.699219,-3.3228,down,2026-07-31T10:30:00-04:00
2026-07-31T11:55:21.244401-05:00,2026-07-31T16:55:21.244401+00:00,USDPEN=X,USD/PEN,FX,3.395,3.4,-0.005,-0.1471,down,2026-07-31T12:45:00-04:00
2026-07-31T11:55:21.244401-05:00,2026-07-31T16:55:21.244401+00:00,EURUSD=X,EUR/USD,FX,1.152074,1.146723,0.00535,0.4666,up,2026-07-31T12:45:00-04:00
2026-07-31T11:55:21.244401-05:00,2026-07-31T16:55:21.244401+00:00,DX-Y.NYB,DXY,Dólar,100.056,100.010002,0.045998,0.046,up,2026-07-31T12:45:00-04:00
2026-07-31T11:55:21.244401-05:00,2026-07-31T16:55:21.244401+00:00,^GSPC,S&P 500,Índice,7469.810059,7437.629883,32.180176,0.4327,up,2026-07-31T12:45:00-04:00
2026-07-31T11:55:21.244401-05:00,2026-07-31T16:55:21.244401+00:00,^IXIC,Nasdaq,Índice,25263.849609,25122.179688,141.669922,0.5639,up,2026-07-31T12:45:00-04:00
2026-07-31T11:55:21.244401-05:00,2026-07-31T16:55:21.244401+00:00,^DJI,Dow Jones,Índice,52451.660156,52208.058594,243.601562,0.4666,up,2026-07-31T12:45:00-04:00
2026-07-31T11:55:21.244401-05:00,2026-07-31T16:55:21.244401+00:00,^VIX,VIX,Volatilidad,16.9,17.09,-0.190001,-1.1118,down,2026-07-31T12:30:00-04:00
2026-07-31T11:55:21.244401-05:00,2026-07-31T16:55:21.244401+00:00,^TNX,US 10Y,Tasa,4.737,4.663,0.074,1.587,up,2026-07-31T12:35:00-04:00
2026-07-31T11:55:21.244401-05:00,2026-07-31T16:55:21.244401+00:00,GC=F,Oro,Commodity,4099.0,4100.100098,-1.100098,-0.0268,down,2026-07-31T12:45:00-04:00
2026-07-31T11:55:21.244401-05:00,2026-07-31T16:55:21.244401+00:00,CL=F,WTI,Commodity,84.720001,83.589996,1.130005,1.3518,up,2026-07-31T12:45:00-04:00
2026-07-31T11:55:21.244401-05:00,2026-07-31T16:55:21.244401+00:00,HG=F,Cobre,Commodity,6.466,6.4445,0.0215,0.3336,up,2026-07-31T12:45:00-04:00
2026-07-31T11:55:21.244401-05:00,2026-07-31T16:55:21.244401+00:00,BTC-USD,Bitcoin,Crypto,62799.121094,64725.308594,-1926.1875,-2.9759,down,2026-07-31T12:45:00-04:00
2026-07-31T13:43:41.924064-05:00,2026-07-31T18:43:41.924064+00:00,USDPEN=X,USD/PEN,FX,3.3894,3.4,-0.0106,-0.3118,down,2026-07-31T14:30:00-04:00
2026-07-31T13:43:41.924064-05:00,2026-07-31T18:43:41.924064+00:00,EURUSD=X,EUR/USD,FX,1.153136,1.146723,0.006413,0.5593,up,2026-07-31T14:30:00-04:00
2026-07-31T13:43:41.924064-05:00,2026-07-31T18:43:41.924064+00:00,DX-Y.NYB,DXY,Dólar,99.931999,100.010002,-0.078003,-0.078,down,2026-07-31T14:30:00-04:00
2026-07-31T13:43:41.924064-05:00,2026-07-31T18:43:41.924064+00:00,^GSPC,S&P 500,Índice,7484.439941,7437.629883,46.810059,0.6294,up,2026-07-31T14:30:00-04:00
2026-07-31T13:43:41.924064-05:00,2026-07-31T18:43:41.924064+00:00,^IXIC,Nasdaq,Índice,25328.255859,25122.179688,206.076172,0.8203,up,2026-07-31T14:30:00-04:00
2026-07-31T13:43:41.924064-05:00,2026-07-31T18:43:41.924064+00:00,^DJI,Dow Jones,Índice,52527.171875,52208.058594,319.113281,0.6112,up,2026-07-31T14:30:00-04:00
2026-07-31T13:43:41.924064-05:00,2026-07-31T18:43:41.924064+00:00,^VIX,VIX,Volatilidad,16.610001,17.09,-0.48,-2.8087,down,2026-07-31T14:15:00-04:00
2026-07-31T13:43:41.924064-05:00,2026-07-31T18:43:41.924064+00:00,^TNX,US 10Y,Tasa,4.741,4.663,0.078,1.6727,up,2026-07-31T14:20:00-04:00
2026-07-31T13:43:41.924064-05:00,2026-07-31T18:43:41.924064+00:00,GC=F,Oro,Commodity,4105.200195,4100.100098,5.100098,0.1244,up,2026-07-31T14:30:00-04:00
2026-07-31T13:43:41.924064-05:00,2026-07-31T18:43:41.924064+00:00,CL=F,WTI,Commodity,84.580002,83.589996,0.990005,1.1844,up,2026-07-31T14:30:00-04:00
2026-07-31T13:43:41.924064-05:00,2026-07-31T18:43:41.924064+00:00,HG=F,Cobre,Commodity,6.518,6.4445,0.0735,1.1405,up,2026-07-31T14:30:00-04:00
2026-07-31T13:43:41.924064-05:00,2026-07-31T18:43:41.924064+00:00,BTC-USD,Bitcoin,Crypto,62938.550781,64725.308594,-1786.757812,-2.7605,down,2026-07-31T14:30:00-04:00
2026-07-31T15:37:25.068253-05:00,2026-07-31T20:37:25.068253+00:00,USDPEN=X,USD/PEN,FX,3.3878,3.4,-0.0122,-0.3588,down,2026-07-31T16:15:00-04:00
2026-07-31T15:37:25.068253-05:00,2026-07-31T20:37:25.068253+00:00,EURUSD=X,EUR/USD,FX,1.153935,1.146723,0.007212,0.6289,up,2026-07-31T16:30:00-04:00
2026-07-31T15:37:25.068253-05:00,2026-07-31T20:37:25.068253+00:00,DX-Y.NYB,DXY,Dólar,99.800003,100.010002,-0.209999,-0.21,down,2026-07-31T16:15:00-04:00
2026-07-31T15:37:25.068253-05:00,2026-07-31T20:37:25.068253+00:00,^GSPC,S&P 500,Índice,7489.52002,7437.629883,51.890137,0.6977,up,2026-07-31T15:45:00-04:00
2026-07-31T15:37:25.068253-05:00,2026-07-31T20:37:25.068253+00:00,^IXIC,Nasdaq,Índice,25372.535156,25122.179688,250.355469,0.9966,up,2026-07-31T15:45:00-04:00
2026-07-31T15:37:25.068253-05:00,2026-07-31T20:37:25.068253+00:00,^DJI,Dow Jones,Índice,52484.261719,52208.058594,276.203125,0.529,up,2026-07-31T15:45:00-04:00
2026-07-31T15:37:25.068253-05:00,2026-07-31T20:37:25.068253+00:00,^VIX,VIX,Volatilidad,15.99,17.09,-1.1,-6.4365,down,2026-07-31T16:00:00-04:00
2026-07-31T15:37:25.068253-05:00,2026-07-31T20:37:25.068253+00:00,^TNX,US 10Y,Tasa,4.745,4.663,0.082,1.7585,up,2026-07-31T14:50:00-04:00
2026-07-31T15:37:25.068253-05:00,2026-07-31T20:37:25.068253+00:00,GC=F,Oro,Commodity,4103.899902,4100.100098,3.799805,0.0927,up,2026-07-31T16:15:00-04:00
2026-07-31T15:37:25.068253-05:00,2026-07-31T20:37:25.068253+00:00,CL=F,WTI,Commodity,84.510002,83.589996,0.920006,1.1006,up,2026-07-31T16:15:00-04:00
2026-07-31T15:37:25.068253-05:00,2026-07-31T20:37:25.068253+00:00,HG=F,Cobre,Commodity,6.524,6.4445,0.0795,1.2336,up,2026-07-31T16:15:00-04:00
2026-07-31T15:37:25.068253-05:00,2026-07-31T20:37:25.068253+00:00,BTC-USD,Bitcoin,Crypto,62927.03125,64725.308594,-1798.277344,-2.7783,down,2026-07-31T16:30:00-04:00
2026-07-31T17:14:31.704492-05:00,2026-07-31T22:14:31.704492+00:00,USDPEN=X,USD/PEN,FX,3.3876,3.4,-0.0124,-0.3647,down,2026-07-31T16:45:00-04:00
2026-07-31T17:14:31.704492-05:00,2026-07-31T22:14:31.704492+00:00,EURUSD=X,EUR/USD,FX,1.152738,1.146723,0.006014,0.5245,up,2026-07-31T17:15:00-04:00
2026-07-31T17:14:31.704492-05:00,2026-07-31T22:14:31.704492+00:00,DX-Y.NYB,DXY,Dólar,99.803001,100.010002,-0.207001,-0.207,down,2026-07-31T16:45:00-04:00
2026-07-31T17:14:31.704492-05:00,2026-07-31T22:14:31.704492+00:00,^GSPC,S&P 500,Índice,7489.52002,7437.629883,51.890137,0.6977,up,2026-07-31T15:45:00-04:00
2026-07-31T17:14:31.704492-05:00,2026-07-31T22:14:31.704492+00:00,^IXIC,Nasdaq,Índice,25372.535156,25122.179688,250.355469,0.9966,up,2026-07-31T15:45:00-04:00
2026-07-31T17:14:31.704492-05:00,2026-07-31T22:14:31.704492+00:00,^DJI,Dow Jones,Índice,52484.261719,52208.058594,276.203125,0.529,up,2026-07-31T15:45:00-04:00
2026-07-31T17:14:31.704492-05:00,2026-07-31T22:14:31.704492+00:00,^VIX,VIX,Volatilidad,15.99,17.09,-1.1,-6.4365,down,2026-07-31T16:00:00-04:00
2026-07-31T17:14:31.704492-05:00,2026-07-31T22:14:31.704492+00:00,^TNX,US 10Y,Tasa,4.745,4.663,0.082,1.7585,up,2026-07-31T14:50:00-04:00
2026-07-31T17:14:31.704492-05:00,2026-07-31T22:14:31.704492+00:00,GC=F,Oro,Commodity,4098.600098,4100.100098,-1.5,-0.0366,down,2026-07-31T16:45:00-04:00
2026-07-31T17:14:31.704492-05:00,2026-07-31T22:14:31.704492+00:00,CL=F,WTI,Commodity,86.800003,83.589996,3.210007,3.8402,up,2026-07-31T16:45:00-04:00
2026-07-31T17:14:31.704492-05:00,2026-07-31T22:14:31.704492+00:00,HG=F,Cobre,Commodity,6.5075,6.4445,0.063,0.9776,up,2026-07-31T16:45:00-04:00
2026-07-31T17:14:31.704492-05:00,2026-07-31T22:14:31.704492+00:00,BTC-USD,Bitcoin,Crypto,62940.671875,64725.308594,-1784.636719,-2.7572,down,2026-07-31T18:00:00-04:00
2026-07-31T18:15:15.597806-05:00,2026-07-31T23:15:15.597806+00:00,USDPEN=X,USD/PEN,FX,3.3876,3.4,-0.0124,-0.3647,down,2026-07-31T16:45:00-04:00
2026-07-31T18:15:15.597806-05:00,2026-07-31T23:15:15.597806+00:00,EURUSD=X,EUR/USD,FX,1.152738,1.146723,0.006014,0.5245,up,2026-07-31T17:15:00-04:00
2026-07-31T18:15:15.597806-05:00,2026-07-31T23:15:15.597806+00:00,DX-Y.NYB,DXY,Dólar,99.803001,100.010002,-0.207001,-0.207,down,2026-07-31T16:45:00-04:00
2026-07-31T18:15:15.597806-05:00,2026-07-31T23:15:15.597806+00:00,^GSPC,S&P 500,Índice,7489.52002,7437.629883,51.890137,0.6977,up,2026-07-31T15:45:00-04:00
2026-07-31T18:15:15.597806-05:00,2026-07-31T23:15:15.597806+00:00,^IXIC,Nasdaq,Índice,25372.535156,25122.179688,250.355469,0.9966,up,2026-07-31T15:45:00-04:00
2026-07-31T18:15:15.597806-05:00,2026-07-31T23:15:15.597806+00:00,^DJI,Dow Jones,Índice,52484.261719,52208.058594,276.203125,0.529,up,2026-07-31T15:45:00-04:00
2026-07-31T18:15:15.597806-05:00,2026-07-31T23:15:15.597806+00:00,^VIX,VIX,Volatilidad,15.99,17.09,-1.1,-6.4365,down,2026-07-31T16:00:00-04:00
2026-07-31T18:15:15.597806-05:00,2026-07-31T23:15:15.597806+00:00,^TNX,US 10Y,Tasa,4.745,4.663,0.082,1.7585,up,2026-07-31T14:50:00-04:00
2026-07-31T18:15:15.597806-05:00,2026-07-31T23:15:15.597806+00:00,GC=F,Oro,Commodity,4098.600098,4100.100098,-1.5,-0.0366,down,2026-07-31T16:45:00-04:00
2026-07-31T18:15:15.597806-05:00,2026-07-31T23:15:15.597806+00:00,CL=F,WTI,Commodity,86.800003,83.589996,3.210007,3.8402,up,2026-07-31T16:45:00-04:00
2026-07-31T18:15:15.597806-05:00,2026-07-31T23:15:15.597806+00:00,HG=F,Cobre,Commodity,6.5075,6.4445,0.063,0.9776,up,2026-07-31T16:45:00-04:00
2026-07-31T18:15:15.597806-05:00,2026-07-31T23:15:15.597806+00:00,BTC-USD,Bitcoin,Crypto,62917.589844,64725.308594,-1807.71875,-2.7929,down,2026-07-31T19:15:00-04:00
2026-07-31T19:11:03.408414-05:00,2026-08-01T00:11:03.408414+00:00,USDPEN=X,USD/PEN,FX,3.3876,3.4,-0.0124,-0.3647,down,2026-07-31T16:45:00-04:00
2026-07-31T19:11:03.408414-05:00,2026-08-01T00:11:03.408414+00:00,EURUSD=X,EUR/USD,FX,1.152738,1.146723,0.006014,0.5245,up,2026-07-31T17:15:00-04:00
2026-07-31T19:11:03.408414-05:00,2026-08-01T00:11:03.408414+00:00,DX-Y.NYB,DXY,Dólar,99.803001,100.010002,-0.207001,-0.207,down,2026-07-31T16:45:00-04:00
2026-07-31T19:11:03.408414-05:00,2026-08-01T00:11:03.408414+00:00,^GSPC,S&P 500,Índice,7489.52002,7437.629883,51.890137,0.6977,up,2026-07-31T15:45:00-04:00
2026-07-31T19:11:03.408414-05:00,2026-08-01T00:11:03.408414+00:00,^IXIC,Nasdaq,Índice,25372.535156,25122.179688,250.355469,0.9966,up,2026-07-31T15:45:00-04:00
2026-07-31T19:11:03.408414-05:00,2026-08-01T00:11:03.408414+00:00,^DJI,Dow Jones,Índice,52484.261719,52208.058594,276.203125,0.529,up,2026-07-31T15:45:00-04:00
2026-07-31T19:11:03.408414-05:00,2026-08-01T00:11:03.408414+00:00,^VIX,VIX,Volatilidad,15.99,17.09,-1.1,-6.4365,down,2026-07-31T16:00:00-04:00
2026-07-31T19:11:03.408414-05:00,2026-08-01T00:11:03.408414+00:00,^TNX,US 10Y,Tasa,4.745,4.663,0.082,1.7585,up,2026-07-31T14:50:00-04:00
2026-07-31T19:11:03.408414-05:00,2026-08-01T00:11:03.408414+00:00,GC=F,Oro,Commodity,4098.600098,4100.100098,-1.5,-0.0366,down,2026-07-31T16:45:00-04:00
2026-07-31T19:11:03.408414-05:00,2026-08-01T00:11:03.408414+00:00,CL=F,WTI,Commodity,86.800003,83.589996,3.210007,3.8402,up,2026-07-31T16:45:00-04:00
2026-07-31T19:11:03.408414-05:00,2026-08-01T00:11:03.408414+00:00,HG=F,Cobre,Commodity,6.5075,6.4445,0.063,0.9776,up,2026-07-31T16:45:00-04:00
2026-07-31T19:11:03.408414-05:00,2026-08-01T00:11:03.408414+00:00,BTC-USD,Bitcoin,Crypto,62900.410156,64725.308594,-1824.898438,-2.8195,down,2026-07-31T20:00:00-04:00
2026-08-03T10:12:55.857098-05:00,2026-08-03T15:12:55.857098+00:00,USDPEN=X,USD/PEN,FX,3.3941,3.319342,0.074758,2.2522,up,2026-08-03T11:00:00-04:00
2026-08-03T10:12:55.857098-05:00,2026-08-03T15:12:55.857098+00:00,EURUSD=X,EUR/USD,FX,1.150748,1.152353,-0.001605,-0.1392,down,2026-08-03T11:00:00-04:00
2026-08-03T10:12:55.857098-05:00,2026-08-03T15:12:55.857098+00:00,DX-Y.NYB,DXY,Dólar,99.886002,99.800003,0.085999,0.0862,up,2026-08-03T11:00:00-04:00
2026-08-03T10:12:55.857098-05:00,2026-08-03T15:12:55.857098+00:00,^GSPC,S&P 500,Índice,7574.27002,7489.720215,84.549805,1.1289,up,2026-08-03T11:00:00-04:00
2026-08-03T10:12:55.857098-05:00,2026-08-03T15:12:55.857098+00:00,^IXIC,Nasdaq,Índice,25806.417969,25373.849609,432.568359,1.7048,up,2026-08-03T11:00:00-04:00
2026-08-03T10:12:55.857098-05:00,2026-08-03T15:12:55.857098+00:00,^DJI,Dow Jones,Índice,53030.320312,52485.03125,545.289062,1.0389,up,2026-08-03T11:00:00-04:00
2026-08-03T10:12:55.857098-05:00,2026-08-03T15:12:55.857098+00:00,^VIX,VIX,Volatilidad,15.71,15.99,-0.28,-1.7511,down,2026-08-03T10:45:00-04:00
2026-08-03T10:12:55.857098-05:00,2026-08-03T15:12:55.857098+00:00,^TNX,US 10Y,Tasa,4.686,4.745,-0.059,-1.2434,down,2026-08-03T10:50:00-04:00
2026-08-03T10:12:55.857098-05:00,2026-08-03T15:12:55.857098+00:00,GC=F,Oro,Commodity,4090.699951,4049.100098,41.599854,1.0274,up,2026-08-03T11:00:00-04:00
2026-08-03T10:12:55.857098-05:00,2026-08-03T15:12:55.857098+00:00,CL=F,WTI,Commodity,79.690002,84.669998,-4.979996,-5.8817,down,2026-08-03T11:00:00-04:00
2026-08-03T10:12:55.857098-05:00,2026-08-03T15:12:55.857098+00:00,HG=F,Cobre,Commodity,6.503,6.436,0.067,1.041,up,2026-08-03T11:00:00-04:00
2026-08-03T10:12:55.857098-05:00,2026-08-03T15:12:55.857098+00:00,BTC-USD,Bitcoin,Crypto,63702.519531,63482.0,220.519531,0.3474,up,2026-08-03T11:00:00-04:00
2026-08-03T12:17:50.259977-05:00,2026-08-03T17:17:50.259977+00:00,USDPEN=X,USD/PEN,FX,3.3749,3.319342,0.055558,1.6738,up,2026-08-03T13:00:00-04:00
2026-08-03T12:17:50.259977-05:00,2026-08-03T17:17:50.259977+00:00,EURUSD=X,EUR/USD,FX,1.150616,1.152353,-0.001737,-0.1507,down,2026-08-03T13:15:00-04:00
2026-08-03T12:17:50.259977-05:00,2026-08-03T17:17:50.259977+00:00,DX-Y.NYB,DXY,Dólar,99.974998,99.800003,0.174995,0.1753,up,2026-08-03T13:00:00-04:00
2026-08-03T12:17:50.259977-05:00,2026-08-03T17:17:50.259977+00:00,^GSPC,S&P 500,Índice,7590.649902,7489.720215,100.929688,1.3476,up,2026-08-03T13:15:00-04:00
2026-08-03T12:17:50.259977-05:00,2026-08-03T17:17:50.259977+00:00,^IXIC,Nasdaq,Índice,25901.681641,25373.849609,527.832031,2.0802,up,2026-08-03T13:15:00-04:00
2026-08-03T12:17:50.259977-05:00,2026-08-03T17:17:50.259977+00:00,^DJI,Dow Jones,Índice,52980.328125,52485.03125,495.296875,0.9437,up,2026-08-03T13:15:00-04:00
2026-08-03T12:17:50.259977-05:00,2026-08-03T17:17:50.259977+00:00,^VIX,VIX,Volatilidad,15.57,15.99,-0.42,-2.6266,down,2026-08-03T13:00:00-04:00
2026-08-03T12:17:50.259977-05:00,2026-08-03T17:17:50.259977+00:00,^TNX,US 10Y,Tasa,4.69,4.745,-0.055,-1.1591,down,2026-08-03T12:50:00-04:00
2026-08-03T12:17:50.259977-05:00,2026-08-03T17:17:50.259977+00:00,GC=F,Oro,Commodity,4089.600098,4049.100098,40.5,1.0002,up,2026-08-03T13:00:00-04:00
2026-08-03T12:17:50.259977-05:00,2026-08-03T17:17:50.259977+00:00,CL=F,WTI,Commodity,80.010002,84.669998,-4.659996,-5.5037,down,2026-08-03T13:00:00-04:00
2026-08-03T12:17:50.259977-05:00,2026-08-03T17:17:50.259977+00:00,HG=F,Cobre,Commodity,6.523,6.436,0.087,1.3518,up,2026-08-03T13:00:00-04:00
2026-08-03T12:17:50.259977-05:00,2026-08-03T17:17:50.259977+00:00,BTC-USD,Bitcoin,Crypto,63772.871094,63482.0,290.871094,0.4582,up,2026-08-03T13:15:00-04:00
2026-08-03T14:55:00.716536-05:00,2026-08-03T19:55:00.716536+00:00,USDPEN=X,USD/PEN,FX,3.387,3.319342,0.067658,2.0383,up,2026-08-03T15:45:00-04:00
2026-08-03T14:55:00.716536-05:00,2026-08-03T19:55:00.716536+00:00,EURUSD=X,EUR/USD,FX,1.151543,1.152353,-0.000809,-0.0702,down,2026-08-03T15:45:00-04:00
2026-08-03T14:55:00.716536-05:00,2026-08-03T19:55:00.716536+00:00,DX-Y.NYB,DXY,Dólar,99.915001,99.800003,0.114998,0.1152,up,2026-08-03T15:30:00-04:00
2026-08-03T14:55:00.716536-05:00,2026-08-03T19:55:00.716536+00:00,^GSPC,S&P 500,Índice,7601.740234,7489.720215,112.02002,1.4957,up,2026-08-03T15:45:00-04:00
2026-08-03T14:55:00.716536-05:00,2026-08-03T19:55:00.716536+00:00,^IXIC,Nasdaq,Índice,25916.050781,25373.849609,542.201172,2.1369,up,2026-08-03T15:45:00-04:00
2026-08-03T14:55:00.716536-05:00,2026-08-03T19:55:00.716536+00:00,^DJI,Dow Jones,Índice,53200.339844,52485.03125,715.308594,1.3629,up,2026-08-03T15:45:00-04:00
2026-08-03T14:55:00.716536-05:00,2026-08-03T19:55:00.716536+00:00,^VIX,VIX,Volatilidad,15.79,15.99,-0.2,-1.2508,down,2026-08-03T15:30:00-04:00
2026-08-03T14:55:00.716536-05:00,2026-08-03T19:55:00.716536+00:00,^TNX,US 10Y,Tasa,4.686,4.745,-0.059,-1.2434,down,2026-08-03T14:50:00-04:00
2026-08-03T14:55:00.716536-05:00,2026-08-03T19:55:00.716536+00:00,GC=F,Oro,Commodity,4109.899902,4049.100098,60.799805,1.5016,up,2026-08-03T15:30:00-04:00
2026-08-03T14:55:00.716536-05:00,2026-08-03T19:55:00.716536+00:00,CL=F,WTI,Commodity,80.269997,84.669998,-4.400002,-5.1966,down,2026-08-03T15:30:00-04:00
2026-08-03T14:55:00.716536-05:00,2026-08-03T19:55:00.716536+00:00,HG=F,Cobre,Commodity,6.542,6.436,0.106,1.647,up,2026-08-03T15:30:00-04:00
2026-08-03T14:55:00.716536-05:00,2026-08-03T19:55:00.716536+00:00,BTC-USD,Bitcoin,Crypto,63889.808594,63482.0,407.808594,0.6424,up,2026-08-03T15:45:00-04:00
2026-08-03T16:19:49.128095-05:00,2026-08-03T21:19:49.128095+00:00,USDPEN=X,USD/PEN,FX,3.3872,3.319342,0.067858,2.0443,up,2026-08-03T17:15:00-04:00
2026-08-03T16:19:49.128095-05:00,2026-08-03T21:19:49.128095+00:00,EURUSD=X,EUR/USD,FX,1.151145,1.152353,-0.001207,-0.1048,down,2026-08-03T17:15:00-04:00
2026-08-03T16:19:49.128095-05:00,2026-08-03T21:19:49.128095+00:00,DX-Y.NYB,DXY,Dólar,99.954002,99.800003,0.153999,0.1543,up,2026-08-03T17:00:00-04:00
2026-08-03T16:19:49.128095-05:00,2026-08-03T21:19:49.128095+00:00,^GSPC,S&P 500,Índice,7599.970215,7489.720215,110.25,1.472,up,2026-08-03T15:45:00-04:00
2026-08-03T16:19:49.128095-05:00,2026-08-03T21:19:49.128095+00:00,^IXIC,Nasdaq,Índice,25912.861328,25373.849609,539.011719,2.1243,up,2026-08-03T15:45:00-04:00
2026-08-03T16:19:49.128095-05:00,2026-08-03T21:19:49.128095+00:00,^DJI,Dow Jones,Índice,53184.429688,52485.03125,699.398438,1.3326,up,2026-08-03T15:45:00-04:00
2026-08-03T16:19:49.128095-05:00,2026-08-03T21:19:49.128095+00:00,^VIX,VIX,Volatilidad,15.86,15.99,-0.13,-0.813,down,2026-08-03T16:00:00-04:00
2026-08-03T16:19:49.128095-05:00,2026-08-03T21:19:49.128095+00:00,^TNX,US 10Y,Tasa,4.686,4.745,-0.059,-1.2434,down,2026-08-03T14:50:00-04:00
2026-08-03T16:19:49.128095-05:00,2026-08-03T21:19:49.128095+00:00,GC=F,Oro,Commodity,4110.899902,4049.100098,61.799805,1.5263,up,2026-08-03T16:45:00-04:00
2026-08-03T16:19:49.128095-05:00,2026-08-03T21:19:49.128095+00:00,CL=F,WTI,Commodity,80.059998,84.669998,-4.610001,-5.4447,down,2026-08-03T16:45:00-04:00
2026-08-03T16:19:49.128095-05:00,2026-08-03T21:19:49.128095+00:00,HG=F,Cobre,Commodity,6.5435,6.436,0.1075,1.6703,up,2026-08-03T16:45:00-04:00
2026-08-03T16:19:49.128095-05:00,2026-08-03T21:19:49.128095+00:00,BTC-USD,Bitcoin,Crypto,63667.269531,63482.0,185.269531,0.2918,up,2026-08-03T17:15:00-04:00
2026-08-03T18:17:57.347177-05:00,2026-08-03T23:17:57.347177+00:00,USDPEN=X,USD/PEN,FX,3.3898,3.309496,0.080304,2.4265,up,2026-08-04T00:00:00
2026-08-03T18:17:57.347177-05:00,2026-08-03T23:17:57.347177+00:00,EURUSD=X,EUR/USD,FX,1.15141,1.154401,-0.002991,-0.2591,down,2026-08-03T19:15:00-04:00
2026-08-03T18:17:57.347177-05:00,2026-08-03T23:17:57.347177+00:00,DX-Y.NYB,DXY,Dólar,99.990997,99.800003,0.190994,0.1914,up,2026-08-03T18:00:00-04:00
2026-08-03T18:17:57.347177-05:00,2026-08-03T23:17:57.347177+00:00,^GSPC,S&P 500,Índice,7599.970215,7489.720215,110.25,1.472,up,2026-08-03T15:45:00-04:00
2026-08-03T18:17:57.347177-05:00,2026-08-03T23:17:57.347177+00:00,^IXIC,Nasdaq,Índice,25912.861328,25373.849609,539.011719,2.1243,up,2026-08-03T15:45:00-04:00
2026-08-03T18:17:57.347177-05:00,2026-08-03T23:17:57.347177+00:00,^DJI,Dow Jones,Índice,53184.429688,52485.03125,699.398438,1.3326,up,2026-08-03T15:45:00-04:00
2026-08-03T18:17:57.347177-05:00,2026-08-03T23:17:57.347177+00:00,^VIX,VIX,Volatilidad,15.86,15.99,-0.13,-0.813,down,2026-08-03T16:00:00-04:00
2026-08-03T18:17:57.347177-05:00,2026-08-03T23:17:57.347177+00:00,^TNX,US 10Y,Tasa,4.686,4.745,-0.059,-1.2434,down,2026-08-03T14:50:00-04:00
2026-08-03T18:17:57.347177-05:00,2026-08-03T23:17:57.347177+00:00,GC=F,Oro,Commodity,4108.799805,4049.100098,59.699707,1.4744,up,2026-08-03T19:00:00-04:00
2026-08-03T18:17:57.347177-05:00,2026-08-03T23:17:57.347177+00:00,CL=F,WTI,Commodity,80.309998,84.669998,-4.360001,-5.1494,down,2026-08-03T19:00:00-04:00
2026-08-03T18:17:57.347177-05:00,2026-08-03T23:17:57.347177+00:00,HG=F,Cobre,Commodity,6.5455,6.436,0.1095,1.7014,up,2026-08-03T19:00:00-04:00
2026-08-03T18:17:57.347177-05:00,2026-08-03T23:17:57.347177+00:00,BTC-USD,Bitcoin,Crypto,63553.621094,63482.0,71.621094,0.1128,up,2026-08-03T19:15:00-04:00
2026-08-04T09:37:22.410555-05:00,2026-08-04T14:37:22.410555+00:00,USDPEN=X,USD/PEN,FX,3.3896,3.309496,0.080104,2.4204,up,2026-08-04T10:30:00-04:00
2026-08-04T09:37:22.410555-05:00,2026-08-04T14:37:22.410555+00:00,EURUSD=X,EUR/USD,FX,1.152738,1.154401,-0.001663,-0.1441,down,2026-08-04T10:30:00-04:00
2026-08-04T09:37:22.410555-05:00,2026-08-04T14:37:22.410555+00:00,DX-Y.NYB,DXY,Dólar,99.860001,99.959999,-0.099998,-0.1,down,2026-08-04T10:15:00-04:00
2026-08-04T09:37:22.410555-05:00,2026-08-04T14:37:22.410555+00:00,^GSPC,S&P 500,Índice,7672.890137,7600.5,72.390137,0.9524,up,2026-08-04T10:30:00-04:00
2026-08-04T09:37:22.410555-05:00,2026-08-04T14:37:22.410555+00:00,^IXIC,Nasdaq,Índice,26317.021484,25913.900391,403.121094,1.5556,up,2026-08-04T10:30:00-04:00
2026-08-04T09:37:22.410555-05:00,2026-08-04T14:37:22.410555+00:00,^DJI,Dow Jones,Índice,53801.351562,53178.410156,622.941406,1.1714,up,2026-08-04T10:30:00-04:00
2026-08-04T09:37:22.410555-05:00,2026-08-04T14:37:22.410555+00:00,^VIX,VIX,Volatilidad,16.040001,15.86,0.180001,1.1349,up,2026-08-04T10:15:00-04:00
2026-08-04T09:37:22.410555-05:00,2026-08-04T14:37:22.410555+00:00,^TNX,US 10Y,Tasa,4.639,4.686,-0.047,-1.003,down,2026-08-04T10:20:00-04:00
2026-08-04T09:37:22.410555-05:00,2026-08-04T14:37:22.410555+00:00,GC=F,Oro,Commodity,4141.200195,4033.699951,107.500244,2.6651,up,2026-08-04T10:15:00-04:00
2026-08-04T09:37:22.410555-05:00,2026-08-04T14:37:22.410555+00:00,CL=F,WTI,Commodity,76.169998,80.339996,-4.169998,-5.1904,down,2026-08-04T10:15:00-04:00
2026-08-04T09:37:22.410555-05:00,2026-08-04T14:37:22.410555+00:00,HG=F,Cobre,Commodity,6.659,6.514,0.145,2.226,up,2026-08-04T10:15:00-04:00
2026-08-04T09:37:22.410555-05:00,2026-08-04T14:37:22.410555+00:00,BTC-USD,Bitcoin,Crypto,63866.691406,63460.898438,405.792969,0.6394,up,2026-08-04T10:30:00-04:00
2026-08-04T12:01:27.807523-05:00,2026-08-04T17:01:27.807523+00:00,USDPEN=X,USD/PEN,FX,3.3844,3.309496,0.074904,2.2633,up,2026-08-04T13:00:00-04:00
2026-08-04T12:01:27.807523-05:00,2026-08-04T17:01:27.807523+00:00,EURUSD=X,EUR/USD,FX,1.152339,1.154401,-0.002062,-0.1786,down,2026-08-04T13:00:00-04:00
2026-08-04T12:01:27.807523-05:00,2026-08-04T17:01:27.807523+00:00,DX-Y.NYB,DXY,Dólar,99.945,99.959999,-0.014999,-0.015,down,2026-08-04T12:45:00-04:00
2026-08-04T12:01:27.807523-05:00,2026-08-04T17:01:27.807523+00:00,^GSPC,S&P 500,Índice,7731.490234,7600.5,130.990234,1.7234,up,2026-08-04T13:00:00-04:00
2026-08-04T12:01:27.807523-05:00,2026-08-04T17:01:27.807523+00:00,^IXIC,Nasdaq,Índice,26514.310547,25913.900391,600.410156,2.3169,up,2026-08-04T13:00:00-04:00
2026-08-04T12:01:27.807523-05:00,2026-08-04T17:01:27.807523+00:00,^DJI,Dow Jones,Índice,54186.851562,53178.410156,1008.441406,1.8963,up,2026-08-04T13:00:00-04:00
2026-08-04T12:01:27.807523-05:00,2026-08-04T17:01:27.807523+00:00,^VIX,VIX,Volatilidad,16.219999,15.86,0.36,2.2699,up,2026-08-04T12:45:00-04:00
2026-08-04T12:01:27.807523-05:00,2026-08-04T17:01:27.807523+00:00,^TNX,US 10Y,Tasa,4.629,4.686,-0.057,-1.2164,down,2026-08-04T12:35:00-04:00
2026-08-04T12:01:27.807523-05:00,2026-08-04T17:01:27.807523+00:00,GC=F,Oro,Commodity,4150.100098,4033.699951,116.400146,2.8857,up,2026-08-04T12:45:00-04:00
2026-08-04T12:01:27.807523-05:00,2026-08-04T17:01:27.807523+00:00,CL=F,WTI,Commodity,76.239998,80.339996,-4.099998,-5.1033,down,2026-08-04T12:45:00-04:00
2026-08-04T12:01:27.807523-05:00,2026-08-04T17:01:27.807523+00:00,HG=F,Cobre,Commodity,6.6485,6.514,0.1345,2.0648,up,2026-08-04T12:45:00-04:00
2026-08-04T12:01:27.807523-05:00,2026-08-04T17:01:27.807523+00:00,BTC-USD,Bitcoin,Crypto,63947.25,63460.898438,486.351562,0.7664,up,2026-08-04T13:00:00-04:00
2026-08-04T13:49:15.320764-05:00,2026-08-04T18:49:15.320764+00:00,USDPEN=X,USD/PEN,FX,3.3873,3.309496,0.077804,2.3509,up,2026-08-04T14:45:00-04:00
2026-08-04T13:49:15.320764-05:00,2026-08-04T18:49:15.320764+00:00,EURUSD=X,EUR/USD,FX,1.153004,1.154401,-0.001398,-0.1211,down,2026-08-04T14:45:00-04:00
2026-08-04T13:49:15.320764-05:00,2026-08-04T18:49:15.320764+00:00,DX-Y.NYB,DXY,Dólar,99.917999,99.959999,-0.042,-0.042,down,2026-08-04T14:30:00-04:00
2026-08-04T13:49:15.320764-05:00,2026-08-04T18:49:15.320764+00:00,^GSPC,S&P 500,Índice,7747.029785,7600.5,146.529785,1.9279,up,2026-08-04T14:45:00-04:00
2026-08-04T13:49:15.320764-05:00,2026-08-04T18:49:15.320764+00:00,^IXIC,Nasdaq,Índice,26628.755859,25913.900391,714.855469,2.7586,up,2026-08-04T14:45:00-04:00
2026-08-04T13:49:15.320764-05:00,2026-08-04T18:49:15.320764+00:00,^DJI,Dow Jones,Índice,54165.0,53178.410156,986.589844,1.8552,up,2026-08-04T14:45:00-04:00
2026-08-04T13:49:15.320764-05:00,2026-08-04T18:49:15.320764+00:00,^VIX,VIX,Volatilidad,16.530001,15.86,0.670001,4.2245,up,2026-08-04T14:30:00-04:00
2026-08-04T13:49:15.320764-05:00,2026-08-04T18:49:15.320764+00:00,^TNX,US 10Y,Tasa,4.631,4.686,-0.055,-1.1737,down,2026-08-04T14:20:00-04:00
2026-08-04T13:49:15.320764-05:00,2026-08-04T18:49:15.320764+00:00,GC=F,Oro,Commodity,4136.600098,4033.699951,102.900146,2.551,up,2026-08-04T14:30:00-04:00
2026-08-04T13:49:15.320764-05:00,2026-08-04T18:49:15.320764+00:00,CL=F,WTI,Commodity,75.900002,80.339996,-4.439995,-5.5265,down,2026-08-04T14:30:00-04:00
2026-08-04T13:49:15.320764-05:00,2026-08-04T18:49:15.320764+00:00,HG=F,Cobre,Commodity,6.6355,6.514,0.1215,1.8652,up,2026-08-04T14:30:00-04:00
2026-08-04T13:49:15.320764-05:00,2026-08-04T18:49:15.320764+00:00,BTC-USD,Bitcoin,Crypto,64260.878906,63460.898438,799.980469,1.2606,up,2026-08-04T14:45:00-04:00
2026-08-04T15:41:29.959709-05:00,2026-08-04T20:41:29.959709+00:00,USDPEN=X,USD/PEN,FX,3.393,3.309496,0.083504,2.5232,up,2026-08-04T16:30:00-04:00
2026-08-04T15:41:29.959709-05:00,2026-08-04T20:41:29.959709+00:00,EURUSD=X,EUR/USD,FX,1.153403,1.154401,-0.000999,-0.0865,down,2026-08-04T16:30:00-04:00
2026-08-04T15:41:29.959709-05:00,2026-08-04T20:41:29.959709+00:00,DX-Y.NYB,DXY,Dólar,99.862999,99.959999,-0.097,-0.097,down,2026-08-04T16:30:00-04:00
2026-08-04T15:41:29.959709-05:00,2026-08-04T20:41:29.959709+00:00,^GSPC,S&P 500,Índice,7735.600098,7600.5,135.100098,1.7775,up,2026-08-04T15:45:00-04:00
2026-08-04T15:41:29.959709-05:00,2026-08-04T20:41:29.959709+00:00,^IXIC,Nasdaq,Índice,26581.990234,25913.900391,668.089844,2.5781,up,2026-08-04T15:45:00-04:00
2026-08-04T15:41:29.959709-05:00,2026-08-04T20:41:29.959709+00:00,^DJI,Dow Jones,Índice,54090.660156,53178.410156,912.25,1.7155,up,2026-08-04T15:45:00-04:00
2026-08-04T15:41:29.959709-05:00,2026-08-04T20:41:29.959709+00:00,^VIX,VIX,Volatilidad,16.5,15.86,0.64,4.0353,up,2026-08-04T16:00:00-04:00
2026-08-04T15:41:29.959709-05:00,2026-08-04T20:41:29.959709+00:00,^TNX,US 10Y,Tasa,4.627,4.686,-0.059,-1.2591,down,2026-08-04T14:50:00-04:00
2026-08-04T15:41:29.959709-05:00,2026-08-04T20:41:29.959709+00:00,GC=F,Oro,Commodity,4132.700195,4033.699951,99.000244,2.4543,up,2026-08-04T16:30:00-04:00
2026-08-04T15:41:29.959709-05:00,2026-08-04T20:41:29.959709+00:00,CL=F,WTI,Commodity,75.470001,80.339996,-4.869995,-6.0617,down,2026-08-04T16:30:00-04:00
2026-08-04T15:41:29.959709-05:00,2026-08-04T20:41:29.959709+00:00,HG=F,Cobre,Commodity,6.6255,6.514,0.1115,1.7117,up,2026-08-04T16:30:00-04:00
2026-08-04T15:41:29.959709-05:00,2026-08-04T20:41:29.959709+00:00,BTC-USD,Bitcoin,Crypto,64358.078125,63460.898438,897.179688,1.4138,up,2026-08-04T16:30:00-04:00
2026-08-04T17:20:31.010753-05:00,2026-08-04T22:20:31.010753+00:00,USDPEN=X,USD/PEN,FX,3.3929,3.309496,0.083404,2.5201,up,2026-08-04T17:15:00-04:00
2026-08-04T17:20:31.010753-05:00,2026-08-04T22:20:31.010753+00:00,EURUSD=X,EUR/USD,FX,1.153403,1.154401,-0.000999,-0.0865,down,2026-08-04T18:15:00-04:00
2026-08-04T17:20:31.010753-05:00,2026-08-04T22:20:31.010753+00:00,DX-Y.NYB,DXY,Dólar,99.882004,99.959999,-0.077995,-0.078,down,2026-08-04T18:00:00-04:00
2026-08-04T17:20:31.010753-05:00,2026-08-04T22:20:31.010753+00:00,^GSPC,S&P 500,Índice,7735.600098,7600.5,135.100098,1.7775,up,2026-08-04T15:45:00-04:00
2026-08-04T17:20:31.010753-05:00,2026-08-04T22:20:31.010753+00:00,^IXIC,Nasdaq,Índice,26581.990234,25913.900391,668.089844,2.5781,up,2026-08-04T15:45:00-04:00
2026-08-04T17:20:31.010753-05:00,2026-08-04T22:20:31.010753+00:00,^DJI,Dow Jones,Índice,54090.660156,53178.410156,912.25,1.7155,up,2026-08-04T15:45:00-04:00
2026-08-04T17:20:31.010753-05:00,2026-08-04T22:20:31.010753+00:00,^VIX,VIX,Volatilidad,16.5,15.86,0.64,4.0353,up,2026-08-04T16:00:00-04:00
2026-08-04T17:20:31.010753-05:00,2026-08-04T22:20:31.010753+00:00,^TNX,US 10Y,Tasa,4.627,4.686,-0.059,-1.2591,down,2026-08-04T14:50:00-04:00
2026-08-04T17:20:31.010753-05:00,2026-08-04T22:20:31.010753+00:00,GC=F,Oro,Commodity,4133.899902,4033.699951,100.199951,2.4841,up,2026-08-04T18:00:00-04:00
2026-08-04T17:20:31.010753-05:00,2026-08-04T22:20:31.010753+00:00,CL=F,WTI,Commodity,75.260002,80.339996,-5.079994,-6.3231,down,2026-08-04T18:00:00-04:00
2026-08-04T17:20:31.010753-05:00,2026-08-04T22:20:31.010753+00:00,HG=F,Cobre,Commodity,6.6355,6.514,0.1215,1.8652,up,2026-08-04T18:00:00-04:00
2026-08-04T17:20:31.010753-05:00,2026-08-04T22:20:31.010753+00:00,BTC-USD,Bitcoin,Crypto,64183.53125,63460.898438,722.632812,1.1387,up,2026-08-04T18:15:00-04:00
2026-08-04T19:13:23.923845-05:00,2026-08-05T00:13:23.923845+00:00,USDPEN=X,USD/PEN,FX,3.3921,3.311987,0.080113,2.4189,up,2026-08-04T19:45:00-04:00
2026-08-04T19:13:23.923845-05:00,2026-08-05T00:13:23.923845+00:00,EURUSD=X,EUR/USD,FX,1.153536,1.150735,0.002801,0.2434,up,2026-08-04T20:00:00-04:00
2026-08-04T19:13:23.923845-05:00,2026-08-05T00:13:23.923845+00:00,DX-Y.NYB,DXY,Dólar,99.864998,99.959999,-0.095001,-0.095,down,2026-08-04T20:00:00-04:00
2026-08-04T19:13:23.923845-05:00,2026-08-05T00:13:23.923845+00:00,^GSPC,S&P 500,Índice,7735.600098,7600.5,135.100098,1.7775,up,2026-08-04T15:45:00-04:00
2026-08-04T19:13:23.923845-05:00,2026-08-05T00:13:23.923845+00:00,^IXIC,Nasdaq,Índice,26581.990234,25913.900391,668.089844,2.5781,up,2026-08-04T15:45:00-04:00
2026-08-04T19:13:23.923845-05:00,2026-08-05T00:13:23.923845+00:00,^DJI,Dow Jones,Índice,54090.660156,53178.410156,912.25,1.7155,up,2026-08-04T15:45:00-04:00
2026-08-04T19:13:23.923845-05:00,2026-08-05T00:13:23.923845+00:00,^VIX,VIX,Volatilidad,16.5,15.86,0.64,4.0353,up,2026-08-04T16:00:00-04:00
2026-08-04T19:13:23.923845-05:00,2026-08-05T00:13:23.923845+00:00,^TNX,US 10Y,Tasa,4.627,4.686,-0.059,-1.2591,down,2026-08-04T14:50:00-04:00
2026-08-04T19:13:23.923845-05:00,2026-08-05T00:13:23.923845+00:00,GC=F,Oro,Commodity,4128.600098,4033.699951,94.900146,2.3527,up,2026-08-04T20:00:00-04:00
2026-08-04T19:13:23.923845-05:00,2026-08-05T00:13:23.923845+00:00,CL=F,WTI,Commodity,75.089996,80.339996,-5.25,-6.5347,down,2026-08-04T20:00:00-04:00
2026-08-04T19:13:23.923845-05:00,2026-08-05T00:13:23.923845+00:00,HG=F,Cobre,Commodity,6.627,6.514,0.113,1.7347,up,2026-08-04T20:00:00-04:00
2026-08-04T19:13:23.923845-05:00,2026-08-05T00:13:23.923845+00:00,BTC-USD,Bitcoin,Crypto,63964.800781,63460.898438,503.902344,0.794,up,2026-08-04T20:00:00-04:00
2026-08-05T09:30:17.969680-05:00,2026-08-05T14:30:17.969680+00:00,USDPEN=X,USD/PEN,FX,3.3845,3.311987,0.072513,2.1894,up,2026-08-05T10:15:00-04:00
2026-08-05T09:30:17.969680-05:00,2026-08-05T14:30:17.969680+00:00,EURUSD=X,EUR/USD,FX,1.155402,1.150735,0.004667,0.4056,up,2026-08-05T10:15:00-04:00
2026-08-05T09:30:17.969680-05:00,2026-08-05T14:30:17.969680+00:00,DX-Y.NYB,DXY,Dólar,99.650002,99.889999,-0.239998,-0.2403,down,2026-08-05T10:15:00-04:00
2026-08-05T09:30:17.969680-05:00,2026-08-05T14:30:17.969680+00:00,^GSPC,S&P 500,Índice,7770.689941,7736.52002,34.169922,0.4417,up,2026-08-05T10:30:00-04:00
2026-08-05T09:30:17.969680-05:00,2026-08-05T14:30:17.969680+00:00,^IXIC,Nasdaq,Índice,26638.441406,26584.990234,53.451172,0.2011,up,2026-08-05T10:30:00-04:00
2026-08-05T09:30:17.969680-05:00,2026-08-05T14:30:17.969680+00:00,^DJI,Dow Jones,Índice,54668.289062,54085.878906,582.410156,1.0768,up,2026-08-05T10:30:00-04:00
2026-08-05T09:30:17.969680-05:00,2026-08-05T14:30:17.969680+00:00,^VIX,VIX,Volatilidad,16.92,16.5,0.42,2.5455,up,2026-08-05T10:15:00-04:00
2026-08-05T09:30:17.969680-05:00,2026-08-05T14:30:17.969680+00:00,^TNX,US 10Y,Tasa,4.621,4.627,-0.006,-0.1297,down,2026-08-05T10:05:00-04:00
2026-08-05T09:30:17.969680-05:00,2026-08-05T14:30:17.969680+00:00,GC=F,Oro,Commodity,4295.100098,4095.399902,199.700195,4.8762,up,2026-08-05T10:15:00-04:00
2026-08-05T09:30:17.969680-05:00,2026-08-05T14:30:17.969680+00:00,CL=F,WTI,Commodity,75.07,75.769997,-0.699997,-0.9238,down,2026-08-05T10:15:00-04:00
2026-08-05T09:30:17.969680-05:00,2026-08-05T14:30:17.969680+00:00,HG=F,Cobre,Commodity,6.682,6.6185,0.0635,0.9594,up,2026-08-05T10:15:00-04:00
2026-08-05T09:30:17.969680-05:00,2026-08-05T14:30:17.969680+00:00,BTC-USD,Bitcoin,Crypto,64278.808594,64055.953125,222.855469,0.3479,up,2026-08-05T10:30:00-04:00
2026-08-05T11:51:09.581303-05:00,2026-08-05T16:51:09.581303+00:00,USDPEN=X,USD/PEN,FX,3.388,3.311987,0.076013,2.2951,up,2026-08-05T12:45:00-04:00
2026-08-05T11:51:09.581303-05:00,2026-08-05T16:51:09.581303+00:00,EURUSD=X,EUR/USD,FX,1.154868,1.150735,0.004133,0.3592,up,2026-08-05T12:45:00-04:00
2026-08-05T11:51:09.581303-05:00,2026-08-05T16:51:09.581303+00:00,DX-Y.NYB,DXY,Dólar,99.751999,99.889999,-0.138,-0.1382,down,2026-08-05T12:30:00-04:00
2026-08-05T11:51:09.581303-05:00,2026-08-05T16:51:09.581303+00:00,^GSPC,S&P 500,Índice,7741.939941,7736.52002,5.419922,0.0701,up,2026-08-05T12:45:00-04:00
2026-08-05T11:51:09.581303-05:00,2026-08-05T16:51:09.581303+00:00,^IXIC,Nasdaq,Índice,26504.361328,26584.990234,-80.628906,-0.3033,down,2026-08-05T12:45:00-04:00
2026-08-05T11:51:09.581303-05:00,2026-08-05T16:51:09.581303+00:00,^DJI,Dow Jones,Índice,54523.148438,54085.878906,437.269531,0.8085,up,2026-08-05T12:45:00-04:00
2026-08-05T11:51:09.581303-05:00,2026-08-05T16:51:09.581303+00:00,^VIX,VIX,Volatilidad,16.030001,16.5,-0.469999,-2.8485,down,2026-08-05T12:30:00-04:00
2026-08-05T11:51:09.581303-05:00,2026-08-05T16:51:09.581303+00:00,^TNX,US 10Y,Tasa,4.635,4.627,0.008,0.1729,up,2026-08-05T12:35:00-04:00
2026-08-05T11:51:09.581303-05:00,2026-08-05T16:51:09.581303+00:00,GC=F,Oro,Commodity,4306.5,4095.399902,211.100098,5.1546,up,2026-08-05T12:30:00-04:00
2026-08-05T11:51:09.581303-05:00,2026-08-05T16:51:09.581303+00:00,CL=F,WTI,Commodity,75.489998,75.769997,-0.279999,-0.3695,down,2026-08-05T12:30:00-04:00
2026-08-05T11:51:09.581303-05:00,2026-08-05T16:51:09.581303+00:00,HG=F,Cobre,Commodity,6.7235,6.6185,0.105,1.5865,up,2026-08-05T12:30:00-04:00
2026-08-05T11:51:09.581303-05:00,2026-08-05T16:51:09.581303+00:00,BTC-USD,Bitcoin,Crypto,64597.910156,64055.953125,541.957031,0.8461,up,2026-08-05T12:45:00-04:00
2026-08-05T13:47:31.991929-05:00,2026-08-05T18:47:31.991929+00:00,USDPEN=X,USD/PEN,FX,3.3822,3.311987,0.070213,2.12,up,2026-08-05T14:30:00-04:00
2026-08-05T13:47:31.991929-05:00,2026-08-05T18:47:31.991929+00:00,EURUSD=X,EUR/USD,FX,1.155802,1.150735,0.005067,0.4404,up,2026-08-05T14:45:00-04:00
2026-08-05T13:47:31.991929-05:00,2026-08-05T18:47:31.991929+00:00,DX-Y.NYB,DXY,Dólar,99.666,99.889999,-0.223999,-0.2242,down,2026-08-05T14:30:00-04:00
2026-08-05T13:47:31.991929-05:00,2026-08-05T18:47:31.991929+00:00,^GSPC,S&P 500,Índice,7741.459961,7736.52002,4.939941,0.0639,up,2026-08-05T14:45:00-04:00
2026-08-05T13:47:31.991929-05:00,2026-08-05T18:47:31.991929+00:00,^IXIC,Nasdaq,Índice,26441.230469,26584.990234,-143.759766,-0.5408,down,2026-08-05T14:45:00-04:00
2026-08-05T13:47:31.991929-05:00,2026-08-05T18:47:31.991929+00:00,^DJI,Dow Jones,Índice,54510.058594,54085.878906,424.179688,0.7843,up,2026-08-05T14:45:00-04:00
2026-08-05T13:47:31.991929-05:00,2026-08-05T18:47:31.991929+00:00,^VIX,VIX,Volatilidad,15.65,16.5,-0.85,-5.1515,down,2026-08-05T14:30:00-04:00
2026-08-05T13:47:31.991929-05:00,2026-08-05T18:47:31.991929+00:00,^TNX,US 10Y,Tasa,4.617,4.627,-0.01,-0.2161,down,2026-08-05T14:20:00-04:00
2026-08-05T13:47:31.991929-05:00,2026-08-05T18:47:31.991929+00:00,GC=F,Oro,Commodity,4317.200195,4095.399902,221.800293,5.4158,up,2026-08-05T14:30:00-04:00
2026-08-05T13:47:31.991929-05:00,2026-08-05T18:47:31.991929+00:00,CL=F,WTI,Commodity,75.239998,75.769997,-0.529999,-0.6995,down,2026-08-05T14:30:00-04:00
2026-08-05T13:47:31.991929-05:00,2026-08-05T18:47:31.991929+00:00,HG=F,Cobre,Commodity,6.754,6.6185,0.1355,2.0473,up,2026-08-05T14:30:00-04:00
2026-08-05T13:47:31.991929-05:00,2026-08-05T18:47:31.991929+00:00,BTC-USD,Bitcoin,Crypto,64756.359375,64055.953125,700.40625,1.0934,up,2026-08-05T14:45:00-04:00
2026-08-05T15:38:22.631123-05:00,2026-08-05T20:38:22.631123+00:00,USDPEN=X,USD/PEN,FX,3.3827,3.311987,0.070713,2.1351,up,2026-08-05T16:30:00-04:00
2026-08-05T15:38:22.631123-05:00,2026-08-05T20:38:22.631123+00:00,EURUSD=X,EUR/USD,FX,1.155668,1.150735,0.004934,0.4287,up,2026-08-05T16:30:00-04:00
2026-08-05T15:38:22.631123-05:00,2026-08-05T20:38:22.631123+00:00,DX-Y.NYB,DXY,Dólar,99.708,99.889999,-0.181999,-0.1822,down,2026-08-05T16:15:00-04:00
2026-08-05T15:38:22.631123-05:00,2026-08-05T20:38:22.631123+00:00,^GSPC,S&P 500,Índice,7722.120117,7736.52002,-14.399902,-0.1861,down,2026-08-05T15:45:00-04:00
2026-08-05T15:38:22.631123-05:00,2026-08-05T20:38:22.631123+00:00,^IXIC,Nasdaq,Índice,26359.671875,26584.990234,-225.318359,-0.8475,down,2026-08-05T15:45:00-04:00
2026-08-05T15:38:22.631123-05:00,2026-08-05T20:38:22.631123+00:00,^DJI,Dow Jones,Índice,54349.941406,54085.878906,264.0625,0.4882,up,2026-08-05T15:45:00-04:00
2026-08-05T15:38:22.631123-05:00,2026-08-05T20:38:22.631123+00:00,^VIX,VIX,Volatilidad,15.82,16.5,-0.68,-4.1212,down,2026-08-05T16:00:00-04:00
2026-08-05T15:38:22.631123-05:00,2026-08-05T20:38:22.631123+00:00,^TNX,US 10Y,Tasa,4.617,4.627,-0.01,-0.2161,down,2026-08-05T14:50:00-04:00
2026-08-05T15:38:22.631123-05:00,2026-08-05T20:38:22.631123+00:00,GC=F,Oro,Commodity,4306.5,4095.399902,211.100098,5.1546,up,2026-08-05T16:15:00-04:00
2026-08-05T15:38:22.631123-05:00,2026-08-05T20:38:22.631123+00:00,CL=F,WTI,Commodity,75.0,75.769997,-0.769997,-1.0162,down,2026-08-05T16:15:00-04:00
2026-08-05T15:38:22.631123-05:00,2026-08-05T20:38:22.631123+00:00,HG=F,Cobre,Commodity,6.7395,6.6185,0.121,1.8282,up,2026-08-05T16:15:00-04:00
2026-08-05T15:38:22.631123-05:00,2026-08-05T20:38:22.631123+00:00,BTC-USD,Bitcoin,Crypto,64912.421875,64055.953125,856.46875,1.3371,up,2026-08-05T16:30:00-04:00
2026-08-05T17:18:38.343169-05:00,2026-08-05T22:18:38.343169+00:00,USDPEN=X,USD/PEN,FX,3.3832,3.311987,0.071213,2.1502,up,2026-08-05T17:15:00-04:00
2026-08-05T17:18:38.343169-05:00,2026-08-05T22:18:38.343169+00:00,EURUSD=X,EUR/USD,FX,1.155802,1.150735,0.005067,0.4404,up,2026-08-05T18:15:00-04:00
2026-08-05T17:18:38.343169-05:00,2026-08-05T22:18:38.343169+00:00,DX-Y.NYB,DXY,Dólar,99.690002,99.889999,-0.199997,-0.2002,down,2026-08-05T18:00:00-04:00
2026-08-05T17:18:38.343169-05:00,2026-08-05T22:18:38.343169+00:00,^GSPC,S&P 500,Índice,7722.120117,7736.52002,-14.399902,-0.1861,down,2026-08-05T15:45:00-04:00
2026-08-05T17:18:38.343169-05:00,2026-08-05T22:18:38.343169+00:00,^IXIC,Nasdaq,Índice,26359.671875,26584.990234,-225.318359,-0.8475,down,2026-08-05T15:45:00-04:00
2026-08-05T17:18:38.343169-05:00,2026-08-05T22:18:38.343169+00:00,^DJI,Dow Jones,Índice,54349.941406,54085.878906,264.0625,0.4882,up,2026-08-05T15:45:00-04:00
2026-08-05T17:18:38.343169-05:00,2026-08-05T22:18:38.343169+00:00,^VIX,VIX,Volatilidad,15.82,16.5,-0.68,-4.1212,down,2026-08-05T16:00:00-04:00
2026-08-05T17:18:38.343169-05:00,2026-08-05T22:18:38.343169+00:00,^TNX,US 10Y,Tasa,4.617,4.627,-0.01,-0.2161,down,2026-08-05T14:50:00-04:00
2026-08-05T17:18:38.343169-05:00,2026-08-05T22:18:38.343169+00:00,GC=F,Oro,Commodity,4309.0,4095.399902,213.600098,5.2156,up,2026-08-05T18:00:00-04:00
2026-08-05T17:18:38.343169-05:00,2026-08-05T22:18:38.343169+00:00,CL=F,WTI,Commodity,75.139999,75.769997,-0.629997,-0.8315,down,2026-08-05T18:00:00-04:00
2026-08-05T17:18:38.343169-05:00,2026-08-05T22:18:38.343169+00:00,HG=F,Cobre,Commodity,6.751,6.6185,0.1325,2.002,up,2026-08-05T18:00:00-04:00
2026-08-05T17:18:38.343169-05:00,2026-08-05T22:18:38.343169+00:00,BTC-USD,Bitcoin,Crypto,64635.058594,64055.953125,579.105469,0.9041,up,2026-08-05T18:15:00-04:00
2026-08-05T19:08:51.535612-05:00,2026-08-06T00:08:51.535612+00:00,USDPEN=X,USD/PEN,FX,3.383,3.392,-0.009,-0.2653,down,2026-08-05T19:45:00-04:00
2026-08-05T19:08:51.535612-05:00,2026-08-06T00:08:51.535612+00:00,EURUSD=X,EUR/USD,FX,1.155802,1.153243,0.002559,0.2219,up,2026-08-05T20:00:00-04:00
2026-08-05T19:08:51.535612-05:00,2026-08-06T00:08:51.535612+00:00,DX-Y.NYB,DXY,Dólar,99.653,99.889999,-0.237,-0.2373,down,2026-08-05T19:45:00-04:00
2026-08-05T19:08:51.535612-05:00,2026-08-06T00:08:51.535612+00:00,^GSPC,S&P 500,Índice,7722.120117,7736.52002,-14.399902,-0.1861,down,2026-08-05T15:45:00-04:00
2026-08-05T19:08:51.535612-05:00,2026-08-06T00:08:51.535612+00:00,^IXIC,Nasdaq,Índice,26359.671875,26584.990234,-225.318359,-0.8475,down,2026-08-05T15:45:00-04:00
2026-08-05T19:08:51.535612-05:00,2026-08-06T00:08:51.535612+00:00,^DJI,Dow Jones,Índice,54349.941406,54085.878906,264.0625,0.4882,up,2026-08-05T15:45:00-04:00
2026-08-05T19:08:51.535612-05:00,2026-08-06T00:08:51.535612+00:00,^VIX,VIX,Volatilidad,15.82,16.5,-0.68,-4.1212,down,2026-08-05T16:00:00-04:00
2026-08-05T19:08:51.535612-05:00,2026-08-06T00:08:51.535612+00:00,^TNX,US 10Y,Tasa,4.617,4.627,-0.01,-0.2161,down,2026-08-05T14:50:00-04:00
2026-08-05T19:08:51.535612-05:00,2026-08-06T00:08:51.535612+00:00,GC=F,Oro,Commodity,4338.899902,4095.399902,243.5,5.9457,up,2026-08-05T19:45:00-04:00
2026-08-05T19:08:51.535612-05:00,2026-08-06T00:08:51.535612+00:00,CL=F,WTI,Commodity,74.860001,75.769997,-0.909996,-1.201,down,2026-08-05T19:45:00-04:00
2026-08-05T19:08:51.535612-05:00,2026-08-06T00:08:51.535612+00:00,HG=F,Cobre,Commodity,6.753,6.6185,0.1345,2.0322,up,2026-08-05T19:45:00-04:00
2026-08-05T19:08:51.535612-05:00,2026-08-06T00:08:51.535612+00:00,BTC-USD,Bitcoin,Crypto,64586.460938,64055.953125,530.507812,0.8282,up,2026-08-05T20:00:00-04:00
2026-08-06T09:32:40.533051-05:00,2026-08-06T14:32:40.533051+00:00,USDPEN=X,USD/PEN,FX,3.378,3.392,-0.014,-0.4127,down,2026-08-06T03:30:00-04:00
2026-08-06T09:32:40.533051-05:00,2026-08-06T14:32:40.533051+00:00,EURUSD=X,EUR/USD,FX,1.154601,1.153243,0.001358,0.1178,up,2026-08-06T03:30:00-04:00
2026-08-06T09:32:40.533051-05:00,2026-08-06T14:32:40.533051+00:00,DX-Y.NYB,DXY,Dólar,99.741997,99.690002,0.051994,0.0522,up,2026-08-06T03:30:00-04:00
2026-08-06T09:32:40.533051-05:00,2026-08-06T14:32:40.533051+00:00,^GSPC,S&P 500,Índice,7722.120117,7736.52002,-14.399902,-0.1861,down,2026-08-05T15:45:00-04:00
2026-08-06T09:32:40.533051-05:00,2026-08-06T14:32:40.533051+00:00,^IXIC,Nasdaq,Índice,26359.671875,26584.990234,-225.318359,-0.8475,down,2026-08-05T15:45:00-04:00
2026-08-06T09:32:40.533051-05:00,2026-08-06T14:32:40.533051+00:00,^DJI,Dow Jones,Índice,54349.941406,54085.878906,264.0625,0.4882,up,2026-08-05T15:45:00-04:00
2026-08-06T09:32:40.533051-05:00,2026-08-06T14:32:40.533051+00:00,^VIX,VIX,Volatilidad,15.85,15.81,0.04,0.253,up,2026-08-06T03:15:00-04:00
2026-08-06T09:32:40.533051-05:00,2026-08-06T14:32:40.533051+00:00,^TNX,US 10Y,Tasa,4.617,4.627,-0.01,-0.2161,down,2026-08-05T14:50:00-04:00
2026-08-06T09:32:40.533051-05:00,2026-08-06T14:32:40.533051+00:00,GC=F,Oro,Commodity,4320.700195,4245.799805,74.900391,1.7641,up,2026-08-06T03:30:00-04:00
2026-08-06T09:32:40.533051-05:00,2026-08-06T14:32:40.533051+00:00,CL=F,WTI,Commodity,75.199997,75.220001,-0.020004,-0.0266,down,2026-08-06T03:30:00-04:00
2026-08-06T09:32:40.533051-05:00,2026-08-06T14:32:40.533051+00:00,HG=F,Cobre,Commodity,6.725,6.703,0.022,0.3282,up,2026-08-06T03:30:00-04:00
2026-08-06T09:32:40.533051-05:00,2026-08-06T14:32:40.533051+00:00,BTC-USD,Bitcoin,Crypto,64786.199219,64597.5,188.699219,0.2921,up,2026-08-06T03:30:00-04:00
2026-08-06T19:43:53.691182-05:00,2026-08-07T00:43:53.691182+00:00,USDPEN=X,USD/PEN,FX,3.3772,3.383,-0.0058,-0.1714,down,2026-08-06T20:30:00-04:00
2026-08-06T19:43:53.691182-05:00,2026-08-07T00:43:53.691182+00:00,EURUSD=X,EUR/USD,FX,1.152472,1.155735,-0.003263,-0.2824,down,2026-08-06T20:30:00-04:00
2026-08-06T19:43:53.691182-05:00,2026-08-07T00:43:53.691182+00:00,DX-Y.NYB,DXY,Dólar,99.968002,99.690002,0.278,0.2789,up,2026-08-06T20:30:00-04:00
2026-08-06T19:43:53.691182-05:00,2026-08-07T00:43:53.691182+00:00,^GSPC,S&P 500,Índice,7711.379883,7723.549805,-12.169922,-0.1576,down,2026-08-06T15:45:00-04:00
2026-08-06T19:43:53.691182-05:00,2026-08-07T00:43:53.691182+00:00,^IXIC,Nasdaq,Índice,26350.503906,26363.439453,-12.935547,-0.0491,down,2026-08-06T15:45:00-04:00
2026-08-06T19:43:53.691182-05:00,2026-08-07T00:43:53.691182+00:00,^DJI,Dow Jones,Índice,53897.820312,54349.121094,-451.300781,-0.8304,down,2026-08-06T15:45:00-04:00
2026-08-06T19:43:53.691182-05:00,2026-08-07T00:43:53.691182+00:00,^VIX,VIX,Volatilidad,15.14,15.81,-0.67,-4.2378,down,2026-08-06T16:00:00-04:00
2026-08-06T19:43:53.691182-05:00,2026-08-07T00:43:53.691182+00:00,^TNX,US 10Y,Tasa,4.67,4.617,0.053,1.1479,up,2026-08-06T14:50:00-04:00
2026-08-06T19:43:53.691182-05:00,2026-08-07T00:43:53.691182+00:00,GC=F,Oro,Commodity,4299.899902,4245.799805,54.100098,1.2742,up,2026-08-06T20:30:00-04:00
2026-08-06T19:43:53.691182-05:00,2026-08-07T00:43:53.691182+00:00,CL=F,WTI,Commodity,78.269997,75.220001,3.049995,4.0548,up,2026-08-06T20:30:00-04:00
2026-08-06T19:43:53.691182-05:00,2026-08-07T00:43:53.691182+00:00,HG=F,Cobre,Commodity,6.7135,6.703,0.0105,0.1566,up,2026-08-06T20:30:00-04:00
2026-08-06T19:43:53.691182-05:00,2026-08-07T00:43:53.691182+00:00,BTC-USD,Bitcoin,Crypto,64246.589844,64597.5,-350.910156,-0.5432,down,2026-08-06T20:30:00-04:00
2026-08-07T08:35:58.918350-05:00,2026-08-07T13:35:58.918350+00:00,USDPEN=X,USD/PEN,FX,3.3835,3.383,0.0005,0.0148,up,2026-08-07T09:30:00-04:00
2026-08-07T08:35:58.918350-05:00,2026-08-07T13:35:58.918350+00:00,EURUSD=X,EUR/USD,FX,1.156738,1.155735,0.001003,0.0868,up,2026-08-07T09:30:00-04:00
2026-08-07T08:35:58.918350-05:00,2026-08-07T13:35:58.918350+00:00,DX-Y.NYB,DXY,Dólar,99.464996,99.970001,-0.505005,-0.5052,down,2026-08-07T09:15:00-04:00
2026-08-07T08:35:58.918350-05:00,2026-08-07T13:35:58.918350+00:00,^GSPC,S&P 500,Índice,7735.379883,7709.959961,25.419922,0.3297,up,2026-08-07T09:30:00-04:00
2026-08-07T08:35:58.918350-05:00,2026-08-07T13:35:58.918350+00:00,^IXIC,Nasdaq,Índice,26612.804688,26348.349609,264.455078,1.0037,up,2026-08-07T09:30:00-04:00
2026-08-07T08:35:58.918350-05:00,2026-08-07T13:35:58.918350+00:00,^DJI,Dow Jones,Índice,53823.800781,53885.101562,-61.300781,-0.1138,down,2026-08-07T09:30:00-04:00
2026-08-07T08:35:58.918350-05:00,2026-08-07T13:35:58.918350+00:00,^VIX,VIX,Volatilidad,15.29,15.15,0.14,0.9241,up,2026-08-07T09:15:00-04:00
2026-08-07T08:35:58.918350-05:00,2026-08-07T13:35:58.918350+00:00,^TNX,US 10Y,Tasa,4.623,4.67,-0.047,-1.0064,down,2026-08-07T09:20:00-04:00
2026-08-07T08:35:58.918350-05:00,2026-08-07T13:35:58.918350+00:00,GC=F,Oro,Commodity,4409.700195,4242.0,167.700195,3.9533,up,2026-08-07T09:15:00-04:00
2026-08-07T08:35:58.918350-05:00,2026-08-07T13:35:58.918350+00:00,CL=F,WTI,Commodity,77.080002,77.290001,-0.209999,-0.2717,down,2026-08-07T09:15:00-04:00
2026-08-07T08:35:58.918350-05:00,2026-08-07T13:35:58.918350+00:00,HG=F,Cobre,Commodity,6.6365,6.687,-0.0505,-0.7552,down,2026-08-07T09:15:00-04:00
2026-08-07T08:35:58.918350-05:00,2026-08-07T13:35:58.918350+00:00,BTC-USD,Bitcoin,Crypto,65246.128906,64262.113281,984.015625,1.5313,up,2026-08-07T09:30:00-04:00
2026-08-07T10:07:05.946307-05:00,2026-08-07T15:07:05.946307+00:00,USDPEN=X,USD/PEN,FX,3.3789,3.383,-0.0041,-0.1212,down,2026-08-07T11:00:00-04:00
2026-08-07T10:07:05.946307-05:00,2026-08-07T15:07:05.946307+00:00,EURUSD=X,EUR/USD,FX,1.155668,1.155735,-6.7e-05,-0.0058,down,2026-08-07T11:00:00-04:00
2026-08-07T10:07:05.946307-05:00,2026-08-07T15:07:05.946307+00:00,DX-Y.NYB,DXY,Dólar,99.642998,99.970001,-0.327003,-0.3271,down,2026-08-07T10:45:00-04:00
2026-08-07T10:07:05.946307-05:00,2026-08-07T15:07:05.946307+00:00,^GSPC,S&P 500,Índice,7752.799805,7709.959961,42.839844,0.5556,up,2026-08-07T11:00:00-04:00
2026-08-07T10:07:05.946307-05:00,2026-08-07T15:07:05.946307+00:00,^IXIC,Nasdaq,Índice,26637.783203,26348.349609,289.433594,1.0985,up,2026-08-07T11:00:00-04:00
2026-08-07T10:07:05.946307-05:00,2026-08-07T15:07:05.946307+00:00,^DJI,Dow Jones,Índice,54016.890625,53885.101562,131.789062,0.2446,up,2026-08-07T11:00:00-04:00
2026-08-07T10:07:05.946307-05:00,2026-08-07T15:07:05.946307+00:00,^VIX,VIX,Volatilidad,14.96,15.15,-0.19,-1.2541,down,2026-08-07T10:45:00-04:00
2026-08-07T10:07:05.946307-05:00,2026-08-07T15:07:05.946307+00:00,^TNX,US 10Y,Tasa,4.647,4.67,-0.023,-0.4925,down,2026-08-07T10:50:00-04:00
2026-08-07T10:07:05.946307-05:00,2026-08-07T15:07:05.946307+00:00,GC=F,Oro,Commodity,4404.0,4242.0,162.0,3.819,up,2026-08-07T10:45:00-04:00
2026-08-07T10:07:05.946307-05:00,2026-08-07T15:07:05.946307+00:00,CL=F,WTI,Commodity,78.029999,77.290001,0.739998,0.9574,up,2026-08-07T10:45:00-04:00
2026-08-07T10:07:05.946307-05:00,2026-08-07T15:07:05.946307+00:00,HG=F,Cobre,Commodity,6.599,6.687,-0.088,-1.316,down,2026-08-07T10:45:00-04:00
2026-08-07T10:07:05.946307-05:00,2026-08-07T15:07:05.946307+00:00,BTC-USD,Bitcoin,Crypto,64906.78125,64262.113281,644.667969,1.0032,up,2026-08-07T11:00:00-04:00
2026-08-07T11:07:07.040640-05:00,2026-08-07T16:07:07.040640+00:00,USDPEN=X,USD/PEN,FX,3.3819,3.383,-0.0011,-0.0325,down,2026-08-07T12:00:00-04:00
2026-08-07T11:07:07.040640-05:00,2026-08-07T16:07:07.040640+00:00,EURUSD=X,EUR/USD,FX,1.156604,1.155735,0.000869,0.0752,up,2026-08-07T12:00:00-04:00
2026-08-07T11:07:07.040640-05:00,2026-08-07T16:07:07.040640+00:00,DX-Y.NYB,DXY,Dólar,99.557999,99.970001,-0.412003,-0.4121,down,2026-08-07T11:45:00-04:00
2026-08-07T11:07:07.040640-05:00,2026-08-07T16:07:07.040640+00:00,^GSPC,S&P 500,Índice,7756.620117,7709.959961,46.660156,0.6052,up,2026-08-07T12:00:00-04:00
2026-08-07T11:07:07.040640-05:00,2026-08-07T16:07:07.040640+00:00,^IXIC,Nasdaq,Índice,26674.84375,26348.349609,326.494141,1.2391,up,2026-08-07T12:00:00-04:00
2026-08-07T11:07:07.040640-05:00,2026-08-07T16:07:07.040640+00:00,^DJI,Dow Jones,Índice,53981.148438,53885.101562,96.046875,0.1782,up,2026-08-07T12:00:00-04:00
2026-08-07T11:07:07.040640-05:00,2026-08-07T16:07:07.040640+00:00,^VIX,VIX,Volatilidad,14.93,15.15,-0.219999,-1.4521,down,2026-08-07T11:45:00-04:00
2026-08-07T11:07:07.040640-05:00,2026-08-07T16:07:07.040640+00:00,^TNX,US 10Y,Tasa,4.652,4.67,-0.018,-0.3854,down,2026-08-07T11:50:00-04:00
2026-08-07T11:07:07.040640-05:00,2026-08-07T16:07:07.040640+00:00,GC=F,Oro,Commodity,4403.100098,4242.0,161.100098,3.7977,up,2026-08-07T11:45:00-04:00
2026-08-07T11:07:07.040640-05:00,2026-08-07T16:07:07.040640+00:00,CL=F,WTI,Commodity,78.360001,77.290001,1.07,1.3844,up,2026-08-07T11:45:00-04:00
2026-08-07T11:07:07.040640-05:00,2026-08-07T16:07:07.040640+00:00,HG=F,Cobre,Commodity,6.6045,6.687,-0.0825,-1.2337,down,2026-08-07T11:45:00-04:00
2026-08-07T11:07:07.040640-05:00,2026-08-07T16:07:07.040640+00:00,BTC-USD,Bitcoin,Crypto,64940.070312,64262.113281,677.957031,1.055,up,2026-08-07T12:00:00-04:00
2026-08-07T12:05:01.349431-05:00,2026-08-07T17:05:01.349431+00:00,USDPEN=X,USD/PEN,FX,3.3773,3.383,-0.0057,-0.1685,down,2026-08-07T13:00:00-04:00
2026-08-07T12:05:01.349431-05:00,2026-08-07T17:05:01.349431+00:00,EURUSD=X,EUR/USD,FX,1.156337,1.155735,0.000601,0.052,up,2026-08-07T13:00:00-04:00
2026-08-07T12:05:01.349431-05:00,2026-08-07T17:05:01.349431+00:00,DX-Y.NYB,DXY,Dólar,99.545998,99.970001,-0.424004,-0.4241,down,2026-08-07T12:45:00-04:00
2026-08-07T12:05:01.349431-05:00,2026-08-07T17:05:01.349431+00:00,^GSPC,S&P 500,Índice,7744.459961,7709.959961,34.5,0.4475,up,2026-08-07T13:00:00-04:00
2026-08-07T12:05:01.349431-05:00,2026-08-07T17:05:01.349431+00:00,^IXIC,Nasdaq,Índice,26600.033203,26348.349609,251.683594,0.9552,up,2026-08-07T13:00:00-04:00
2026-08-07T12:05:01.349431-05:00,2026-08-07T17:05:01.349431+00:00,^DJI,Dow Jones,Índice,53971.210938,53885.101562,86.109375,0.1598,up,2026-08-07T13:00:00-04:00
2026-08-07T12:05:01.349431-05:00,2026-08-07T17:05:01.349431+00:00,^VIX,VIX,Volatilidad,14.96,15.15,-0.19,-1.2541,down,2026-08-07T12:45:00-04:00
2026-08-07T12:05:01.349431-05:00,2026-08-07T17:05:01.349431+00:00,^TNX,US 10Y,Tasa,4.649,4.67,-0.021,-0.4497,down,2026-08-07T12:35:00-04:00
2026-08-07T12:05:01.349431-05:00,2026-08-07T17:05:01.349431+00:00,GC=F,Oro,Commodity,4393.700195,4242.0,151.700195,3.5761,up,2026-08-07T12:45:00-04:00
2026-08-07T12:05:01.349431-05:00,2026-08-07T17:05:01.349431+00:00,CL=F,WTI,Commodity,78.25,77.290001,0.959999,1.2421,up,2026-08-07T12:45:00-04:00
2026-08-07T12:05:01.349431-05:00,2026-08-07T17:05:01.349431+00:00,HG=F,Cobre,Commodity,6.5905,6.687,-0.0965,-1.4431,down,2026-08-07T12:45:00-04:00
2026-08-07T12:05:01.349431-05:00,2026-08-07T17:05:01.349431+00:00,BTC-USD,Bitcoin,Crypto,64700.480469,64262.113281,438.367188,0.6822,up,2026-08-07T13:00:00-04:00
2026-08-07T12:59:55.182641-05:00,2026-08-07T17:59:55.182641+00:00,USDPEN=X,USD/PEN,FX,3.3768,3.383,-0.0062,-0.1833,down,2026-08-07T13:45:00-04:00
2026-08-07T12:59:55.182641-05:00,2026-08-07T17:59:55.182641+00:00,EURUSD=X,EUR/USD,FX,1.15647,1.155735,0.000735,0.0636,up,2026-08-07T13:45:00-04:00
2026-08-07T12:59:55.182641-05:00,2026-08-07T17:59:55.182641+00:00,DX-Y.NYB,DXY,Dólar,99.542,99.970001,-0.428001,-0.4281,down,2026-08-07T13:45:00-04:00
2026-08-07T12:59:55.182641-05:00,2026-08-07T17:59:55.182641+00:00,^GSPC,S&P 500,Índice,7745.890137,7709.959961,35.930176,0.466,up,2026-08-07T13:45:00-04:00
2026-08-07T12:59:55.182641-05:00,2026-08-07T17:59:55.182641+00:00,^IXIC,Nasdaq,Índice,26606.105469,26348.349609,257.755859,0.9783,up,2026-08-07T13:45:00-04:00
2026-08-07T12:59:55.182641-05:00,2026-08-07T17:59:55.182641+00:00,^DJI,Dow Jones,Índice,53977.449219,53885.101562,92.347656,0.1714,up,2026-08-07T13:45:00-04:00
2026-08-07T12:59:55.182641-05:00,2026-08-07T17:59:55.182641+00:00,^VIX,VIX,Volatilidad,14.93,15.15,-0.219999,-1.4521,down,2026-08-07T13:30:00-04:00
2026-08-07T12:59:55.182641-05:00,2026-08-07T17:59:55.182641+00:00,^TNX,US 10Y,Tasa,4.649,4.67,-0.021,-0.4497,down,2026-08-07T13:35:00-04:00
2026-08-07T12:59:55.182641-05:00,2026-08-07T17:59:55.182641+00:00,GC=F,Oro,Commodity,4395.899902,4242.0,153.899902,3.628,up,2026-08-07T13:45:00-04:00
2026-08-07T12:59:55.182641-05:00,2026-08-07T17:59:55.182641+00:00,CL=F,WTI,Commodity,78.050003,77.290001,0.760002,0.9833,up,2026-08-07T13:45:00-04:00
2026-08-07T12:59:55.182641-05:00,2026-08-07T17:59:55.182641+00:00,HG=F,Cobre,Commodity,6.5935,6.687,-0.0935,-1.3982,down,2026-08-07T13:45:00-04:00
2026-08-07T12:59:55.182641-05:00,2026-08-07T17:59:55.182641+00:00,BTC-USD,Bitcoin,Crypto,64716.738281,64262.113281,454.625,0.7075,up,2026-08-07T13:45:00-04:00
2026-08-07T14:12:36.192409-05:00,2026-08-07T19:12:36.192409+00:00,USDPEN=X,USD/PEN,FX,3.3823,3.383,-0.0007,-0.0207,down,2026-08-07T14:45:00-04:00
2026-08-07T14:12:36.192409-05:00,2026-08-07T19:12:36.192409+00:00,EURUSD=X,EUR/USD,FX,1.156872,1.155735,0.001136,0.0983,up,2026-08-07T15:00:00-04:00
2026-08-07T14:12:36.192409-05:00,2026-08-07T19:12:36.192409+00:00,DX-Y.NYB,DXY,Dólar,99.527,99.970001,-0.443001,-0.4431,down,2026-08-07T15:00:00-04:00
2026-08-07T14:12:36.192409-05:00,2026-08-07T19:12:36.192409+00:00,^GSPC,S&P 500,Índice,7753.0,7709.959961,43.040039,0.5582,up,2026-08-07T15:00:00-04:00
2026-08-07T14:12:36.192409-05:00,2026-08-07T19:12:36.192409+00:00,^IXIC,Nasdaq,Índice,26658.316406,26348.349609,309.966797,1.1764,up,2026-08-07T15:00:00-04:00
2026-08-07T14:12:36.192409-05:00,2026-08-07T19:12:36.192409+00:00,^DJI,Dow Jones,Índice,54021.75,53885.101562,136.648438,0.2536,up,2026-08-07T15:00:00-04:00
2026-08-07T14:12:36.192409-05:00,2026-08-07T19:12:36.192409+00:00,^VIX,VIX,Volatilidad,14.85,15.15,-0.299999,-1.9802,down,2026-08-07T14:45:00-04:00
2026-08-07T14:12:36.192409-05:00,2026-08-07T19:12:36.192409+00:00,^TNX,US 10Y,Tasa,4.66,4.67,-0.01,-0.2141,down,2026-08-07T14:50:00-04:00
2026-08-07T14:12:36.192409-05:00,2026-08-07T19:12:36.192409+00:00,GC=F,Oro,Commodity,4401.0,4242.0,159.0,3.7482,up,2026-08-07T15:00:00-04:00
2026-08-07T14:12:36.192409-05:00,2026-08-07T19:12:36.192409+00:00,CL=F,WTI,Commodity,77.639999,77.290001,0.349998,0.4528,up,2026-08-07T15:00:00-04:00
2026-08-07T14:12:36.192409-05:00,2026-08-07T19:12:36.192409+00:00,HG=F,Cobre,Commodity,6.6045,6.687,-0.0825,-1.2337,down,2026-08-07T15:00:00-04:00
2026-08-07T14:12:36.192409-05:00,2026-08-07T19:12:36.192409+00:00,BTC-USD,Bitcoin,Crypto,64802.351562,64262.113281,540.238281,0.8407,up,2026-08-07T15:00:00-04:00
2026-08-07T14:57:40.451554-05:00,2026-08-07T19:57:40.451554+00:00,USDPEN=X,USD/PEN,FX,3.3824,3.383,-0.0006,-0.0177,down,2026-08-07T15:45:00-04:00
2026-08-07T14:57:40.451554-05:00,2026-08-07T19:57:40.451554+00:00,EURUSD=X,EUR/USD,FX,1.156604,1.155735,0.000869,0.0752,up,2026-08-07T15:45:00-04:00
2026-08-07T14:57:40.451554-05:00,2026-08-07T19:57:40.451554+00:00,DX-Y.NYB,DXY,Dólar,99.523003,99.970001,-0.446999,-0.4471,down,2026-08-07T15:45:00-04:00
2026-08-07T14:57:40.451554-05:00,2026-08-07T19:57:40.451554+00:00,^GSPC,S&P 500,Índice,7755.97998,7709.959961,46.02002,0.5969,up,2026-08-07T15:45:00-04:00
2026-08-07T14:57:40.451554-05:00,2026-08-07T19:57:40.451554+00:00,^IXIC,Nasdaq,Índice,26702.689453,26348.349609,354.339844,1.3448,up,2026-08-07T15:45:00-04:00
2026-08-07T14:57:40.451554-05:00,2026-08-07T19:57:40.451554+00:00,^DJI,Dow Jones,Índice,54016.511719,53885.101562,131.410156,0.2439,up,2026-08-07T15:45:00-04:00
2026-08-07T14:57:40.451554-05:00,2026-08-07T19:57:40.451554+00:00,^VIX,VIX,Volatilidad,14.87,15.15,-0.28,-1.8482,down,2026-08-07T15:30:00-04:00
2026-08-07T14:57:40.451554-05:00,2026-08-07T19:57:40.451554+00:00,^TNX,US 10Y,Tasa,4.66,4.67,-0.01,-0.2141,down,2026-08-07T14:50:00-04:00
2026-08-07T14:57:40.451554-05:00,2026-08-07T19:57:40.451554+00:00,GC=F,Oro,Commodity,4408.399902,4242.0,166.399902,3.9227,up,2026-08-07T15:45:00-04:00
2026-08-07T14:57:40.451554-05:00,2026-08-07T19:57:40.451554+00:00,CL=F,WTI,Commodity,76.93,77.290001,-0.360001,-0.4658,down,2026-08-07T15:45:00-04:00
2026-08-07T14:57:40.451554-05:00,2026-08-07T19:57:40.451554+00:00,HG=F,Cobre,Commodity,6.605,6.687,-0.082,-1.2263,down,2026-08-07T15:45:00-04:00
2026-08-07T14:57:40.451554-05:00,2026-08-07T19:57:40.451554+00:00,BTC-USD,Bitcoin,Crypto,64927.589844,64262.113281,665.476562,1.0356,up,2026-08-07T15:45:00-04:00
2026-08-07T15:56:27.459395-05:00,2026-08-07T20:56:27.459395+00:00,USDPEN=X,USD/PEN,FX,3.3823,3.383,-0.0007,-0.0207,down,2026-08-07T16:15:00-04:00
2026-08-07T15:56:27.459395-05:00,2026-08-07T20:56:27.459395+00:00,EURUSD=X,EUR/USD,FX,1.156069,1.155735,0.000334,0.0289,up,2026-08-07T16:45:00-04:00
2026-08-07T15:56:27.459395-05:00,2026-08-07T20:56:27.459395+00:00,DX-Y.NYB,DXY,Dólar,99.613998,99.970001,-0.356003,-0.3561,down,2026-08-07T16:45:00-04:00
2026-08-07T15:56:27.459395-05:00,2026-08-07T20:56:27.459395+00:00,^GSPC,S&P 500,Índice,7755.609863,7709.959961,45.649902,0.5921,up,2026-08-07T15:45:00-04:00
2026-08-07T15:56:27.459395-05:00,2026-08-07T20:56:27.459395+00:00,^IXIC,Nasdaq,Índice,26686.478516,26348.349609,338.128906,1.2833,up,2026-08-07T15:45:00-04:00
2026-08-07T15:56:27.459395-05:00,2026-08-07T20:56:27.459395+00:00,^DJI,Dow Jones,Índice,54029.5,53885.101562,144.398438,0.268,up,2026-08-07T15:45:00-04:00
2026-08-07T15:56:27.459395-05:00,2026-08-07T20:56:27.459395+00:00,^VIX,VIX,Volatilidad,14.89,15.15,-0.259999,-1.7162,down,2026-08-07T16:00:00-04:00
2026-08-07T15:56:27.459395-05:00,2026-08-07T20:56:27.459395+00:00,^TNX,US 10Y,Tasa,4.66,4.67,-0.01,-0.2141,down,2026-08-07T14:50:00-04:00
2026-08-07T15:56:27.459395-05:00,2026-08-07T20:56:27.459395+00:00,GC=F,Oro,Commodity,4400.5,4242.0,158.5,3.7364,up,2026-08-07T16:45:00-04:00
2026-08-07T15:56:27.459395-05:00,2026-08-07T20:56:27.459395+00:00,CL=F,WTI,Commodity,77.25,77.290001,-0.040001,-0.0518,down,2026-08-07T16:45:00-04:00
2026-08-07T15:56:27.459395-05:00,2026-08-07T20:56:27.459395+00:00,HG=F,Cobre,Commodity,6.588,6.687,-0.099,-1.4805,down,2026-08-07T16:45:00-04:00
2026-08-07T15:56:27.459395-05:00,2026-08-07T20:56:27.459395+00:00,BTC-USD,Bitcoin,Crypto,64930.648438,64262.113281,668.535156,1.0403,up,2026-08-07T16:45:00-04:00
2026-08-07T16:53:07.119525-05:00,2026-08-07T21:53:07.119525+00:00,USDPEN=X,USD/PEN,FX,3.3823,3.383,-0.0007,-0.0207,down,2026-08-07T17:15:00-04:00
2026-08-07T16:53:07.119525-05:00,2026-08-07T21:53:07.119525+00:00,EURUSD=X,EUR/USD,FX,1.156203,1.155735,0.000468,0.0405,up,2026-08-07T17:15:00-04:00
2026-08-07T16:53:07.119525-05:00,2026-08-07T21:53:07.119525+00:00,DX-Y.NYB,DXY,Dólar,99.603996,99.970001,-0.366005,-0.3661,down,2026-08-07T16:45:00-04:00
2026-08-07T16:53:07.119525-05:00,2026-08-07T21:53:07.119525+00:00,^GSPC,S&P 500,Índice,7755.609863,7709.959961,45.649902,0.5921,up,2026-08-07T15:45:00-04:00
2026-08-07T16:53:07.119525-05:00,2026-08-07T21:53:07.119525+00:00,^IXIC,Nasdaq,Índice,26686.478516,26348.349609,338.128906,1.2833,up,2026-08-07T15:45:00-04:00
2026-08-07T16:53:07.119525-05:00,2026-08-07T21:53:07.119525+00:00,^DJI,Dow Jones,Índice,54029.5,53885.101562,144.398438,0.268,up,2026-08-07T15:45:00-04:00
2026-08-07T16:53:07.119525-05:00,2026-08-07T21:53:07.119525+00:00,^VIX,VIX,Volatilidad,14.89,15.15,-0.259999,-1.7162,down,2026-08-07T16:00:00-04:00
2026-08-07T16:53:07.119525-05:00,2026-08-07T21:53:07.119525+00:00,^TNX,US 10Y,Tasa,4.66,4.67,-0.01,-0.2141,down,2026-08-07T14:50:00-04:00
2026-08-07T16:53:07.119525-05:00,2026-08-07T21:53:07.119525+00:00,GC=F,Oro,Commodity,4401.299805,4242.0,159.299805,3.7553,up,2026-08-07T16:45:00-04:00
2026-08-07T16:53:07.119525-05:00,2026-08-07T21:53:07.119525+00:00,CL=F,WTI,Commodity,77.080002,77.290001,-0.209999,-0.2717,down,2026-08-07T16:45:00-04:00
2026-08-07T16:53:07.119525-05:00,2026-08-07T21:53:07.119525+00:00,HG=F,Cobre,Commodity,6.585,6.687,-0.102,-1.5253,down,2026-08-07T16:45:00-04:00
2026-08-07T16:53:07.119525-05:00,2026-08-07T21:53:07.119525+00:00,BTC-USD,Bitcoin,Crypto,64921.121094,64262.113281,659.007812,1.0255,up,2026-08-07T17:45:00-04:00
2026-08-07T17:53:50.197361-05:00,2026-08-07T22:53:50.197361+00:00,USDPEN=X,USD/PEN,FX,3.3823,3.383,-0.0007,-0.0207,down,2026-08-07T17:15:00-04:00
2026-08-07T17:53:50.197361-05:00,2026-08-07T22:53:50.197361+00:00,EURUSD=X,EUR/USD,FX,1.156203,1.155735,0.000468,0.0405,up,2026-08-07T17:15:00-04:00
2026-08-07T17:53:50.197361-05:00,2026-08-07T22:53:50.197361+00:00,DX-Y.NYB,DXY,Dólar,99.603996,99.970001,-0.366005,-0.3661,down,2026-08-07T16:45:00-04:00
2026-08-07T17:53:50.197361-05:00,2026-08-07T22:53:50.197361+00:00,^GSPC,S&P 500,Índice,7755.609863,7709.959961,45.649902,0.5921,up,2026-08-07T15:45:00-04:00
2026-08-07T17:53:50.197361-05:00,2026-08-07T22:53:50.197361+00:00,^IXIC,Nasdaq,Índice,26686.478516,26348.349609,338.128906,1.2833,up,2026-08-07T15:45:00-04:00
2026-08-07T17:53:50.197361-05:00,2026-08-07T22:53:50.197361+00:00,^DJI,Dow Jones,Índice,54029.5,53885.101562,144.398438,0.268,up,2026-08-07T15:45:00-04:00
2026-08-07T17:53:50.197361-05:00,2026-08-07T22:53:50.197361+00:00,^VIX,VIX,Volatilidad,14.89,15.15,-0.259999,-1.7162,down,2026-08-07T16:00:00-04:00
2026-08-07T17:53:50.197361-05:00,2026-08-07T22:53:50.197361+00:00,^TNX,US 10Y,Tasa,4.66,4.67,-0.01,-0.2141,down,2026-08-07T14:50:00-04:00
2026-08-07T17:53:50.197361-05:00,2026-08-07T22:53:50.197361+00:00,GC=F,Oro,Commodity,4401.299805,4242.0,159.299805,3.7553,up,2026-08-07T16:45:00-04:00
2026-08-07T17:53:50.197361-05:00,2026-08-07T22:53:50.197361+00:00,CL=F,WTI,Commodity,77.080002,77.290001,-0.209999,-0.2717,down,2026-08-07T16:45:00-04:00
2026-08-07T17:53:50.197361-05:00,2026-08-07T22:53:50.197361+00:00,HG=F,Cobre,Commodity,6.585,6.687,-0.102,-1.5253,down,2026-08-07T16:45:00-04:00
2026-08-07T17:53:50.197361-05:00,2026-08-07T22:53:50.197361+00:00,BTC-USD,Bitcoin,Crypto,64887.871094,64262.113281,625.757812,0.9738,up,2026-08-07T18:45:00-04:00
2026-08-07T18:46:24.340893-05:00,2026-08-07T23:46:24.340893+00:00,USDPEN=X,USD/PEN,FX,3.3823,3.383,-0.0007,-0.0207,down,2026-08-07T17:15:00-04:00
2026-08-07T18:46:24.340893-05:00,2026-08-07T23:46:24.340893+00:00,EURUSD=X,EUR/USD,FX,1.156203,1.155735,0.000468,0.0405,up,2026-08-07T17:15:00-04:00
2026-08-07T18:46:24.340893-05:00,2026-08-07T23:46:24.340893+00:00,DX-Y.NYB,DXY,Dólar,99.603996,99.970001,-0.366005,-0.3661,down,2026-08-07T16:45:00-04:00
2026-08-07T18:46:24.340893-05:00,2026-08-07T23:46:24.340893+00:00,^GSPC,S&P 500,Índice,7755.609863,7709.959961,45.649902,0.5921,up,2026-08-07T15:45:00-04:00
2026-08-07T18:46:24.340893-05:00,2026-08-07T23:46:24.340893+00:00,^IXIC,Nasdaq,Índice,26686.478516,26348.349609,338.128906,1.2833,up,2026-08-07T15:45:00-04:00
2026-08-07T18:46:24.340893-05:00,2026-08-07T23:46:24.340893+00:00,^DJI,Dow Jones,Índice,54029.5,53885.101562,144.398438,0.268,up,2026-08-07T15:45:00-04:00
2026-08-07T18:46:24.340893-05:00,2026-08-07T23:46:24.340893+00:00,^VIX,VIX,Volatilidad,14.89,15.15,-0.259999,-1.7162,down,2026-08-07T16:00:00-04:00
2026-08-07T18:46:24.340893-05:00,2026-08-07T23:46:24.340893+00:00,^TNX,US 10Y,Tasa,4.66,4.67,-0.01,-0.2141,down,2026-08-07T14:50:00-04:00
2026-08-07T18:46:24.340893-05:00,2026-08-07T23:46:24.340893+00:00,GC=F,Oro,Commodity,4401.299805,4242.0,159.299805,3.7553,up,2026-08-07T16:45:00-04:00
2026-08-07T18:46:24.340893-05:00,2026-08-07T23:46:24.340893+00:00,CL=F,WTI,Commodity,77.080002,77.290001,-0.209999,-0.2717,down,2026-08-07T16:45:00-04:00
2026-08-07T18:46:24.340893-05:00,2026-08-07T23:46:24.340893+00:00,HG=F,Cobre,Commodity,6.585,6.687,-0.102,-1.5253,down,2026-08-07T16:45:00-04:00
2026-08-07T18:46:24.340893-05:00,2026-08-07T23:46:24.340893+00:00,BTC-USD,Bitcoin,Crypto,64867.519531,64262.113281,605.40625,0.9421,up,2026-08-07T19:45:00-04:00
2026-08-10T08:40:53.991440-05:00,2026-08-10T13:40:53.991440+00:00,USDPEN=X,USD/PEN,FX,3.3783,3.310089,0.068211,2.0607,up,2026-08-10T09:30:00-04:00
2026-08-10T08:40:53.991440-05:00,2026-08-10T13:40:53.991440+00:00,EURUSD=X,EUR/USD,FX,1.155268,1.152472,0.002796,0.2426,up,2026-08-10T09:30:00-04:00
2026-08-10T08:40:53.991440-05:00,2026-08-10T13:40:53.991440+00:00,DX-Y.NYB,DXY,Dólar,99.746002,99.599998,0.146004,0.1466,up,2026-08-10T09:30:00-04:00
2026-08-10T08:40:53.991440-05:00,2026-08-10T13:40:53.991440+00:00,^GSPC,S&P 500,Índice,7751.339844,7757.640137,-6.300293,-0.0812,down,2026-08-10T09:30:00-04:00
2026-08-10T08:40:53.991440-05:00,2026-08-10T13:40:53.991440+00:00,^IXIC,Nasdaq,Índice,26624.470703,26690.619141,-66.148438,-0.2478,down,2026-08-10T09:30:00-04:00
2026-08-10T08:40:53.991440-05:00,2026-08-10T13:40:53.991440+00:00,^DJI,Dow Jones,Índice,53964.460938,54036.929688,-72.46875,-0.1341,down,2026-08-10T09:30:00-04:00
2026-08-10T08:40:53.991440-05:00,2026-08-10T13:40:53.991440+00:00,^VIX,VIX,Volatilidad,15.44,14.9,0.54,3.6242,up,2026-08-10T09:15:00-04:00
2026-08-10T08:40:53.991440-05:00,2026-08-10T13:40:53.991440+00:00,^TNX,US 10Y,Tasa,4.682,4.66,0.022,0.4721,up,2026-08-10T09:20:00-04:00
2026-08-10T08:40:53.991440-05:00,2026-08-10T13:40:53.991440+00:00,GC=F,Oro,Commodity,4395.0,4340.700195,54.299805,1.2509,up,2026-08-10T09:30:00-04:00
2026-08-10T08:40:53.991440-05:00,2026-08-10T13:40:53.991440+00:00,CL=F,WTI,Commodity,79.82,78.18,1.639999,2.0977,up,2026-08-10T09:30:00-04:00
2026-08-10T08:40:53.991440-05:00,2026-08-10T13:40:53.991440+00:00,HG=F,Cobre,Commodity,6.608,6.5705,0.0375,0.5707,up,2026-08-10T09:30:00-04:00
2026-08-10T08:40:53.991440-05:00,2026-08-10T13:40:53.991440+00:00,BTC-USD,Bitcoin,Crypto,64841.078125,64844.886719,-3.808594,-0.0059,down,2026-08-10T09:00:00-04:00
2026-08-10T10:14:26.139839-05:00,2026-08-10T15:14:26.139839+00:00,USDPEN=X,USD/PEN,FX,3.3759,3.310089,0.065811,1.9882,up,2026-08-10T11:00:00-04:00
2026-08-10T10:14:26.139839-05:00,2026-08-10T15:14:26.139839+00:00,EURUSD=X,EUR/USD,FX,1.155402,1.152472,0.00293,0.2542,up,2026-08-10T11:00:00-04:00
2026-08-10T10:14:26.139839-05:00,2026-08-10T15:14:26.139839+00:00,DX-Y.NYB,DXY,Dólar,99.734001,99.599998,0.134003,0.1345,up,2026-08-10T11:00:00-04:00
2026-08-10T10:14:26.139839-05:00,2026-08-10T15:14:26.139839+00:00,^GSPC,S&P 500,Índice,7761.850098,7757.640137,4.209961,0.0543,up,2026-08-10T11:00:00-04:00
2026-08-10T10:14:26.139839-05:00,2026-08-10T15:14:26.139839+00:00,^IXIC,Nasdaq,Índice,26634.835938,26690.619141,-55.783203,-0.209,down,2026-08-10T11:00:00-04:00
2026-08-10T10:14:26.139839-05:00,2026-08-10T15:14:26.139839+00:00,^DJI,Dow Jones,Índice,54026.578125,54036.929688,-10.351562,-0.0192,down,2026-08-10T11:00:00-04:00
2026-08-10T10:14:26.139839-05:00,2026-08-10T15:14:26.139839+00:00,^VIX,VIX,Volatilidad,15.19,14.9,0.29,1.9463,up,2026-08-10T10:45:00-04:00
2026-08-10T10:14:26.139839-05:00,2026-08-10T15:14:26.139839+00:00,^TNX,US 10Y,Tasa,4.686,4.66,0.026,0.5579,up,2026-08-10T10:50:00-04:00
2026-08-10T10:14:26.139839-05:00,2026-08-10T15:14:26.139839+00:00,GC=F,Oro,Commodity,4408.299805,4340.700195,67.599609,1.5573,up,2026-08-10T11:00:00-04:00
2026-08-10T10:14:26.139839-05:00,2026-08-10T15:14:26.139839+00:00,CL=F,WTI,Commodity,80.830002,78.18,2.650002,3.3896,up,2026-08-10T11:00:00-04:00
2026-08-10T10:14:26.139839-05:00,2026-08-10T15:14:26.139839+00:00,HG=F,Cobre,Commodity,6.6375,6.5705,0.067,1.0197,up,2026-08-10T11:00:00-04:00
2026-08-10T10:14:26.139839-05:00,2026-08-10T15:14:26.139839+00:00,BTC-USD,Bitcoin,Crypto,64520.070312,64844.886719,-324.816406,-0.5009,down,2026-08-10T11:00:00-04:00
2026-08-10T11:08:23.460314-05:00,2026-08-10T16:08:23.460314+00:00,USDPEN=X,USD/PEN,FX,3.3743,3.310089,0.064211,1.9399,up,2026-08-10T12:00:00-04:00
2026-08-10T11:08:23.460314-05:00,2026-08-10T16:08:23.460314+00:00,EURUSD=X,EUR/USD,FX,1.155535,1.152472,0.003063,0.2658,up,2026-08-10T12:00:00-04:00
2026-08-10T11:08:23.460314-05:00,2026-08-10T16:08:23.460314+00:00,DX-Y.NYB,DXY,Dólar,99.709999,99.599998,0.110001,0.1104,up,2026-08-10T11:45:00-04:00
2026-08-10T11:08:23.460314-05:00,2026-08-10T16:08:23.460314+00:00,^GSPC,S&P 500,Índice,7763.72998,7757.640137,6.089844,0.0785,up,2026-08-10T12:00:00-04:00
2026-08-10T11:08:23.460314-05:00,2026-08-10T16:08:23.460314+00:00,^IXIC,Nasdaq,Índice,26662.150391,26690.619141,-28.46875,-0.1067,down,2026-08-10T12:00:00-04:00
2026-08-10T11:08:23.460314-05:00,2026-08-10T16:08:23.460314+00:00,^DJI,Dow Jones,Índice,54000.421875,54036.929688,-36.507812,-0.0676,down,2026-08-10T12:00:00-04:00
2026-08-10T11:08:23.460314-05:00,2026-08-10T16:08:23.460314+00:00,^VIX,VIX,Volatilidad,15.13,14.9,0.23,1.5436,up,2026-08-10T11:45:00-04:00
2026-08-10T11:08:23.460314-05:00,2026-08-10T16:08:23.460314+00:00,^TNX,US 10Y,Tasa,4.692,4.66,0.032,0.6867,up,2026-08-10T11:50:00-04:00
2026-08-10T11:08:23.460314-05:00,2026-08-10T16:08:23.460314+00:00,GC=F,Oro,Commodity,4417.299805,4340.700195,76.599609,1.7647,up,2026-08-10T11:45:00-04:00
2026-08-10T11:08:23.460314-05:00,2026-08-10T16:08:23.460314+00:00,CL=F,WTI,Commodity,81.129997,78.18,2.949997,3.7733,up,2026-08-10T11:45:00-04:00
2026-08-10T11:08:23.460314-05:00,2026-08-10T16:08:23.460314+00:00,HG=F,Cobre,Commodity,6.644,6.5705,0.0735,1.1186,up,2026-08-10T11:45:00-04:00
2026-08-10T11:08:23.460314-05:00,2026-08-10T16:08:23.460314+00:00,BTC-USD,Bitcoin,Crypto,64275.339844,64844.886719,-569.546875,-0.8783,down,2026-08-10T12:00:00-04:00
2026-08-10T12:06:22.679330-05:00,2026-08-10T17:06:22.679330+00:00,USDPEN=X,USD/PEN,FX,3.3709,3.310089,0.060811,1.8371,up,2026-08-10T13:00:00-04:00
2026-08-10T12:06:22.679330-05:00,2026-08-10T17:06:22.679330+00:00,EURUSD=X,EUR/USD,FX,1.154868,1.152472,0.002396,0.2079,up,2026-08-10T13:00:00-04:00
2026-08-10T12:06:22.679330-05:00,2026-08-10T17:06:22.679330+00:00,DX-Y.NYB,DXY,Dólar,99.748001,99.599998,0.148003,0.1486,up,2026-08-10T12:45:00-04:00
2026-08-10T12:06:22.679330-05:00,2026-08-10T17:06:22.679330+00:00,^GSPC,S&P 500,Índice,7750.399902,7757.640137,-7.240234,-0.0933,down,2026-08-10T13:00:00-04:00
2026-08-10T12:06:22.679330-05:00,2026-08-10T17:06:22.679330+00:00,^IXIC,Nasdaq,Índice,26586.226562,26690.619141,-104.392578,-0.3911,down,2026-08-10T13:00:00-04:00
2026-08-10T12:06:22.679330-05:00,2026-08-10T17:06:22.679330+00:00,^DJI,Dow Jones,Índice,53914.601562,54036.929688,-122.328125,-0.2264,down,2026-08-10T13:00:00-04:00
2026-08-10T12:06:22.679330-05:00,2026-08-10T17:06:22.679330+00:00,^VIX,VIX,Volatilidad,15.32,14.9,0.42,2.8188,up,2026-08-10T12:45:00-04:00
2026-08-10T12:06:22.679330-05:00,2026-08-10T17:06:22.679330+00:00,^TNX,US 10Y,Tasa,4.7,4.66,0.04,0.8584,up,2026-08-10T12:50:00-04:00
2026-08-10T12:06:22.679330-05:00,2026-08-10T17:06:22.679330+00:00,GC=F,Oro,Commodity,4412.399902,4340.700195,71.699707,1.6518,up,2026-08-10T12:45:00-04:00
2026-08-10T12:06:22.679330-05:00,2026-08-10T17:06:22.679330+00:00,CL=F,WTI,Commodity,81.480003,78.18,3.300003,4.221,up,2026-08-10T12:45:00-04:00
2026-08-10T12:06:22.679330-05:00,2026-08-10T17:06:22.679330+00:00,HG=F,Cobre,Commodity,6.6115,6.5705,0.041,0.624,up,2026-08-10T12:45:00-04:00
2026-08-10T12:06:22.679330-05:00,2026-08-10T17:06:22.679330+00:00,BTC-USD,Bitcoin,Crypto,63825.878906,64844.886719,-1019.007812,-1.5715,down,2026-08-10T13:00:00-04:00
2026-08-10T13:01:25.024451-05:00,2026-08-10T18:01:25.024451+00:00,USDPEN=X,USD/PEN,FX,3.3714,3.310089,0.061311,1.8522,up,2026-08-10T14:00:00-04:00
2026-08-10T13:01:25.024451-05:00,2026-08-10T18:01:25.024451+00:00,EURUSD=X,EUR/USD,FX,1.154601,1.152472,0.002129,0.1847,up,2026-08-10T14:00:00-04:00
2026-08-10T13:01:25.024451-05:00,2026-08-10T18:01:25.024451+00:00,DX-Y.NYB,DXY,Dólar,99.792,99.599998,0.192001,0.1928,up,2026-08-10T13:45:00-04:00
2026-08-10T13:01:25.024451-05:00,2026-08-10T18:01:25.024451+00:00,^GSPC,S&P 500,Índice,7750.209961,7757.640137,-7.430176,-0.0958,down,2026-08-10T14:00:00-04:00
2026-08-10T13:01:25.024451-05:00,2026-08-10T18:01:25.024451+00:00,^IXIC,Nasdaq,Índice,26581.757812,26690.619141,-108.861328,-0.4079,down,2026-08-10T14:00:00-04:00
2026-08-10T13:01:25.024451-05:00,2026-08-10T18:01:25.024451+00:00,^DJI,Dow Jones,Índice,53906.441406,54036.929688,-130.488281,-0.2415,down,2026-08-10T14:00:00-04:00
2026-08-10T13:01:25.024451-05:00,2026-08-10T18:01:25.024451+00:00,^VIX,VIX,Volatilidad,15.3,14.9,0.400001,2.6846,up,2026-08-10T13:45:00-04:00
2026-08-10T13:01:25.024451-05:00,2026-08-10T18:01:25.024451+00:00,^TNX,US 10Y,Tasa,4.7,4.66,0.04,0.8584,up,2026-08-10T13:35:00-04:00
2026-08-10T13:01:25.024451-05:00,2026-08-10T18:01:25.024451+00:00,GC=F,Oro,Commodity,4418.799805,4340.700195,78.099609,1.7992,up,2026-08-10T13:45:00-04:00
2026-08-10T13:01:25.024451-05:00,2026-08-10T18:01:25.024451+00:00,CL=F,WTI,Commodity,81.93,78.18,3.75,4.7966,up,2026-08-10T13:45:00-04:00
2026-08-10T13:01:25.024451-05:00,2026-08-10T18:01:25.024451+00:00,HG=F,Cobre,Commodity,6.613,6.5705,0.0425,0.6468,up,2026-08-10T13:45:00-04:00
2026-08-10T13:01:25.024451-05:00,2026-08-10T18:01:25.024451+00:00,BTC-USD,Bitcoin,Crypto,63936.960938,64844.886719,-907.925781,-1.4002,down,2026-08-10T14:00:00-04:00
2026-08-10T14:14:26.134771-05:00,2026-08-10T19:14:26.134771+00:00,USDPEN=X,USD/PEN,FX,3.3761,3.310089,0.066011,1.9942,up,2026-08-10T15:00:00-04:00
2026-08-10T14:14:26.134771-05:00,2026-08-10T19:14:26.134771+00:00,EURUSD=X,EUR/USD,FX,1.154468,1.152472,0.001996,0.1732,up,2026-08-10T15:00:00-04:00
2026-08-10T14:14:26.134771-05:00,2026-08-10T19:14:26.134771+00:00,DX-Y.NYB,DXY,Dólar,99.819,99.599998,0.219002,0.2199,up,2026-08-10T15:00:00-04:00
2026-08-10T14:14:26.134771-05:00,2026-08-10T19:14:26.134771+00:00,^GSPC,S&P 500,Índice,7755.939941,7757.640137,-1.700195,-0.0219,down,2026-08-10T15:00:00-04:00
2026-08-10T14:14:26.134771-05:00,2026-08-10T19:14:26.134771+00:00,^IXIC,Nasdaq,Índice,26619.675781,26690.619141,-70.943359,-0.2658,down,2026-08-10T15:00:00-04:00
2026-08-10T14:14:26.134771-05:00,2026-08-10T19:14:26.134771+00:00,^DJI,Dow Jones,Índice,53891.480469,54036.929688,-145.449219,-0.2692,down,2026-08-10T15:00:00-04:00
2026-08-10T14:14:26.134771-05:00,2026-08-10T19:14:26.134771+00:00,^VIX,VIX,Volatilidad,15.35,14.9,0.450001,3.0201,up,2026-08-10T14:45:00-04:00
2026-08-10T14:14:26.134771-05:00,2026-08-10T19:14:26.134771+00:00,^TNX,US 10Y,Tasa,4.7,4.66,0.04,0.8584,up,2026-08-10T14:50:00-04:00
2026-08-10T14:14:26.134771-05:00,2026-08-10T19:14:26.134771+00:00,GC=F,Oro,Commodity,4439.899902,4340.700195,99.199707,2.2853,up,2026-08-10T15:00:00-04:00
2026-08-10T14:14:26.134771-05:00,2026-08-10T19:14:26.134771+00:00,CL=F,WTI,Commodity,81.690002,78.18,3.510002,4.4896,up,2026-08-10T15:00:00-04:00
2026-08-10T14:14:26.134771-05:00,2026-08-10T19:14:26.134771+00:00,HG=F,Cobre,Commodity,6.631,6.5705,0.0605,0.9208,up,2026-08-10T15:00:00-04:00
2026-08-10T14:14:26.134771-05:00,2026-08-10T19:14:26.134771+00:00,BTC-USD,Bitcoin,Crypto,63854.921875,64844.886719,-989.964844,-1.5267,down,2026-08-10T15:00:00-04:00
2026-08-10T15:01:06.772659-05:00,2026-08-10T20:01:06.772659+00:00,USDPEN=X,USD/PEN,FX,3.3761,3.310089,0.066011,1.9942,up,2026-08-10T16:00:00-04:00
2026-08-10T15:01:06.772659-05:00,2026-08-10T20:01:06.772659+00:00,EURUSD=X,EUR/USD,FX,1.154468,1.152472,0.001996,0.1732,up,2026-08-10T16:00:00-04:00
2026-08-10T15:01:06.772659-05:00,2026-08-10T20:01:06.772659+00:00,DX-Y.NYB,DXY,Dólar,99.808998,99.599998,0.209,0.2098,up,2026-08-10T15:45:00-04:00
2026-08-10T15:01:06.772659-05:00,2026-08-10T20:01:06.772659+00:00,^GSPC,S&P 500,Índice,7753.149902,7757.640137,-4.490234,-0.0579,down,2026-08-10T15:45:00-04:00
2026-08-10T15:01:06.772659-05:00,2026-08-10T20:01:06.772659+00:00,^IXIC,Nasdaq,Índice,26604.771484,26690.619141,-85.847656,-0.3216,down,2026-08-10T15:45:00-04:00
2026-08-10T15:01:06.772659-05:00,2026-08-10T20:01:06.772659+00:00,^DJI,Dow Jones,Índice,53967.511719,54036.929688,-69.417969,-0.1285,down,2026-08-10T15:45:00-04:00
2026-08-10T15:01:06.772659-05:00,2026-08-10T20:01:06.772659+00:00,^VIX,VIX,Volatilidad,15.44,14.9,0.54,3.6242,up,2026-08-10T15:45:00-04:00
2026-08-10T15:01:06.772659-05:00,2026-08-10T20:01:06.772659+00:00,^TNX,US 10Y,Tasa,4.699,4.66,0.039001,0.8369,up,2026-08-10T14:50:00-04:00
2026-08-10T15:01:06.772659-05:00,2026-08-10T20:01:06.772659+00:00,GC=F,Oro,Commodity,4452.399902,4340.700195,111.699707,2.5733,up,2026-08-10T15:45:00-04:00
2026-08-10T15:01:06.772659-05:00,2026-08-10T20:01:06.772659+00:00,CL=F,WTI,Commodity,82.050003,78.18,3.870003,4.9501,up,2026-08-10T15:45:00-04:00
2026-08-10T15:01:06.772659-05:00,2026-08-10T20:01:06.772659+00:00,HG=F,Cobre,Commodity,6.6365,6.5705,0.066,1.0045,up,2026-08-10T15:45:00-04:00
2026-08-10T15:01:06.772659-05:00,2026-08-10T20:01:06.772659+00:00,BTC-USD,Bitcoin,Crypto,63952.898438,64844.886719,-891.988281,-1.3756,down,2026-08-10T16:00:00-04:00
2026-08-10T15:59:39.103831-05:00,2026-08-10T20:59:39.103831+00:00,USDPEN=X,USD/PEN,FX,3.3763,3.310089,0.066211,2.0003,up,2026-08-10T16:45:00-04:00
2026-08-10T15:59:39.103831-05:00,2026-08-10T20:59:39.103831+00:00,EURUSD=X,EUR/USD,FX,1.154601,1.152472,0.002129,0.1847,up,2026-08-10T16:45:00-04:00
2026-08-10T15:59:39.103831-05:00,2026-08-10T20:59:39.103831+00:00,DX-Y.NYB,DXY,Dólar,99.816002,99.599998,0.216003,0.2169,up,2026-08-10T16:45:00-04:00
2026-08-10T15:59:39.103831-05:00,2026-08-10T20:59:39.103831+00:00,^GSPC,S&P 500,Índice,7753.149902,7757.640137,-4.490234,-0.0579,down,2026-08-10T15:45:00-04:00
2026-08-10T15:59:39.103831-05:00,2026-08-10T20:59:39.103831+00:00,^IXIC,Nasdaq,Índice,26604.771484,26690.619141,-85.847656,-0.3216,down,2026-08-10T15:45:00-04:00
2026-08-10T15:59:39.103831-05:00,2026-08-10T20:59:39.103831+00:00,^DJI,Dow Jones,Índice,53967.511719,54036.929688,-69.417969,-0.1285,down,2026-08-10T15:45:00-04:00
2026-08-10T15:59:39.103831-05:00,2026-08-10T20:59:39.103831+00:00,^VIX,VIX,Volatilidad,15.46,14.9,0.56,3.7584,up,2026-08-10T16:00:00-04:00
2026-08-10T15:59:39.103831-05:00,2026-08-10T20:59:39.103831+00:00,^TNX,US 10Y,Tasa,4.699,4.66,0.039001,0.8369,up,2026-08-10T14:50:00-04:00
2026-08-10T15:59:39.103831-05:00,2026-08-10T20:59:39.103831+00:00,GC=F,Oro,Commodity,4448.5,4340.700195,107.799805,2.4835,up,2026-08-10T16:45:00-04:00
2026-08-10T15:59:39.103831-05:00,2026-08-10T20:59:39.103831+00:00,CL=F,WTI,Commodity,82.239998,78.18,4.059998,5.1931,up,2026-08-10T16:45:00-04:00
2026-08-10T15:59:39.103831-05:00,2026-08-10T20:59:39.103831+00:00,HG=F,Cobre,Commodity,6.636,6.5705,0.0655,0.9969,up,2026-08-10T16:45:00-04:00
2026-08-10T15:59:39.103831-05:00,2026-08-10T20:59:39.103831+00:00,BTC-USD,Bitcoin,Crypto,64096.859375,64844.886719,-748.027344,-1.1536,down,2026-08-10T16:45:00-04:00
2026-08-10T16:55:55.578848-05:00,2026-08-10T21:55:55.578848+00:00,USDPEN=X,USD/PEN,FX,3.3764,3.310089,0.066311,2.0033,up,2026-08-10T17:15:00-04:00
2026-08-10T16:55:55.578848-05:00,2026-08-10T21:55:55.578848+00:00,EURUSD=X,EUR/USD,FX,1.154601,1.152472,0.002129,0.1847,up,2026-08-10T17:45:00-04:00
2026-08-10T16:55:55.578848-05:00,2026-08-10T21:55:55.578848+00:00,DX-Y.NYB,DXY,Dólar,99.806999,99.599998,0.207001,0.2078,up,2026-08-10T17:45:00-04:00
2026-08-10T16:55:55.578848-05:00,2026-08-10T21:55:55.578848+00:00,^GSPC,S&P 500,Índice,7753.149902,7757.640137,-4.490234,-0.0579,down,2026-08-10T15:45:00-04:00
2026-08-10T16:55:55.578848-05:00,2026-08-10T21:55:55.578848+00:00,^IXIC,Nasdaq,Índice,26604.771484,26690.619141,-85.847656,-0.3216,down,2026-08-10T15:45:00-04:00
2026-08-10T16:55:55.578848-05:00,2026-08-10T21:55:55.578848+00:00,^DJI,Dow Jones,Índice,53967.511719,54036.929688,-69.417969,-0.1285,down,2026-08-10T15:45:00-04:00
2026-08-10T16:55:55.578848-05:00,2026-08-10T21:55:55.578848+00:00,^VIX,VIX,Volatilidad,15.46,14.9,0.56,3.7584,up,2026-08-10T16:00:00-04:00
2026-08-10T16:55:55.578848-05:00,2026-08-10T21:55:55.578848+00:00,^TNX,US 10Y,Tasa,4.699,4.66,0.039001,0.8369,up,2026-08-10T14:50:00-04:00
2026-08-10T16:55:55.578848-05:00,2026-08-10T21:55:55.578848+00:00,GC=F,Oro,Commodity,4448.600098,4340.700195,107.899902,2.4858,up,2026-08-10T16:45:00-04:00
2026-08-10T16:55:55.578848-05:00,2026-08-10T21:55:55.578848+00:00,CL=F,WTI,Commodity,82.300003,78.18,4.120003,5.2699,up,2026-08-10T16:45:00-04:00
2026-08-10T16:55:55.578848-05:00,2026-08-10T21:55:55.578848+00:00,HG=F,Cobre,Commodity,6.6355,6.5705,0.065,0.9893,up,2026-08-10T16:45:00-04:00
2026-08-10T16:55:55.578848-05:00,2026-08-10T21:55:55.578848+00:00,BTC-USD,Bitcoin,Crypto,63939.351562,64844.886719,-905.535156,-1.3965,down,2026-08-10T17:45:00-04:00
2026-08-10T17:54:52.572012-05:00,2026-08-10T22:54:52.572012+00:00,USDPEN=X,USD/PEN,FX,3.3764,3.310089,0.066311,2.0033,up,2026-08-10T18:45:00-04:00
2026-08-10T17:54:52.572012-05:00,2026-08-10T22:54:52.572012+00:00,EURUSD=X,EUR/USD,FX,1.154734,1.152472,0.002262,0.1963,up,2026-08-10T18:45:00-04:00
2026-08-10T17:54:52.572012-05:00,2026-08-10T22:54:52.572012+00:00,DX-Y.NYB,DXY,Dólar,99.806999,99.599998,0.207001,0.2078,up,2026-08-10T18:00:00-04:00
2026-08-10T17:54:52.572012-05:00,2026-08-10T22:54:52.572012+00:00,^GSPC,S&P 500,Índice,7753.149902,7757.640137,-4.490234,-0.0579,down,2026-08-10T15:45:00-04:00
2026-08-10T17:54:52.572012-05:00,2026-08-10T22:54:52.572012+00:00,^IXIC,Nasdaq,Índice,26604.771484,26690.619141,-85.847656,-0.3216,down,2026-08-10T15:45:00-04:00
2026-08-10T17:54:52.572012-05:00,2026-08-10T22:54:52.572012+00:00,^DJI,Dow Jones,Índice,53967.511719,54036.929688,-69.417969,-0.1285,down,2026-08-10T15:45:00-04:00
2026-08-10T17:54:52.572012-05:00,2026-08-10T22:54:52.572012+00:00,^VIX,VIX,Volatilidad,15.46,14.9,0.56,3.7584,up,2026-08-10T16:00:00-04:00
2026-08-10T17:54:52.572012-05:00,2026-08-10T22:54:52.572012+00:00,^TNX,US 10Y,Tasa,4.699,4.66,0.039001,0.8369,up,2026-08-10T14:50:00-04:00
2026-08-10T17:54:52.572012-05:00,2026-08-10T22:54:52.572012+00:00,GC=F,Oro,Commodity,4455.0,4340.700195,114.299805,2.6332,up,2026-08-10T18:30:00-04:00
2026-08-10T17:54:52.572012-05:00,2026-08-10T22:54:52.572012+00:00,CL=F,WTI,Commodity,82.139999,78.18,3.959999,5.0652,up,2026-08-10T18:30:00-04:00
2026-08-10T17:54:52.572012-05:00,2026-08-10T22:54:52.572012+00:00,HG=F,Cobre,Commodity,6.632,6.5705,0.0615,0.936,up,2026-08-10T18:30:00-04:00
2026-08-10T17:54:52.572012-05:00,2026-08-10T22:54:52.572012+00:00,BTC-USD,Bitcoin,Crypto,63941.78125,64844.886719,-903.105469,-1.3927,down,2026-08-10T18:45:00-04:00
2026-08-10T18:49:08.484370-05:00,2026-08-10T23:49:08.484370+00:00,USDPEN=X,USD/PEN,FX,3.3758,3.30727,0.06853,2.0721,up,2026-08-10T19:45:00-04:00
2026-08-10T18:49:08.484370-05:00,2026-08-10T23:49:08.484370+00:00,EURUSD=X,EUR/USD,FX,1.154734,1.155642,-0.000907,-0.0785,down,2026-08-10T19:45:00-04:00
2026-08-10T18:49:08.484370-05:00,2026-08-10T23:49:08.484370+00:00,DX-Y.NYB,DXY,Dólar,99.803001,99.599998,0.203003,0.2038,up,2026-08-10T19:30:00-04:00
2026-08-10T18:49:08.484370-05:00,2026-08-10T23:49:08.484370+00:00,^GSPC,S&P 500,Índice,7753.149902,7757.640137,-4.490234,-0.0579,down,2026-08-10T15:45:00-04:00
2026-08-10T18:49:08.484370-05:00,2026-08-10T23:49:08.484370+00:00,^IXIC,Nasdaq,Índice,26604.771484,26690.619141,-85.847656,-0.3216,down,2026-08-10T15:45:00-04:00
2026-08-10T18:49:08.484370-05:00,2026-08-10T23:49:08.484370+00:00,^DJI,Dow Jones,Índice,53967.511719,54036.929688,-69.417969,-0.1285,down,2026-08-10T15:45:00-04:00
2026-08-10T18:49:08.484370-05:00,2026-08-10T23:49:08.484370+00:00,^VIX,VIX,Volatilidad,15.46,14.9,0.56,3.7584,up,2026-08-10T16:00:00-04:00
2026-08-10T18:49:08.484370-05:00,2026-08-10T23:49:08.484370+00:00,^TNX,US 10Y,Tasa,4.699,4.66,0.039001,0.8369,up,2026-08-10T14:50:00-04:00
2026-08-10T18:49:08.484370-05:00,2026-08-10T23:49:08.484370+00:00,GC=F,Oro,Commodity,4457.799805,4340.700195,117.099609,2.6977,up,2026-08-10T19:30:00-04:00
2026-08-10T18:49:08.484370-05:00,2026-08-10T23:49:08.484370+00:00,CL=F,WTI,Commodity,82.110001,78.18,3.93,5.0269,up,2026-08-10T19:30:00-04:00
2026-08-10T18:49:08.484370-05:00,2026-08-10T23:49:08.484370+00:00,HG=F,Cobre,Commodity,6.632,6.5705,0.0615,0.936,up,2026-08-10T19:30:00-04:00
2026-08-10T18:49:08.484370-05:00,2026-08-10T23:49:08.484370+00:00,BTC-USD,Bitcoin,Crypto,63905.71875,64844.886719,-939.167969,-1.4483,down,2026-08-10T19:45:00-04:00
2026-08-11T08:39:40.759304-05:00,2026-08-11T13:39:40.759304+00:00,USDPEN=X,USD/PEN,FX,3.372,3.30727,0.06473,1.9572,up,2026-08-11T09:30:00-04:00
2026-08-11T08:39:40.759304-05:00,2026-08-11T13:39:40.759304+00:00,EURUSD=X,EUR/USD,FX,1.154601,1.155642,-0.001041,-0.0901,down,2026-08-11T09:30:00-04:00
2026-08-11T08:39:40.759304-05:00,2026-08-11T13:39:40.759304+00:00,DX-Y.NYB,DXY,Dólar,99.807999,99.809998,-0.001999,-0.002,down,2026-08-11T09:15:00-04:00
2026-08-11T08:39:40.759304-05:00,2026-08-11T13:39:40.759304+00:00,^GSPC,S&P 500,Índice,7753.27002,7753.109863,0.160156,0.0021,up,2026-08-11T09:30:00-04:00
2026-08-11T08:39:40.759304-05:00,2026-08-11T13:39:40.759304+00:00,^IXIC,Nasdaq,Índice,26542.40625,26605.359375,-62.953125,-0.2366,down,2026-08-11T09:30:00-04:00
2026-08-11T08:39:40.759304-05:00,2026-08-11T13:39:40.759304+00:00,^DJI,Dow Jones,Índice,54111.589844,53975.980469,135.609375,0.2512,up,2026-08-11T09:30:00-04:00
2026-08-11T08:39:40.759304-05:00,2026-08-11T13:39:40.759304+00:00,^VIX,VIX,Volatilidad,15.53,15.46,0.07,0.4528,up,2026-08-11T09:15:00-04:00
2026-08-11T08:39:40.759304-05:00,2026-08-11T13:39:40.759304+00:00,^TNX,US 10Y,Tasa,4.684,4.699,-0.015,-0.3192,down,2026-08-11T09:20:00-04:00
2026-08-11T08:39:40.759304-05:00,2026-08-11T13:39:40.759304+00:00,GC=F,Oro,Commodity,4458.100098,4361.799805,96.300293,2.2078,up,2026-08-11T09:15:00-04:00
2026-08-11T08:39:40.759304-05:00,2026-08-11T13:39:40.759304+00:00,CL=F,WTI,Commodity,81.519997,82.129997,-0.610001,-0.7427,down,2026-08-11T09:15:00-04:00
2026-08-11T08:39:40.759304-05:00,2026-08-11T13:39:40.759304+00:00,HG=F,Cobre,Commodity,6.6625,6.5945,0.068,1.0312,up,2026-08-11T09:15:00-04:00
2026-08-11T08:39:40.759304-05:00,2026-08-11T13:39:40.759304+00:00,BTC-USD,Bitcoin,Crypto,64019.441406,63910.585938,108.855469,0.1703,up,2026-08-11T09:30:00-04:00
2026-08-11T10:14:03.103316-05:00,2026-08-11T15:14:03.103316+00:00,USDPEN=X,USD/PEN,FX,3.3621,3.30727,0.05483,1.6579,up,2026-08-11T11:00:00-04:00
2026-08-11T10:14:03.103316-05:00,2026-08-11T15:14:03.103316+00:00,EURUSD=X,EUR/USD,FX,1.154201,1.155642,-0.001441,-0.1247,down,2026-08-11T00:00:00
2026-08-11T10:14:03.103316-05:00,2026-08-11T15:14:03.103316+00:00,DX-Y.NYB,DXY,Dólar,99.801003,99.809998,-0.008995,-0.009,down,2026-08-11T11:00:00-04:00
2026-08-11T10:14:03.103316-05:00,2026-08-11T15:14:03.103316+00:00,^GSPC,S&P 500,Índice,7749.060059,7753.109863,-4.049805,-0.0522,down,2026-08-11T11:00:00-04:00
2026-08-11T10:14:03.103316-05:00,2026-08-11T15:14:03.103316+00:00,^IXIC,Nasdaq,Índice,26551.128906,26605.359375,-54.230469,-0.2038,down,2026-08-11T11:00:00-04:00
2026-08-11T10:14:03.103316-05:00,2026-08-11T15:14:03.103316+00:00,^DJI,Dow Jones,Índice,53936.191406,53975.980469,-39.789062,-0.0737,down,2026-08-11T11:00:00-04:00
2026-08-11T10:14:03.103316-05:00,2026-08-11T15:14:03.103316+00:00,^VIX,VIX,Volatilidad,15.24,15.46,-0.22,-1.423,down,2026-08-11T10:45:00-04:00
2026-08-11T10:14:03.103316-05:00,2026-08-11T15:14:03.103316+00:00,^TNX,US 10Y,Tasa,4.684,4.699,-0.015,-0.3192,down,2026-08-11T10:50:00-04:00
2026-08-11T10:14:03.103316-05:00,2026-08-11T15:14:03.103316+00:00,GC=F,Oro,Commodity,4457.399902,4361.799805,95.600098,2.1918,up,2026-08-11T11:00:00-04:00
2026-08-11T10:14:03.103316-05:00,2026-08-11T15:14:03.103316+00:00,CL=F,WTI,Commodity,82.480003,82.129997,0.350006,0.4262,up,2026-08-11T11:00:00-04:00
2026-08-11T10:14:03.103316-05:00,2026-08-11T15:14:03.103316+00:00,HG=F,Cobre,Commodity,6.6675,6.5945,0.073,1.107,up,2026-08-11T11:00:00-04:00
2026-08-11T10:14:03.103316-05:00,2026-08-11T15:14:03.103316+00:00,BTC-USD,Bitcoin,Crypto,63721.589844,63910.585938,-188.996094,-0.2957,down,2026-08-11T11:00:00-04:00
2026-08-11T11:09:46.634258-05:00,2026-08-11T16:09:46.634258+00:00,USDPEN=X,USD/PEN,FX,3.3615,3.30727,0.05423,1.6397,up,2026-08-11T12:00:00-04:00
2026-08-11T11:09:46.634258-05:00,2026-08-11T16:09:46.634258+00:00,EURUSD=X,EUR/USD,FX,1.154468,1.155642,-0.001174,-0.1016,down,2026-08-11T12:00:00-04:00
2026-08-11T11:09:46.634258-05:00,2026-08-11T16:09:46.634258+00:00,DX-Y.NYB,DXY,Dólar,99.810997,99.809998,0.000999,0.001,up,2026-08-11T11:45:00-04:00
2026-08-11T11:09:46.634258-05:00,2026-08-11T16:09:46.634258+00:00,^GSPC,S&P 500,Índice,7745.910156,7753.109863,-7.199707,-0.0929,down,2026-08-11T12:00:00-04:00
2026-08-11T11:09:46.634258-05:00,2026-08-11T16:09:46.634258+00:00,^IXIC,Nasdaq,Índice,26520.626953,26605.359375,-84.732422,-0.3185,down,2026-08-11T12:00:00-04:00
2026-08-11T11:09:46.634258-05:00,2026-08-11T16:09:46.634258+00:00,^DJI,Dow Jones,Índice,53932.929688,53975.980469,-43.050781,-0.0798,down,2026-08-11T12:00:00-04:00
2026-08-11T11:09:46.634258-05:00,2026-08-11T16:09:46.634258+00:00,^VIX,VIX,Volatilidad,15.35,15.46,-0.11,-0.7115,down,2026-08-11T11:45:00-04:00
2026-08-11T11:09:46.634258-05:00,2026-08-11T16:09:46.634258+00:00,^TNX,US 10Y,Tasa,4.688,4.699,-0.011,-0.2341,down,2026-08-11T11:50:00-04:00
2026-08-11T11:09:46.634258-05:00,2026-08-11T16:09:46.634258+00:00,GC=F,Oro,Commodity,4442.299805,4361.799805,80.5,1.8456,up,2026-08-11T11:45:00-04:00
2026-08-11T11:09:46.634258-05:00,2026-08-11T16:09:46.634258+00:00,CL=F,WTI,Commodity,83.279999,82.129997,1.150002,1.4002,up,2026-08-11T11:45:00-04:00
2026-08-11T11:09:46.634258-05:00,2026-08-11T16:09:46.634258+00:00,HG=F,Cobre,Commodity,6.638,6.5945,0.0435,0.6596,up,2026-08-11T11:45:00-04:00
2026-08-11T11:09:46.634258-05:00,2026-08-11T16:09:46.634258+00:00,BTC-USD,Bitcoin,Crypto,63545.5,63910.585938,-365.085938,-0.5712,down,2026-08-11T12:00:00-04:00
2026-08-11T12:10:32.202533-05:00,2026-08-11T17:10:32.202533+00:00,USDPEN=X,USD/PEN,FX,3.3765,3.30727,0.06923,2.0933,up,2026-08-11T13:00:00-04:00
2026-08-11T12:10:32.202533-05:00,2026-08-11T17:10:32.202533+00:00,EURUSD=X,EUR/USD,FX,1.153935,1.155642,-0.001707,-0.1477,down,2026-08-11T13:00:00-04:00
2026-08-11T12:10:32.202533-05:00,2026-08-11T17:10:32.202533+00:00,DX-Y.NYB,DXY,Dólar,99.825996,99.809998,0.015999,0.016,up,2026-08-11T13:00:00-04:00
2026-08-11T12:10:32.202533-05:00,2026-08-11T17:10:32.202533+00:00,^GSPC,S&P 500,Índice,7730.350098,7753.109863,-22.759766,-0.2936,down,2026-08-11T13:00:00-04:00
2026-08-11T12:10:32.202533-05:00,2026-08-11T17:10:32.202533+00:00,^IXIC,Nasdaq,Índice,26450.201172,26605.359375,-155.158203,-0.5832,down,2026-08-11T13:00:00-04:00
2026-08-11T12:10:32.202533-05:00,2026-08-11T17:10:32.202533+00:00,^DJI,Dow Jones,Índice,53886.070312,53975.980469,-89.910156,-0.1666,down,2026-08-11T13:00:00-04:00
2026-08-11T12:10:32.202533-05:00,2026-08-11T17:10:32.202533+00:00,^VIX,VIX,Volatilidad,15.45,15.46,-0.01,-0.0647,down,2026-08-11T12:45:00-04:00
2026-08-11T12:10:32.202533-05:00,2026-08-11T17:10:32.202533+00:00,^TNX,US 10Y,Tasa,4.684,4.699,-0.015,-0.3192,down,2026-08-11T12:50:00-04:00
2026-08-11T12:10:32.202533-05:00,2026-08-11T17:10:32.202533+00:00,GC=F,Oro,Commodity,4443.200195,4361.799805,81.400391,1.8662,up,2026-08-11T13:00:00-04:00
2026-08-11T12:10:32.202533-05:00,2026-08-11T17:10:32.202533+00:00,CL=F,WTI,Commodity,83.160004,82.129997,1.030006,1.2541,up,2026-08-11T13:00:00-04:00
2026-08-11T12:10:32.202533-05:00,2026-08-11T17:10:32.202533+00:00,HG=F,Cobre,Commodity,6.6345,6.5945,0.04,0.6066,up,2026-08-11T13:00:00-04:00
2026-08-11T12:10:32.202533-05:00,2026-08-11T17:10:32.202533+00:00,BTC-USD,Bitcoin,Crypto,63401.46875,63910.585938,-509.117188,-0.7966,down,2026-08-11T13:00:00-04:00
2026-08-11T13:05:24.790945-05:00,2026-08-11T18:05:24.790945+00:00,USDPEN=X,USD/PEN,FX,3.3604,3.30727,0.05313,1.6065,up,2026-08-11T14:00:00-04:00
2026-08-11T13:05:24.790945-05:00,2026-08-11T18:05:24.790945+00:00,EURUSD=X,EUR/USD,FX,1.154068,1.155642,-0.001574,-0.1362,down,2026-08-11T14:00:00-04:00
2026-08-11T13:05:24.790945-05:00,2026-08-11T18:05:24.790945+00:00,DX-Y.NYB,DXY,Dólar,99.844002,99.809998,0.034004,0.0341,up,2026-08-11T13:45:00-04:00
2026-08-11T13:05:24.790945-05:00,2026-08-11T18:05:24.790945+00:00,^GSPC,S&P 500,Índice,7734.189941,7753.109863,-18.919922,-0.244,down,2026-08-11T14:00:00-04:00
2026-08-11T13:05:24.790945-05:00,2026-08-11T18:05:24.790945+00:00,^IXIC,Nasdaq,Índice,26460.679688,26605.359375,-144.679688,-0.5438,down,2026-08-11T14:00:00-04:00
2026-08-11T13:05:24.790945-05:00,2026-08-11T18:05:24.790945+00:00,^DJI,Dow Jones,Índice,53871.011719,53975.980469,-104.96875,-0.1945,down,2026-08-11T14:00:00-04:00
2026-08-11T13:05:24.790945-05:00,2026-08-11T18:05:24.790945+00:00,^VIX,VIX,Volatilidad,15.27,15.46,-0.19,-1.229,down,2026-08-11T13:45:00-04:00
2026-08-11T13:05:24.790945-05:00,2026-08-11T18:05:24.790945+00:00,^TNX,US 10Y,Tasa,4.684,4.699,-0.015,-0.3192,down,2026-08-11T13:50:00-04:00
2026-08-11T13:05:24.790945-05:00,2026-08-11T18:05:24.790945+00:00,GC=F,Oro,Commodity,4432.399902,4361.799805,70.600098,1.6186,up,2026-08-11T13:45:00-04:00
2026-08-11T13:05:24.790945-05:00,2026-08-11T18:05:24.790945+00:00,CL=F,WTI,Commodity,83.220001,82.129997,1.090004,1.3272,up,2026-08-11T13:45:00-04:00
2026-08-11T13:05:24.790945-05:00,2026-08-11T18:05:24.790945+00:00,HG=F,Cobre,Commodity,6.638,6.5945,0.0435,0.6596,up,2026-08-11T13:45:00-04:00
2026-08-11T13:05:24.790945-05:00,2026-08-11T18:05:24.790945+00:00,BTC-USD,Bitcoin,Crypto,63526.230469,63910.585938,-384.355469,-0.6014,down,2026-08-11T14:00:00-04:00
2026-08-11T14:17:07.103889-05:00,2026-08-11T19:17:07.103889+00:00,USDPEN=X,USD/PEN,FX,3.3776,3.30727,0.07033,2.1265,up,2026-08-11T15:15:00-04:00
2026-08-11T14:17:07.103889-05:00,2026-08-11T19:17:07.103889+00:00,EURUSD=X,EUR/USD,FX,1.154468,1.155642,-0.001174,-0.1016,down,2026-08-11T15:15:00-04:00
2026-08-11T14:17:07.103889-05:00,2026-08-11T19:17:07.103889+00:00,DX-Y.NYB,DXY,Dólar,99.829002,99.809998,0.019005,0.019,up,2026-08-11T15:00:00-04:00
2026-08-11T14:17:07.103889-05:00,2026-08-11T19:17:07.103889+00:00,^GSPC,S&P 500,Índice,7726.439941,7753.109863,-26.669922,-0.344,down,2026-08-11T15:15:00-04:00
2026-08-11T14:17:07.103889-05:00,2026-08-11T19:17:07.103889+00:00,^IXIC,Nasdaq,Índice,26431.878906,26605.359375,-173.480469,-0.6521,down,2026-08-11T15:15:00-04:00
2026-08-11T14:17:07.103889-05:00,2026-08-11T19:17:07.103889+00:00,^DJI,Dow Jones,Índice,53784.320312,53975.980469,-191.660156,-0.3551,down,2026-08-11T15:15:00-04:00
2026-08-11T14:17:07.103889-05:00,2026-08-11T19:17:07.103889+00:00,^VIX,VIX,Volatilidad,15.28,15.46,-0.18,-1.1643,down,2026-08-11T15:00:00-04:00
2026-08-11T14:17:07.103889-05:00,2026-08-11T19:17:07.103889+00:00,^TNX,US 10Y,Tasa,4.684,4.699,-0.015,-0.3192,down,2026-08-11T14:50:00-04:00
2026-08-11T14:17:07.103889-05:00,2026-08-11T19:17:07.103889+00:00,GC=F,Oro,Commodity,4423.5,4361.799805,61.700195,1.4146,up,2026-08-11T15:00:00-04:00
2026-08-11T14:17:07.103889-05:00,2026-08-11T19:17:07.103889+00:00,CL=F,WTI,Commodity,83.290001,82.129997,1.160004,1.4124,up,2026-08-11T15:00:00-04:00
2026-08-11T14:17:07.103889-05:00,2026-08-11T19:17:07.103889+00:00,HG=F,Cobre,Commodity,6.627,6.5945,0.0325,0.4928,up,2026-08-11T15:00:00-04:00
2026-08-11T14:17:07.103889-05:00,2026-08-11T19:17:07.103889+00:00,BTC-USD,Bitcoin,Crypto,63234.558594,63910.585938,-676.027344,-1.0578,down,2026-08-11T15:15:00-04:00
2026-08-11T15:05:20.307032-05:00,2026-08-11T20:05:20.307032+00:00,USDPEN=X,USD/PEN,FX,3.3769,3.30727,0.06963,2.1054,up,2026-08-11T16:00:00-04:00
2026-08-11T15:05:20.307032-05:00,2026-08-11T20:05:20.307032+00:00,EURUSD=X,EUR/USD,FX,1.154601,1.155642,-0.001041,-0.0901,down,2026-08-11T16:00:00-04:00
2026-08-11T15:05:20.307032-05:00,2026-08-11T20:05:20.307032+00:00,DX-Y.NYB,DXY,Dólar,99.810997,99.809998,0.000999,0.001,up,2026-08-11T15:45:00-04:00
2026-08-11T15:05:20.307032-05:00,2026-08-11T20:05:20.307032+00:00,^GSPC,S&P 500,Índice,7727.410156,7753.109863,-25.699707,-0.3315,down,2026-08-11T15:45:00-04:00
2026-08-11T15:05:20.307032-05:00,2026-08-11T20:05:20.307032+00:00,^IXIC,Nasdaq,Índice,26443.234375,26605.359375,-162.125,-0.6094,down,2026-08-11T15:45:00-04:00
2026-08-11T15:05:20.307032-05:00,2026-08-11T20:05:20.307032+00:00,^DJI,Dow Jones,Índice,53785.191406,53975.980469,-190.789062,-0.3535,down,2026-08-11T15:45:00-04:00
2026-08-11T15:05:20.307032-05:00,2026-08-11T20:05:20.307032+00:00,^VIX,VIX,Volatilidad,15.33,15.46,-0.13,-0.8409,down,2026-08-11T15:45:00-04:00
2026-08-11T15:05:20.307032-05:00,2026-08-11T20:05:20.307032+00:00,^TNX,US 10Y,Tasa,4.684,4.699,-0.015,-0.3192,down,2026-08-11T14:50:00-04:00
2026-08-11T15:05:20.307032-05:00,2026-08-11T20:05:20.307032+00:00,GC=F,Oro,Commodity,4429.0,4361.799805,67.200195,1.5407,up,2026-08-11T15:45:00-04:00
2026-08-11T15:05:20.307032-05:00,2026-08-11T20:05:20.307032+00:00,CL=F,WTI,Commodity,83.43,82.129997,1.300003,1.5829,up,2026-08-11T15:45:00-04:00
2026-08-11T15:05:20.307032-05:00,2026-08-11T20:05:20.307032+00:00,HG=F,Cobre,Commodity,6.6355,6.5945,0.041,0.6217,up,2026-08-11T15:45:00-04:00
2026-08-11T15:05:20.307032-05:00,2026-08-11T20:05:20.307032+00:00,BTC-USD,Bitcoin,Crypto,63600.320312,63910.585938,-310.265625,-0.4855,down,2026-08-11T16:00:00-04:00
2026-08-11T16:01:56.338633-05:00,2026-08-11T21:01:56.338633+00:00,USDPEN=X,USD/PEN,FX,3.3779,3.30727,0.07063,2.1356,up,2026-08-11T17:00:00-04:00
2026-08-11T16:01:56.338633-05:00,2026-08-11T21:01:56.338633+00:00,EURUSD=X,EUR/USD,FX,1.154468,1.155642,-0.001174,-0.1016,down,2026-08-11T17:00:00-04:00
2026-08-11T16:01:56.338633-05:00,2026-08-11T21:01:56.338633+00:00,DX-Y.NYB,DXY,Dólar,99.823997,99.809998,0.014,0.014,up,2026-08-11T16:45:00-04:00
2026-08-11T16:01:56.338633-05:00,2026-08-11T21:01:56.338633+00:00,^GSPC,S&P 500,Índice,7727.410156,7753.109863,-25.699707,-0.3315,down,2026-08-11T15:45:00-04:00
2026-08-11T16:01:56.338633-05:00,2026-08-11T21:01:56.338633+00:00,^IXIC,Nasdaq,Índice,26443.234375,26605.359375,-162.125,-0.6094,down,2026-08-11T15:45:00-04:00
2026-08-11T16:01:56.338633-05:00,2026-08-11T21:01:56.338633+00:00,^DJI,Dow Jones,Índice,53785.191406,53975.980469,-190.789062,-0.3535,down,2026-08-11T15:45:00-04:00
2026-08-11T16:01:56.338633-05:00,2026-08-11T21:01:56.338633+00:00,^VIX,VIX,Volatilidad,15.28,15.46,-0.18,-1.1643,down,2026-08-11T16:00:00-04:00
2026-08-11T16:01:56.338633-05:00,2026-08-11T21:01:56.338633+00:00,^TNX,US 10Y,Tasa,4.684,4.699,-0.015,-0.3192,down,2026-08-11T14:50:00-04:00
2026-08-11T16:01:56.338633-05:00,2026-08-11T21:01:56.338633+00:00,GC=F,Oro,Commodity,4426.299805,4361.799805,64.5,1.4787,up,2026-08-11T16:45:00-04:00
2026-08-11T16:01:56.338633-05:00,2026-08-11T21:01:56.338633+00:00,CL=F,WTI,Commodity,83.440002,82.129997,1.310005,1.595,up,2026-08-11T16:45:00-04:00
2026-08-11T16:01:56.338633-05:00,2026-08-11T21:01:56.338633+00:00,HG=F,Cobre,Commodity,6.628,6.5945,0.0335,0.508,up,2026-08-11T16:45:00-04:00
2026-08-11T16:01:56.338633-05:00,2026-08-11T21:01:56.338633+00:00,BTC-USD,Bitcoin,Crypto,63674.5,63910.585938,-236.085938,-0.3694,down,2026-08-11T17:00:00-04:00
2026-08-11T17:02:08.461625-05:00,2026-08-11T22:02:08.461625+00:00,USDPEN=X,USD/PEN,FX,3.378,3.30727,0.07073,2.1386,up,2026-08-11T18:00:00-04:00
2026-08-11T17:02:08.461625-05:00,2026-08-11T22:02:08.461625+00:00,EURUSD=X,EUR/USD,FX,1.154601,1.155642,-0.001041,-0.0901,down,2026-08-11T18:00:00-04:00
2026-08-11T17:02:08.461625-05:00,2026-08-11T22:02:08.461625+00:00,DX-Y.NYB,DXY,Dólar,99.824997,99.809998,0.014999,0.015,up,2026-08-11T17:45:00-04:00
2026-08-11T17:02:08.461625-05:00,2026-08-11T22:02:08.461625+00:00,^GSPC,S&P 500,Índice,7727.410156,7753.109863,-25.699707,-0.3315,down,2026-08-11T15:45:00-04:00
2026-08-11T17:02:08.461625-05:00,2026-08-11T22:02:08.461625+00:00,^IXIC,Nasdaq,Índice,26443.234375,26605.359375,-162.125,-0.6094,down,2026-08-11T15:45:00-04:00
2026-08-11T17:02:08.461625-05:00,2026-08-11T22:02:08.461625+00:00,^DJI,Dow Jones,Índice,53785.191406,53975.980469,-190.789062,-0.3535,down,2026-08-11T15:45:00-04:00
2026-08-11T17:02:08.461625-05:00,2026-08-11T22:02:08.461625+00:00,^VIX,VIX,Volatilidad,15.28,15.46,-0.18,-1.1643,down,2026-08-11T16:00:00-04:00
2026-08-11T17:02:08.461625-05:00,2026-08-11T22:02:08.461625+00:00,^TNX,US 10Y,Tasa,4.684,4.699,-0.015,-0.3192,down,2026-08-11T14:50:00-04:00
2026-08-11T17:02:08.461625-05:00,2026-08-11T22:02:08.461625+00:00,GC=F,Oro,Commodity,4427.799805,4361.799805,66.0,1.5131,up,2026-08-11T16:45:00-04:00
2026-08-11T17:02:08.461625-05:00,2026-08-11T22:02:08.461625+00:00,CL=F,WTI,Commodity,83.230003,82.129997,1.100006,1.3393,up,2026-08-11T16:45:00-04:00
2026-08-11T17:02:08.461625-05:00,2026-08-11T22:02:08.461625+00:00,HG=F,Cobre,Commodity,6.6285,6.5945,0.034,0.5156,up,2026-08-11T16:45:00-04:00
2026-08-11T17:02:08.461625-05:00,2026-08-11T22:02:08.461625+00:00,BTC-USD,Bitcoin,Crypto,63708.710938,63910.585938,-201.875,-0.3159,down,2026-08-11T18:00:00-04:00
2026-08-11T18:00:22.186234-05:00,2026-08-11T23:00:22.186234+00:00,USDPEN=X,USD/PEN,FX,3.3782,3.30727,0.07093,2.1447,up,2026-08-11T18:45:00-04:00
2026-08-11T18:00:22.186234-05:00,2026-08-11T23:00:22.186234+00:00,EURUSD=X,EUR/USD,FX,1.154601,1.155642,-0.001041,-0.0901,down,2026-08-11T18:15:00-04:00
2026-08-11T18:00:22.186234-05:00,2026-08-11T23:00:22.186234+00:00,DX-Y.NYB,DXY,Dólar,99.811996,99.809998,0.001999,0.002,up,2026-08-11T18:00:00-04:00
2026-08-11T18:00:22.186234-05:00,2026-08-11T23:00:22.186234+00:00,^GSPC,S&P 500,Índice,7727.410156,7753.109863,-25.699707,-0.3315,down,2026-08-11T15:45:00-04:00
2026-08-11T18:00:22.186234-05:00,2026-08-11T23:00:22.186234+00:00,^IXIC,Nasdaq,Índice,26443.234375,26605.359375,-162.125,-0.6094,down,2026-08-11T15:45:00-04:00
2026-08-11T18:00:22.186234-05:00,2026-08-11T23:00:22.186234+00:00,^DJI,Dow Jones,Índice,53785.191406,53975.980469,-190.789062,-0.3535,down,2026-08-11T15:45:00-04:00
2026-08-11T18:00:22.186234-05:00,2026-08-11T23:00:22.186234+00:00,^VIX,VIX,Volatilidad,15.28,15.46,-0.18,-1.1643,down,2026-08-11T16:00:00-04:00
2026-08-11T18:00:22.186234-05:00,2026-08-11T23:00:22.186234+00:00,^TNX,US 10Y,Tasa,4.684,4.699,-0.015,-0.3192,down,2026-08-11T14:50:00-04:00
2026-08-11T18:00:22.186234-05:00,2026-08-11T23:00:22.186234+00:00,GC=F,Oro,Commodity,4434.200195,4361.799805,72.400391,1.6599,up,2026-08-11T18:45:00-04:00
2026-08-11T18:00:22.186234-05:00,2026-08-11T23:00:22.186234+00:00,CL=F,WTI,Commodity,83.480003,82.129997,1.350006,1.6437,up,2026-08-11T18:45:00-04:00
2026-08-11T18:00:22.186234-05:00,2026-08-11T23:00:22.186234+00:00,HG=F,Cobre,Commodity,6.636,6.5945,0.0415,0.6293,up,2026-08-11T18:45:00-04:00
2026-08-11T18:00:22.186234-05:00,2026-08-11T23:00:22.186234+00:00,BTC-USD,Bitcoin,Crypto,63587.910156,63910.585938,-322.675781,-0.5049,down,2026-08-11T19:00:00-04:00
2026-08-11T18:56:57.550616-05:00,2026-08-11T23:56:57.550616+00:00,USDPEN=X,USD/PEN,FX,3.3782,3.309342,0.068858,2.0807,up,2026-08-11T19:45:00-04:00
2026-08-11T18:56:57.550616-05:00,2026-08-11T23:56:57.550616+00:00,EURUSD=X,EUR/USD,FX,1.154601,1.154641,-4e-05,-0.0035,down,2026-08-11T19:45:00-04:00
2026-08-11T18:56:57.550616-05:00,2026-08-11T23:56:57.550616+00:00,DX-Y.NYB,DXY,Dólar,99.815002,99.809998,0.005005,0.005,up,2026-08-11T19:45:00-04:00
2026-08-11T18:56:57.550616-05:00,2026-08-11T23:56:57.550616+00:00,^GSPC,S&P 500,Índice,7727.410156,7753.109863,-25.699707,-0.3315,down,2026-08-11T15:45:00-04:00
2026-08-11T18:56:57.550616-05:00,2026-08-11T23:56:57.550616+00:00,^IXIC,Nasdaq,Índice,26443.234375,26605.359375,-162.125,-0.6094,down,2026-08-11T15:45:00-04:00
2026-08-11T18:56:57.550616-05:00,2026-08-11T23:56:57.550616+00:00,^DJI,Dow Jones,Índice,53785.191406,53975.980469,-190.789062,-0.3535,down,2026-08-11T15:45:00-04:00
2026-08-11T18:56:57.550616-05:00,2026-08-11T23:56:57.550616+00:00,^VIX,VIX,Volatilidad,15.28,15.46,-0.18,-1.1643,down,2026-08-11T16:00:00-04:00
2026-08-11T18:56:57.550616-05:00,2026-08-11T23:56:57.550616+00:00,^TNX,US 10Y,Tasa,4.684,4.699,-0.015,-0.3192,down,2026-08-11T14:50:00-04:00
2026-08-11T18:56:57.550616-05:00,2026-08-11T23:56:57.550616+00:00,GC=F,Oro,Commodity,4429.0,4361.799805,67.200195,1.5407,up,2026-08-11T19:45:00-04:00
2026-08-11T18:56:57.550616-05:00,2026-08-11T23:56:57.550616+00:00,CL=F,WTI,Commodity,83.480003,82.129997,1.350006,1.6437,up,2026-08-11T19:45:00-04:00
2026-08-11T18:56:57.550616-05:00,2026-08-11T23:56:57.550616+00:00,HG=F,Cobre,Commodity,6.6365,6.5945,0.042,0.6369,up,2026-08-11T19:45:00-04:00
2026-08-11T18:56:57.550616-05:00,2026-08-11T23:56:57.550616+00:00,BTC-USD,Bitcoin,Crypto,63547.191406,63910.585938,-363.394531,-0.5686,down,2026-08-11T19:45:00-04:00
2026-08-12T08:43:25.336011-05:00,2026-08-12T13:43:25.336011+00:00,USDPEN=X,USD/PEN,FX,3.3631,3.309342,0.053758,1.6244,up,2026-08-12T09:30:00-04:00
2026-08-12T08:43:25.336011-05:00,2026-08-12T13:43:25.336011+00:00,EURUSD=X,EUR/USD,FX,1.155268,1.154641,0.000627,0.0543,up,2026-08-12T09:30:00-04:00
2026-08-12T08:43:25.336011-05:00,2026-08-12T13:43:25.336011+00:00,DX-Y.NYB,DXY,Dólar,99.685997,99.82,-0.134003,-0.1342,down,2026-08-12T09:30:00-04:00
2026-08-12T08:43:25.336011-05:00,2026-08-12T13:43:25.336011+00:00,^GSPC,S&P 500,Índice,7751.799805,7728.200195,23.599609,0.3054,up,2026-08-12T09:30:00-04:00
2026-08-12T08:43:25.336011-05:00,2026-08-12T13:43:25.336011+00:00,^IXIC,Nasdaq,Índice,26601.318359,26445.449219,155.869141,0.5894,up,2026-08-12T09:30:00-04:00
2026-08-12T08:43:25.336011-05:00,2026-08-12T13:43:25.336011+00:00,^DJI,Dow Jones,Índice,53884.351562,53791.851562,92.5,0.172,up,2026-08-12T09:30:00-04:00
2026-08-12T08:43:25.336011-05:00,2026-08-12T13:43:25.336011+00:00,^VIX,VIX,Volatilidad,14.95,15.28,-0.33,-2.1597,down,2026-08-12T09:15:00-04:00
2026-08-12T08:43:25.336011-05:00,2026-08-12T13:43:25.336011+00:00,^TNX,US 10Y,Tasa,4.656,4.684,-0.028,-0.5978,down,2026-08-12T09:20:00-04:00
2026-08-12T08:43:25.336011-05:00,2026-08-12T13:43:25.336011+00:00,GC=F,Oro,Commodity,4476.899902,4383.0,93.899902,2.1424,up,2026-08-12T09:30:00-04:00
2026-08-12T08:43:25.336011-05:00,2026-08-12T13:43:25.336011+00:00,CL=F,WTI,Commodity,82.900002,83.199997,-0.299995,-0.3606,down,2026-08-12T09:30:00-04:00
2026-08-12T08:43:25.336011-05:00,2026-08-12T13:43:25.336011+00:00,HG=F,Cobre,Commodity,6.659,6.612,0.047,0.7108,up,2026-08-12T09:30:00-04:00
2026-08-12T08:43:25.336011-05:00,2026-08-12T13:43:25.336011+00:00,BTC-USD,Bitcoin,Crypto,63925.488281,63551.875,373.613281,0.5879,up,2026-08-12T09:30:00-04:00
2026-08-12T10:12:37.786572-05:00,2026-08-12T15:12:37.786572+00:00,USDPEN=X,USD/PEN,FX,3.3574,3.309342,0.048058,1.4522,up,2026-08-12T11:00:00-04:00
2026-08-12T10:12:37.786572-05:00,2026-08-12T15:12:37.786572+00:00,EURUSD=X,EUR/USD,FX,1.154601,1.154641,-4e-05,-0.0035,down,2026-08-12T11:00:00-04:00
2026-08-12T10:12:37.786572-05:00,2026-08-12T15:12:37.786572+00:00,DX-Y.NYB,DXY,Dólar,99.830002,99.82,0.010002,0.01,up,2026-08-12T11:00:00-04:00
2026-08-12T10:12:37.786572-05:00,2026-08-12T15:12:37.786572+00:00,^GSPC,S&P 500,Índice,7743.069824,7728.200195,14.869629,0.1924,up,2026-08-12T11:00:00-04:00
2026-08-12T10:12:37.786572-05:00,2026-08-12T15:12:37.786572+00:00,^IXIC,Nasdaq,Índice,26572.947266,26445.449219,127.498047,0.4821,up,2026-08-12T11:00:00-04:00
2026-08-12T10:12:37.786572-05:00,2026-08-12T15:12:37.786572+00:00,^DJI,Dow Jones,Índice,53768.789062,53791.851562,-23.0625,-0.0429,down,2026-08-12T11:00:00-04:00
2026-08-12T10:12:37.786572-05:00,2026-08-12T15:12:37.786572+00:00,^VIX,VIX,Volatilidad,14.87,15.28,-0.41,-2.6832,down,2026-08-12T10:45:00-04:00
2026-08-12T10:12:37.786572-05:00,2026-08-12T15:12:37.786572+00:00,^TNX,US 10Y,Tasa,4.674,4.684,-0.01,-0.2135,down,2026-08-12T10:50:00-04:00
2026-08-12T10:12:37.786572-05:00,2026-08-12T15:12:37.786572+00:00,GC=F,Oro,Commodity,4479.600098,4383.0,96.600098,2.204,up,2026-08-12T11:00:00-04:00
2026-08-12T10:12:37.786572-05:00,2026-08-12T15:12:37.786572+00:00,CL=F,WTI,Commodity,83.099998,83.199997,-0.099998,-0.1202,down,2026-08-12T11:00:00-04:00
2026-08-12T10:12:37.786572-05:00,2026-08-12T15:12:37.786572+00:00,HG=F,Cobre,Commodity,6.644,6.612,0.032,0.484,up,2026-08-12T11:00:00-04:00
2026-08-12T10:12:37.786572-05:00,2026-08-12T15:12:37.786572+00:00,BTC-USD,Bitcoin,Crypto,63441.25,63551.875,-110.625,-0.1741,down,2026-08-12T11:00:00-04:00
2026-08-12T11:07:45.855291-05:00,2026-08-12T16:07:45.855291+00:00,USDPEN=X,USD/PEN,FX,3.3564,3.309342,0.047058,1.422,up,2026-08-12T12:00:00-04:00
2026-08-12T11:07:45.855291-05:00,2026-08-12T16:07:45.855291+00:00,EURUSD=X,EUR/USD,FX,1.153802,1.154641,-0.000839,-0.0727,down,2026-08-12T12:00:00-04:00
2026-08-12T11:07:45.855291-05:00,2026-08-12T16:07:45.855291+00:00,DX-Y.NYB,DXY,Dólar,99.844002,99.82,0.024002,0.024,up,2026-08-12T11:45:00-04:00
2026-08-12T11:07:45.855291-05:00,2026-08-12T16:07:45.855291+00:00,^GSPC,S&P 500,Índice,7743.950195,7728.200195,15.75,0.2038,up,2026-08-12T12:00:00-04:00
2026-08-12T11:07:45.855291-05:00,2026-08-12T16:07:45.855291+00:00,^IXIC,Nasdaq,Índice,26561.232422,26445.449219,115.783203,0.4378,up,2026-08-12T12:00:00-04:00
2026-08-12T11:07:45.855291-05:00,2026-08-12T16:07:45.855291+00:00,^DJI,Dow Jones,Índice,53815.871094,53791.851562,24.019531,0.0447,up,2026-08-12T12:00:00-04:00
2026-08-12T11:07:45.855291-05:00,2026-08-12T16:07:45.855291+00:00,^VIX,VIX,Volatilidad,14.79,15.28,-0.49,-3.2068,down,2026-08-12T11:45:00-04:00
2026-08-12T11:07:45.855291-05:00,2026-08-12T16:07:45.855291+00:00,^TNX,US 10Y,Tasa,4.67,4.684,-0.014,-0.2989,down,2026-08-12T11:50:00-04:00
2026-08-12T11:07:45.855291-05:00,2026-08-12T16:07:45.855291+00:00,GC=F,Oro,Commodity,4479.5,4383.0,96.5,2.2017,up,2026-08-12T11:45:00-04:00
2026-08-12T11:07:45.855291-05:00,2026-08-12T16:07:45.855291+00:00,CL=F,WTI,Commodity,83.370003,83.199997,0.170006,0.2043,up,2026-08-12T11:45:00-04:00
2026-08-12T11:07:45.855291-05:00,2026-08-12T16:07:45.855291+00:00,HG=F,Cobre,Commodity,6.624,6.612,0.012,0.1815,up,2026-08-12T11:45:00-04:00
2026-08-12T11:07:45.855291-05:00,2026-08-12T16:07:45.855291+00:00,BTC-USD,Bitcoin,Crypto,63366.03125,63551.875,-185.84375,-0.2924,down,2026-08-12T12:00:00-04:00
2026-08-12T12:09:51.421627-05:00,2026-08-12T17:09:51.421627+00:00,USDPEN=X,USD/PEN,FX,3.3673,3.309342,0.057958,1.7513,up,2026-08-12T13:00:00-04:00
2026-08-12T12:09:51.421627-05:00,2026-08-12T17:09:51.421627+00:00,EURUSD=X,EUR/USD,FX,1.153403,1.154641,-0.001239,-0.1073,down,2026-08-12T13:00:00-04:00
2026-08-12T12:09:51.421627-05:00,2026-08-12T17:09:51.421627+00:00,DX-Y.NYB,DXY,Dólar,99.944,99.82,0.124001,0.1242,up,2026-08-12T12:45:00-04:00
2026-08-12T12:09:51.421627-05:00,2026-08-12T17:09:51.421627+00:00,^GSPC,S&P 500,Índice,7753.319824,7728.200195,25.119629,0.325,up,2026-08-12T13:00:00-04:00
2026-08-12T12:09:51.421627-05:00,2026-08-12T17:09:51.421627+00:00,^IXIC,Nasdaq,Índice,26621.207031,26445.449219,175.757812,0.6646,up,2026-08-12T13:00:00-04:00
2026-08-12T12:09:51.421627-05:00,2026-08-12T17:09:51.421627+00:00,^DJI,Dow Jones,Índice,53823.269531,53791.851562,31.417969,0.0584,up,2026-08-12T13:00:00-04:00
2026-08-12T12:09:51.421627-05:00,2026-08-12T17:09:51.421627+00:00,^VIX,VIX,Volatilidad,14.68,15.28,-0.599999,-3.9267,down,2026-08-12T12:45:00-04:00
2026-08-12T12:09:51.421627-05:00,2026-08-12T17:09:51.421627+00:00,^TNX,US 10Y,Tasa,4.678,4.684,-0.006,-0.1281,down,2026-08-12T12:50:00-04:00
2026-08-12T12:09:51.421627-05:00,2026-08-12T17:09:51.421627+00:00,GC=F,Oro,Commodity,4462.5,4383.0,79.5,1.8138,up,2026-08-12T12:45:00-04:00
2026-08-12T12:09:51.421627-05:00,2026-08-12T17:09:51.421627+00:00,CL=F,WTI,Commodity,82.900002,83.199997,-0.299995,-0.3606,down,2026-08-12T12:45:00-04:00
2026-08-12T12:09:51.421627-05:00,2026-08-12T17:09:51.421627+00:00,HG=F,Cobre,Commodity,6.614,6.612,0.002,0.0302,up,2026-08-12T12:45:00-04:00
2026-08-12T12:09:51.421627-05:00,2026-08-12T17:09:51.421627+00:00,BTC-USD,Bitcoin,Crypto,63441.269531,63551.875,-110.605469,-0.174,down,2026-08-12T13:00:00-04:00
2026-08-12T13:04:50.182728-05:00,2026-08-12T18:04:50.182728+00:00,USDPEN=X,USD/PEN,FX,3.3694,3.309342,0.060058,1.8148,up,2026-08-12T14:00:00-04:00
2026-08-12T13:04:50.182728-05:00,2026-08-12T18:04:50.182728+00:00,EURUSD=X,EUR/USD,FX,1.152472,1.154641,-0.002169,-0.1879,down,2026-08-12T14:00:00-04:00
2026-08-12T13:04:50.182728-05:00,2026-08-12T18:04:50.182728+00:00,DX-Y.NYB,DXY,Dólar,99.997002,99.82,0.177002,0.1773,up,2026-08-12T13:45:00-04:00
2026-08-12T13:04:50.182728-05:00,2026-08-12T18:04:50.182728+00:00,^GSPC,S&P 500,Índice,7751.77002,7728.200195,23.569824,0.305,up,2026-08-12T14:00:00-04:00
2026-08-12T13:04:50.182728-05:00,2026-08-12T18:04:50.182728+00:00,^IXIC,Nasdaq,Índice,26599.460938,26445.449219,154.011719,0.5824,up,2026-08-12T14:00:00-04:00
2026-08-12T13:04:50.182728-05:00,2026-08-12T18:04:50.182728+00:00,^DJI,Dow Jones,Índice,53806.648438,53791.851562,14.796875,0.0275,up,2026-08-12T14:00:00-04:00
2026-08-12T13:04:50.182728-05:00,2026-08-12T18:04:50.182728+00:00,^VIX,VIX,Volatilidad,14.59,15.28,-0.69,-4.5157,down,2026-08-12T13:45:00-04:00
2026-08-12T13:04:50.182728-05:00,2026-08-12T18:04:50.182728+00:00,^TNX,US 10Y,Tasa,4.676,4.684,-0.008,-0.1708,down,2026-08-12T13:35:00-04:00
2026-08-12T13:04:50.182728-05:00,2026-08-12T18:04:50.182728+00:00,GC=F,Oro,Commodity,4460.200195,4383.0,77.200195,1.7614,up,2026-08-12T13:45:00-04:00
2026-08-12T13:04:50.182728-05:00,2026-08-12T18:04:50.182728+00:00,CL=F,WTI,Commodity,83.18,83.199997,-0.019997,-0.024,down,2026-08-12T13:45:00-04:00
2026-08-12T13:04:50.182728-05:00,2026-08-12T18:04:50.182728+00:00,HG=F,Cobre,Commodity,6.6115,6.612,-0.0005,-0.0076,down,2026-08-12T13:45:00-04:00
2026-08-12T13:04:50.182728-05:00,2026-08-12T18:04:50.182728+00:00,BTC-USD,Bitcoin,Crypto,63405.039062,63551.875,-146.835938,-0.231,down,2026-08-12T14:00:00-04:00
2026-08-12T14:17:37.667968-05:00,2026-08-12T19:17:37.667968+00:00,USDPEN=X,USD/PEN,FX,3.3704,3.309342,0.061058,1.845,up,2026-08-12T15:00:00-04:00
2026-08-12T14:17:37.667968-05:00,2026-08-12T19:17:37.667968+00:00,EURUSD=X,EUR/USD,FX,1.152605,1.154641,-0.002036,-0.1764,down,2026-08-12T15:15:00-04:00
2026-08-12T14:17:37.667968-05:00,2026-08-12T19:17:37.667968+00:00,DX-Y.NYB,DXY,Dólar,100.012001,99.82,0.192001,0.1923,up,2026-08-12T15:00:00-04:00
2026-08-12T14:17:37.667968-05:00,2026-08-12T19:17:37.667968+00:00,^GSPC,S&P 500,Índice,7754.620117,7728.200195,26.419922,0.3419,up,2026-08-12T15:15:00-04:00
2026-08-12T14:17:37.667968-05:00,2026-08-12T19:17:37.667968+00:00,^IXIC,Nasdaq,Índice,26622.707031,26445.449219,177.257812,0.6703,up,2026-08-12T15:15:00-04:00
2026-08-12T14:17:37.667968-05:00,2026-08-12T19:17:37.667968+00:00,^DJI,Dow Jones,Índice,53820.5,53791.851562,28.648438,0.0533,up,2026-08-12T15:15:00-04:00
2026-08-12T14:17:37.667968-05:00,2026-08-12T19:17:37.667968+00:00,^VIX,VIX,Volatilidad,14.51,15.28,-0.77,-5.0393,down,2026-08-12T15:00:00-04:00
2026-08-12T14:17:37.667968-05:00,2026-08-12T19:17:37.667968+00:00,^TNX,US 10Y,Tasa,4.684,4.684,0.0,0.0,flat,2026-08-12T14:50:00-04:00
2026-08-12T14:17:37.667968-05:00,2026-08-12T19:17:37.667968+00:00,GC=F,Oro,Commodity,4476.799805,4383.0,93.799805,2.1401,up,2026-08-12T15:00:00-04:00
2026-08-12T14:17:37.667968-05:00,2026-08-12T19:17:37.667968+00:00,CL=F,WTI,Commodity,83.089996,83.199997,-0.110001,-0.1322,down,2026-08-12T15:00:00-04:00
2026-08-12T14:17:37.667968-05:00,2026-08-12T19:17:37.667968+00:00,HG=F,Cobre,Commodity,6.615,6.612,0.003,0.0454,up,2026-08-12T15:00:00-04:00
2026-08-12T14:17:37.667968-05:00,2026-08-12T19:17:37.667968+00:00,BTC-USD,Bitcoin,Crypto,63352.789062,63551.875,-199.085938,-0.3133,down,2026-08-12T15:15:00-04:00
2026-08-12T16:00:52.634738-05:00,2026-08-12T21:00:52.634738+00:00,USDPEN=X,USD/PEN,FX,3.3585,3.309342,0.049158,1.4854,up,2026-08-12T16:45:00-04:00
2026-08-12T16:00:52.634738-05:00,2026-08-12T21:00:52.634738+00:00,EURUSD=X,EUR/USD,FX,1.15327,1.154374,-0.001105,-0.0957,down,2026-08-12T17:00:00-04:00
2026-08-12T16:00:52.634738-05:00,2026-08-12T21:00:52.634738+00:00,DX-Y.NYB,DXY,Dólar,99.966003,99.82,0.146004,0.1463,up,2026-08-12T16:45:00-04:00
2026-08-12T16:00:52.634738-05:00,2026-08-12T21:00:52.634738+00:00,^GSPC,S&P 500,Índice,7748.709961,7728.200195,20.509766,0.2654,up,2026-08-12T15:45:00-04:00
2026-08-12T16:00:52.634738-05:00,2026-08-12T21:00:52.634738+00:00,^IXIC,Nasdaq,Índice,26590.589844,26445.449219,145.140625,0.5488,up,2026-08-12T15:45:00-04:00
2026-08-12T16:00:52.634738-05:00,2026-08-12T21:00:52.634738+00:00,^DJI,Dow Jones,Índice,53769.859375,53791.851562,-21.992188,-0.0409,down,2026-08-12T15:45:00-04:00
2026-08-12T16:00:52.634738-05:00,2026-08-12T21:00:52.634738+00:00,^VIX,VIX,Volatilidad,14.55,15.28,-0.73,-4.7775,down,2026-08-12T16:00:00-04:00
2026-08-12T16:00:52.634738-05:00,2026-08-12T21:00:52.634738+00:00,^TNX,US 10Y,Tasa,4.682,4.684,-0.002,-0.0427,down,2026-08-12T14:50:00-04:00
2026-08-12T16:00:52.634738-05:00,2026-08-12T21:00:52.634738+00:00,GC=F,Oro,Commodity,4468.5,4383.0,85.5,1.9507,up,2026-08-12T16:45:00-04:00
2026-08-12T16:00:52.634738-05:00,2026-08-12T21:00:52.634738+00:00,CL=F,WTI,Commodity,82.599998,83.199997,-0.599998,-0.7212,down,2026-08-12T16:45:00-04:00
2026-08-12T16:00:52.634738-05:00,2026-08-12T21:00:52.634738+00:00,HG=F,Cobre,Commodity,6.6065,6.612,-0.0055,-0.0832,down,2026-08-12T16:45:00-04:00
2026-08-12T16:00:52.634738-05:00,2026-08-12T21:00:52.634738+00:00,BTC-USD,Bitcoin,Crypto,63554.390625,63551.875,2.515625,0.004,up,2026-08-12T17:00:00-04:00
2026-08-12T16:59:58.550956-05:00,2026-08-12T21:59:58.550956+00:00,USDPEN=X,USD/PEN,FX,3.3579,3.309342,0.048558,1.4673,up,2026-08-12T17:15:00-04:00
2026-08-12T16:59:58.550956-05:00,2026-08-12T21:59:58.550956+00:00,EURUSD=X,EUR/USD,FX,1.152605,1.154641,-0.002036,-0.1764,down,2026-08-12T17:45:00-04:00
2026-08-12T16:59:58.550956-05:00,2026-08-12T21:59:58.550956+00:00,DX-Y.NYB,DXY,Dólar,99.984001,99.82,0.164001,0.1643,up,2026-08-12T17:45:00-04:00
2026-08-12T16:59:58.550956-05:00,2026-08-12T21:59:58.550956+00:00,^GSPC,S&P 500,Índice,7748.709961,7728.200195,20.509766,0.2654,up,2026-08-12T15:45:00-04:00
2026-08-12T16:59:58.550956-05:00,2026-08-12T21:59:58.550956+00:00,^IXIC,Nasdaq,Índice,26590.589844,26445.449219,145.140625,0.5488,up,2026-08-12T15:45:00-04:00
2026-08-12T16:59:58.550956-05:00,2026-08-12T21:59:58.550956+00:00,^DJI,Dow Jones,Índice,53769.859375,53791.851562,-21.992188,-0.0409,down,2026-08-12T15:45:00-04:00
2026-08-12T16:59:58.550956-05:00,2026-08-12T21:59:58.550956+00:00,^VIX,VIX,Volatilidad,14.55,15.28,-0.73,-4.7775,down,2026-08-12T16:00:00-04:00
2026-08-12T16:59:58.550956-05:00,2026-08-12T21:59:58.550956+00:00,^TNX,US 10Y,Tasa,4.682,4.684,-0.002,-0.0427,down,2026-08-12T14:50:00-04:00
2026-08-12T16:59:58.550956-05:00,2026-08-12T21:59:58.550956+00:00,GC=F,Oro,Commodity,4469.0,4383.0,86.0,1.9621,up,2026-08-12T16:45:00-04:00
2026-08-12T16:59:58.550956-05:00,2026-08-12T21:59:58.550956+00:00,CL=F,WTI,Commodity,82.580002,83.199997,-0.619995,-0.7452,down,2026-08-12T16:45:00-04:00
2026-08-12T16:59:58.550956-05:00,2026-08-12T21:59:58.550956+00:00,HG=F,Cobre,Commodity,6.608,6.612,-0.004,-0.0605,down,2026-08-12T17:00:00-04:00
2026-08-12T16:59:58.550956-05:00,2026-08-12T21:59:58.550956+00:00,BTC-USD,Bitcoin,Crypto,63404.5,63551.875,-147.375,-0.2319,down,2026-08-12T17:45:00-04:00
2026-08-12T17:58:51.601531-05:00,2026-08-12T22:58:51.601531+00:00,USDPEN=X,USD/PEN,FX,3.3593,3.309342,0.049958,1.5096,up,2026-08-12T18:45:00-04:00
2026-08-12T17:58:51.601531-05:00,2026-08-12T22:58:51.601531+00:00,EURUSD=X,EUR/USD,FX,1.153004,1.154641,-0.001638,-0.1418,down,2026-08-12T18:45:00-04:00
2026-08-12T17:58:51.601531-05:00,2026-08-12T22:58:51.601531+00:00,DX-Y.NYB,DXY,Dólar,99.985001,99.82,0.165001,0.1653,up,2026-08-12T18:00:00-04:00
2026-08-12T17:58:51.601531-05:00,2026-08-12T22:58:51.601531+00:00,^GSPC,S&P 500,Índice,7748.709961,7728.200195,20.509766,0.2654,up,2026-08-12T15:45:00-04:00
2026-08-12T17:58:51.601531-05:00,2026-08-12T22:58:51.601531+00:00,^IXIC,Nasdaq,Índice,26590.589844,26445.449219,145.140625,0.5488,up,2026-08-12T15:45:00-04:00
2026-08-12T17:58:51.601531-05:00,2026-08-12T22:58:51.601531+00:00,^DJI,Dow Jones,Índice,53769.859375,53791.851562,-21.992188,-0.0409,down,2026-08-12T15:45:00-04:00
2026-08-12T17:58:51.601531-05:00,2026-08-12T22:58:51.601531+00:00,^VIX,VIX,Volatilidad,14.55,15.28,-0.73,-4.7775,down,2026-08-12T16:00:00-04:00
2026-08-12T17:58:51.601531-05:00,2026-08-12T22:58:51.601531+00:00,^TNX,US 10Y,Tasa,4.682,4.684,-0.002,-0.0427,down,2026-08-12T14:50:00-04:00
2026-08-12T17:58:51.601531-05:00,2026-08-12T22:58:51.601531+00:00,GC=F,Oro,Commodity,4459.5,4383.0,76.5,1.7454,up,2026-08-12T18:45:00-04:00
2026-08-12T17:58:51.601531-05:00,2026-08-12T22:58:51.601531+00:00,CL=F,WTI,Commodity,82.690002,83.199997,-0.509995,-0.613,down,2026-08-12T18:45:00-04:00
2026-08-12T17:58:51.601531-05:00,2026-08-12T22:58:51.601531+00:00,HG=F,Cobre,Commodity,6.605,6.612,-0.007,-0.1059,down,2026-08-12T18:45:00-04:00
2026-08-12T17:58:51.601531-05:00,2026-08-12T22:58:51.601531+00:00,BTC-USD,Bitcoin,Crypto,63364.429688,63551.875,-187.445312,-0.2949,down,2026-08-12T18:45:00-04:00
2026-08-12T18:55:56.984245-05:00,2026-08-12T23:55:56.984245+00:00,USDPEN=X,USD/PEN,FX,3.3581,3.378,-0.0199,-0.5891,down,2026-08-12T19:15:00-04:00
2026-08-12T18:55:56.984245-05:00,2026-08-12T23:55:56.984245+00:00,EURUSD=X,EUR/USD,FX,1.153136,1.154374,-0.001238,-0.1072,down,2026-08-12T19:45:00-04:00
2026-08-12T18:55:56.984245-05:00,2026-08-12T23:55:56.984245+00:00,DX-Y.NYB,DXY,Dólar,99.959999,99.82,0.139999,0.1403,up,2026-08-12T19:45:00-04:00
2026-08-12T18:55:56.984245-05:00,2026-08-12T23:55:56.984245+00:00,^GSPC,S&P 500,Índice,7748.709961,7728.200195,20.509766,0.2654,up,2026-08-12T15:45:00-04:00
2026-08-12T18:55:56.984245-05:00,2026-08-12T23:55:56.984245+00:00,^IXIC,Nasdaq,Índice,26590.589844,26445.449219,145.140625,0.5488,up,2026-08-12T15:45:00-04:00
2026-08-12T18:55:56.984245-05:00,2026-08-12T23:55:56.984245+00:00,^DJI,Dow Jones,Índice,53769.859375,53791.851562,-21.992188,-0.0409,down,2026-08-12T15:45:00-04:00
2026-08-12T18:55:56.984245-05:00,2026-08-12T23:55:56.984245+00:00,^VIX,VIX,Volatilidad,14.55,15.28,-0.73,-4.7775,down,2026-08-12T16:00:00-04:00
2026-08-12T18:55:56.984245-05:00,2026-08-12T23:55:56.984245+00:00,^TNX,US 10Y,Tasa,4.682,4.684,-0.002,-0.0427,down,2026-08-12T14:50:00-04:00
2026-08-12T18:55:56.984245-05:00,2026-08-12T23:55:56.984245+00:00,GC=F,Oro,Commodity,4468.0,4383.0,85.0,1.9393,up,2026-08-12T19:45:00-04:00
2026-08-12T18:55:56.984245-05:00,2026-08-12T23:55:56.984245+00:00,CL=F,WTI,Commodity,82.720001,83.199997,-0.479996,-0.5769,down,2026-08-12T19:45:00-04:00
2026-08-12T18:55:56.984245-05:00,2026-08-12T23:55:56.984245+00:00,HG=F,Cobre,Commodity,6.6045,6.612,-0.0075,-0.1134,down,2026-08-12T19:30:00-04:00
2026-08-12T18:55:56.984245-05:00,2026-08-12T23:55:56.984245+00:00,BTC-USD,Bitcoin,Crypto,63355.808594,63551.875,-196.066406,-0.3085,down,2026-08-12T19:45:00-04:00
2026-08-13T08:43:37.163147-05:00,2026-08-13T13:43:37.163147+00:00,USDPEN=X,USD/PEN,FX,3.3715,3.378,-0.0065,-0.1924,down,2026-08-13T09:30:00-04:00
2026-08-13T08:43:37.163147-05:00,2026-08-13T13:43:37.163147+00:00,EURUSD=X,EUR/USD,FX,1.153802,1.154374,-0.000573,-0.0496,down,2026-08-13T09:30:00-04:00
2026-08-13T08:43:37.163147-05:00,2026-08-13T13:43:37.163147+00:00,DX-Y.NYB,DXY,Dólar,99.892998,100.010002,-0.117004,-0.117,down,2026-08-13T09:30:00-04:00
2026-08-13T08:43:37.163147-05:00,2026-08-13T13:43:37.163147+00:00,^GSPC,S&P 500,Índice,7782.77002,7748.5,34.27002,0.4423,up,2026-08-13T09:30:00-04:00
2026-08-13T08:43:37.163147-05:00,2026-08-13T13:43:37.163147+00:00,^IXIC,Nasdaq,Índice,26731.787109,26588.490234,143.296875,0.5389,up,2026-08-13T09:30:00-04:00
2026-08-13T08:43:37.163147-05:00,2026-08-13T13:43:37.163147+00:00,^DJI,Dow Jones,Índice,53920.140625,53770.269531,149.871094,0.2787,up,2026-08-13T09:30:00-04:00
2026-08-13T08:43:37.163147-05:00,2026-08-13T13:43:37.163147+00:00,^VIX,VIX,Volatilidad,14.43,14.55,-0.12,-0.8247,down,2026-08-13T09:15:00-04:00
2026-08-13T08:43:37.163147-05:00,2026-08-13T13:43:37.163147+00:00,^TNX,US 10Y,Tasa,4.641,4.682,-0.041,-0.8757,down,2026-08-13T09:20:00-04:00
2026-08-13T08:43:37.163147-05:00,2026-08-13T13:43:37.163147+00:00,GC=F,Oro,Commodity,4439.799805,4408.899902,30.899902,0.7009,up,2026-08-13T09:30:00-04:00
2026-08-13T08:43:37.163147-05:00,2026-08-13T13:43:37.163147+00:00,CL=F,WTI,Commodity,81.019997,83.269997,-2.25,-2.7021,down,2026-08-13T09:30:00-04:00
2026-08-13T08:43:37.163147-05:00,2026-08-13T13:43:37.163147+00:00,HG=F,Cobre,Commodity,6.6095,6.597,0.0125,0.1895,up,2026-08-13T09:30:00-04:00
2026-08-13T08:43:37.163147-05:00,2026-08-13T13:43:37.163147+00:00,BTC-USD,Bitcoin,Crypto,63780.839844,63402.433594,378.40625,0.5968,up,2026-08-13T09:30:00-04:00
2026-08-13T10:12:40.679748-05:00,2026-08-13T15:12:40.679748+00:00,USDPEN=X,USD/PEN,FX,3.3611,3.378,-0.0169,-0.5003,down,2026-08-13T11:00:00-04:00
2026-08-13T10:12:40.679748-05:00,2026-08-13T15:12:40.679748+00:00,EURUSD=X,EUR/USD,FX,1.154468,1.154374,9.3e-05,0.0081,up,2026-08-13T11:00:00-04:00
2026-08-13T10:12:40.679748-05:00,2026-08-13T15:12:40.679748+00:00,DX-Y.NYB,DXY,Dólar,99.831001,100.010002,-0.179001,-0.179,down,2026-08-13T11:00:00-04:00
2026-08-13T10:12:40.679748-05:00,2026-08-13T15:12:40.679748+00:00,^GSPC,S&P 500,Índice,7794.439941,7748.5,45.939941,0.5929,up,2026-08-13T11:00:00-04:00
2026-08-13T10:12:40.679748-05:00,2026-08-13T15:12:40.679748+00:00,^IXIC,Nasdaq,Índice,26798.962891,26588.490234,210.472656,0.7916,up,2026-08-13T11:00:00-04:00
2026-08-13T10:12:40.679748-05:00,2026-08-13T15:12:40.679748+00:00,^DJI,Dow Jones,Índice,53764.398438,53770.269531,-5.871094,-0.0109,down,2026-08-13T11:00:00-04:00
2026-08-13T10:12:40.679748-05:00,2026-08-13T15:12:40.679748+00:00,^VIX,VIX,Volatilidad,14.45,14.55,-0.1,-0.6873,down,2026-08-13T10:45:00-04:00
2026-08-13T10:12:40.679748-05:00,2026-08-13T15:12:40.679748+00:00,^TNX,US 10Y,Tasa,4.625,4.682,-0.057,-1.2174,down,2026-08-13T10:50:00-04:00
2026-08-13T10:12:40.679748-05:00,2026-08-13T15:12:40.679748+00:00,GC=F,Oro,Commodity,4440.399902,4408.899902,31.5,0.7145,up,2026-08-13T11:00:00-04:00
2026-08-13T10:12:40.679748-05:00,2026-08-13T15:12:40.679748+00:00,CL=F,WTI,Commodity,81.440002,83.269997,-1.829994,-2.1977,down,2026-08-13T11:00:00-04:00
2026-08-13T10:12:40.679748-05:00,2026-08-13T15:12:40.679748+00:00,HG=F,Cobre,Commodity,6.6165,6.597,0.0195,0.2956,up,2026-08-13T11:00:00-04:00
2026-08-13T10:12:40.679748-05:00,2026-08-13T15:12:40.679748+00:00,BTC-USD,Bitcoin,Crypto,63790.011719,63402.433594,387.578125,0.6113,up,2026-08-13T11:00:00-04:00
2026-08-13T11:07:48.218872-05:00,2026-08-13T16:07:48.218872+00:00,USDPEN=X,USD/PEN,FX,3.3604,3.378,-0.0176,-0.521,down,2026-08-13T12:00:00-04:00
2026-08-13T11:07:48.218872-05:00,2026-08-13T16:07:48.218872+00:00,EURUSD=X,EUR/USD,FX,1.153536,1.154374,-0.000839,-0.0727,down,2026-08-13T12:00:00-04:00
2026-08-13T11:07:48.218872-05:00,2026-08-13T16:07:48.218872+00:00,DX-Y.NYB,DXY,Dólar,99.919998,100.010002,-0.090004,-0.09,down,2026-08-13T11:45:00-04:00
2026-08-13T11:07:48.218872-05:00,2026-08-13T16:07:48.218872+00:00,^GSPC,S&P 500,Índice,7783.529785,7748.5,35.029785,0.4521,up,2026-08-13T12:00:00-04:00
2026-08-13T11:07:48.218872-05:00,2026-08-13T16:07:48.218872+00:00,^IXIC,Nasdaq,Índice,26749.265625,26588.490234,160.775391,0.6047,up,2026-08-13T12:00:00-04:00
2026-08-13T11:07:48.218872-05:00,2026-08-13T16:07:48.218872+00:00,^DJI,Dow Jones,Índice,53687.839844,53770.269531,-82.429688,-0.1533,down,2026-08-13T12:00:00-04:00
2026-08-13T11:07:48.218872-05:00,2026-08-13T16:07:48.218872+00:00,^VIX,VIX,Volatilidad,14.69,14.55,0.139999,0.9622,up,2026-08-13T11:45:00-04:00
2026-08-13T11:07:48.218872-05:00,2026-08-13T16:07:48.218872+00:00,^TNX,US 10Y,Tasa,4.641,4.682,-0.041,-0.8757,down,2026-08-13T11:50:00-04:00
2026-08-13T11:07:48.218872-05:00,2026-08-13T16:07:48.218872+00:00,GC=F,Oro,Commodity,4424.0,4408.899902,15.100098,0.3425,up,2026-08-13T11:45:00-04:00
2026-08-13T11:07:48.218872-05:00,2026-08-13T16:07:48.218872+00:00,CL=F,WTI,Commodity,82.610001,83.269997,-0.659996,-0.7926,down,2026-08-13T11:45:00-04:00
2026-08-13T11:07:48.218872-05:00,2026-08-13T16:07:48.218872+00:00,HG=F,Cobre,Commodity,6.6085,6.597,0.0115,0.1743,up,2026-08-13T11:45:00-04:00
2026-08-13T11:07:48.218872-05:00,2026-08-13T16:07:48.218872+00:00,BTC-USD,Bitcoin,Crypto,63369.609375,63402.433594,-32.824219,-0.0518,down,2026-08-13T12:00:00-04:00
2026-08-13T12:09:44.337732-05:00,2026-08-13T17:09:44.337732+00:00,USDPEN=X,USD/PEN,FX,3.3602,3.378,-0.0178,-0.5269,down,2026-08-13T13:00:00-04:00
2026-08-13T12:09:44.337732-05:00,2026-08-13T17:09:44.337732+00:00,EURUSD=X,EUR/USD,FX,1.153136,1.154374,-0.001238,-0.1072,down,2026-08-13T13:00:00-04:00
2026-08-13T12:09:44.337732-05:00,2026-08-13T17:09:44.337732+00:00,DX-Y.NYB,DXY,Dólar,99.953003,100.010002,-0.056999,-0.057,down,2026-08-13T12:45:00-04:00
2026-08-13T12:09:44.337732-05:00,2026-08-13T17:09:44.337732+00:00,^GSPC,S&P 500,Índice,7794.399902,7748.5,45.899902,0.5924,up,2026-08-13T13:00:00-04:00
2026-08-13T12:09:44.337732-05:00,2026-08-13T17:09:44.337732+00:00,^IXIC,Nasdaq,Índice,26789.695312,26588.490234,201.205078,0.7567,up,2026-08-13T13:00:00-04:00
2026-08-13T12:09:44.337732-05:00,2026-08-13T17:09:44.337732+00:00,^DJI,Dow Jones,Índice,53746.101562,53770.269531,-24.167969,-0.0449,down,2026-08-13T13:00:00-04:00
2026-08-13T12:09:44.337732-05:00,2026-08-13T17:09:44.337732+00:00,^VIX,VIX,Volatilidad,14.67,14.55,0.12,0.8247,up,2026-08-13T12:45:00-04:00
2026-08-13T12:09:44.337732-05:00,2026-08-13T17:09:44.337732+00:00,^TNX,US 10Y,Tasa,4.643,4.682,-0.039,-0.833,down,2026-08-13T12:50:00-04:00
2026-08-13T12:09:44.337732-05:00,2026-08-13T17:09:44.337732+00:00,GC=F,Oro,Commodity,4423.899902,4408.899902,15.0,0.3402,up,2026-08-13T12:45:00-04:00
2026-08-13T12:09:44.337732-05:00,2026-08-13T17:09:44.337732+00:00,CL=F,WTI,Commodity,81.949997,83.269997,-1.32,-1.5852,down,2026-08-13T12:45:00-04:00
2026-08-13T12:09:44.337732-05:00,2026-08-13T17:09:44.337732+00:00,HG=F,Cobre,Commodity,6.6075,6.597,0.0105,0.1592,up,2026-08-13T12:45:00-04:00
2026-08-13T12:09:44.337732-05:00,2026-08-13T17:09:44.337732+00:00,BTC-USD,Bitcoin,Crypto,63056.160156,63402.433594,-346.273438,-0.5462,down,2026-08-13T13:00:00-04:00
2026-08-13T13:05:29.831120-05:00,2026-08-13T18:05:29.831120+00:00,USDPEN=X,USD/PEN,FX,3.3621,3.378,-0.0159,-0.4707,down,2026-08-13T14:00:00-04:00
2026-08-13T13:05:29.831120-05:00,2026-08-13T18:05:29.831120+00:00,EURUSD=X,EUR/USD,FX,1.153004,1.154374,-0.001371,-0.1188,down,2026-08-13T14:00:00-04:00
2026-08-13T13:05:29.831120-05:00,2026-08-13T18:05:29.831120+00:00,DX-Y.NYB,DXY,Dólar,99.958,100.010002,-0.052002,-0.052,down,2026-08-13T13:45:00-04:00
2026-08-13T13:05:29.831120-05:00,2026-08-13T18:05:29.831120+00:00,^GSPC,S&P 500,Índice,7792.560059,7748.5,44.060059,0.5686,up,2026-08-13T14:00:00-04:00
2026-08-13T13:05:29.831120-05:00,2026-08-13T18:05:29.831120+00:00,^IXIC,Nasdaq,Índice,26784.808594,26588.490234,196.318359,0.7384,up,2026-08-13T14:00:00-04:00
2026-08-13T13:05:29.831120-05:00,2026-08-13T18:05:29.831120+00:00,^DJI,Dow Jones,Índice,53767.820312,53770.269531,-2.449219,-0.0046,down,2026-08-13T14:00:00-04:00
2026-08-13T13:05:29.831120-05:00,2026-08-13T18:05:29.831120+00:00,^VIX,VIX,Volatilidad,14.67,14.55,0.12,0.8247,up,2026-08-13T13:45:00-04:00
2026-08-13T13:05:29.831120-05:00,2026-08-13T18:05:29.831120+00:00,^TNX,US 10Y,Tasa,4.645,4.682,-0.037,-0.7903,down,2026-08-13T13:50:00-04:00
2026-08-13T13:05:29.831120-05:00,2026-08-13T18:05:29.831120+00:00,GC=F,Oro,Commodity,4414.0,4408.899902,5.100098,0.1157,up,2026-08-13T13:45:00-04:00
2026-08-13T13:05:29.831120-05:00,2026-08-13T18:05:29.831120+00:00,CL=F,WTI,Commodity,81.900002,83.269997,-1.369995,-1.6452,down,2026-08-13T13:45:00-04:00
2026-08-13T13:05:29.831120-05:00,2026-08-13T18:05:29.831120+00:00,HG=F,Cobre,Commodity,6.6,6.597,0.003,0.0455,up,2026-08-13T13:45:00-04:00
2026-08-13T13:05:29.831120-05:00,2026-08-13T18:05:29.831120+00:00,BTC-USD,Bitcoin,Crypto,63201.910156,63402.433594,-200.523438,-0.3163,down,2026-08-13T14:00:00-04:00
2026-08-13T14:17:44.498419-05:00,2026-08-13T19:17:44.498419+00:00,USDPEN=X,USD/PEN,FX,3.3745,3.378,-0.0035,-0.1036,down,2026-08-13T15:00:00-04:00
2026-08-13T14:17:44.498419-05:00,2026-08-13T19:17:44.498419+00:00,EURUSD=X,EUR/USD,FX,1.153403,1.154374,-0.000972,-0.0842,down,2026-08-13T15:15:00-04:00
2026-08-13T14:17:44.498419-05:00,2026-08-13T19:17:44.498419+00:00,DX-Y.NYB,DXY,Dólar,99.959999,100.010002,-0.050003,-0.05,down,2026-08-13T15:00:00-04:00
2026-08-13T14:17:44.498419-05:00,2026-08-13T19:17:44.498419+00:00,^GSPC,S&P 500,Índice,7801.339844,7748.5,52.839844,0.6819,up,2026-08-13T15:15:00-04:00
2026-08-13T14:17:44.498419-05:00,2026-08-13T19:17:44.498419+00:00,^IXIC,Nasdaq,Índice,26826.585938,26588.490234,238.095703,0.8955,up,2026-08-13T15:15:00-04:00
2026-08-13T14:17:44.498419-05:00,2026-08-13T19:17:44.498419+00:00,^DJI,Dow Jones,Índice,53806.75,53770.269531,36.480469,0.0678,up,2026-08-13T15:15:00-04:00
2026-08-13T14:17:44.498419-05:00,2026-08-13T19:17:44.498419+00:00,^VIX,VIX,Volatilidad,14.73,14.55,0.179999,1.2371,up,2026-08-13T15:00:00-04:00
2026-08-13T14:17:44.498419-05:00,2026-08-13T19:17:44.498419+00:00,^TNX,US 10Y,Tasa,4.641,4.682,-0.041,-0.8757,down,2026-08-13T14:50:00-04:00
2026-08-13T14:17:44.498419-05:00,2026-08-13T19:17:44.498419+00:00,GC=F,Oro,Commodity,4412.0,4408.899902,3.100098,0.0703,up,2026-08-13T15:00:00-04:00
2026-08-13T14:17:44.498419-05:00,2026-08-13T19:17:44.498419+00:00,CL=F,WTI,Commodity,81.080002,83.269997,-2.189995,-2.63,down,2026-08-13T15:00:00-04:00
2026-08-13T14:17:44.498419-05:00,2026-08-13T19:17:44.498419+00:00,HG=F,Cobre,Commodity,6.5885,6.597,-0.0085,-0.1288,down,2026-08-13T15:00:00-04:00
2026-08-13T14:17:44.498419-05:00,2026-08-13T19:17:44.498419+00:00,BTC-USD,Bitcoin,Crypto,63350.921875,63402.433594,-51.511719,-0.0812,down,2026-08-13T15:15:00-04:00
2026-08-13T16:00:21.964942-05:00,2026-08-13T21:00:21.964942+00:00,USDPEN=X,USD/PEN,FX,3.3755,3.358,0.0175,0.5211,up,2026-08-13T17:00:00-04:00
2026-08-13T16:00:21.964942-05:00,2026-08-13T21:00:21.964942+00:00,EURUSD=X,EUR/USD,FX,1.15327,1.154374,-0.001105,-0.0957,down,2026-08-13T16:45:00-04:00
2026-08-13T16:00:21.964942-05:00,2026-08-13T21:00:21.964942+00:00,DX-Y.NYB,DXY,Dólar,99.964996,100.010002,-0.045006,-0.045,down,2026-08-13T16:45:00-04:00
2026-08-13T16:00:21.964942-05:00,2026-08-13T21:00:21.964942+00:00,^GSPC,S&P 500,Índice,7798.859863,7748.5,50.359863,0.6499,up,2026-08-13T15:45:00-04:00
2026-08-13T16:00:21.964942-05:00,2026-08-13T21:00:21.964942+00:00,^IXIC,Nasdaq,Índice,26803.509766,26588.490234,215.019531,0.8087,up,2026-08-13T15:45:00-04:00
2026-08-13T16:00:21.964942-05:00,2026-08-13T21:00:21.964942+00:00,^DJI,Dow Jones,Índice,53834.578125,53770.269531,64.308594,0.1196,up,2026-08-13T15:45:00-04:00
2026-08-13T16:00:21.964942-05:00,2026-08-13T21:00:21.964942+00:00,^VIX,VIX,Volatilidad,14.63,14.55,0.08,0.5498,up,2026-08-13T16:00:00-04:00
2026-08-13T16:00:21.964942-05:00,2026-08-13T21:00:21.964942+00:00,^TNX,US 10Y,Tasa,4.641,4.682,-0.041,-0.8757,down,2026-08-13T14:50:00-04:00
2026-08-13T16:00:21.964942-05:00,2026-08-13T21:00:21.964942+00:00,GC=F,Oro,Commodity,4406.5,4408.899902,-2.399902,-0.0544,down,2026-08-13T16:45:00-04:00
2026-08-13T16:00:21.964942-05:00,2026-08-13T21:00:21.964942+00:00,CL=F,WTI,Commodity,81.129997,83.269997,-2.139999,-2.57,down,2026-08-13T16:45:00-04:00
2026-08-13T16:00:21.964942-05:00,2026-08-13T21:00:21.964942+00:00,HG=F,Cobre,Commodity,6.5835,6.597,-0.0135,-0.2046,down,2026-08-13T16:45:00-04:00
2026-08-13T16:00:21.964942-05:00,2026-08-13T21:00:21.964942+00:00,BTC-USD,Bitcoin,Crypto,63335.789062,63402.433594,-66.644531,-0.1051,down,2026-08-13T17:00:00-04:00
2026-08-13T17:00:41.503711-05:00,2026-08-13T22:00:41.503711+00:00,USDPEN=X,USD/PEN,FX,3.3751,3.378,-0.0029,-0.0859,down,2026-08-13T17:15:00-04:00
2026-08-13T17:00:41.503711-05:00,2026-08-13T22:00:41.503711+00:00,EURUSD=X,EUR/USD,FX,1.15327,1.153004,0.000266,0.0231,up,2026-08-13T18:00:00-04:00
2026-08-13T17:00:41.503711-05:00,2026-08-13T22:00:41.503711+00:00,DX-Y.NYB,DXY,Dólar,99.968002,100.010002,-0.042,-0.042,down,2026-08-13T17:45:00-04:00
2026-08-13T17:00:41.503711-05:00,2026-08-13T22:00:41.503711+00:00,^GSPC,S&P 500,Índice,7798.859863,7748.5,50.359863,0.6499,up,2026-08-13T15:45:00-04:00
2026-08-13T17:00:41.503711-05:00,2026-08-13T22:00:41.503711+00:00,^IXIC,Nasdaq,Índice,26803.509766,26588.490234,215.019531,0.8087,up,2026-08-13T15:45:00-04:00
2026-08-13T17:00:41.503711-05:00,2026-08-13T22:00:41.503711+00:00,^DJI,Dow Jones,Índice,53834.578125,53770.269531,64.308594,0.1196,up,2026-08-13T15:45:00-04:00
2026-08-13T17:00:41.503711-05:00,2026-08-13T22:00:41.503711+00:00,^VIX,VIX,Volatilidad,14.63,14.55,0.08,0.5498,up,2026-08-13T16:00:00-04:00
2026-08-13T17:00:41.503711-05:00,2026-08-13T22:00:41.503711+00:00,^TNX,US 10Y,Tasa,4.641,4.682,-0.041,-0.8757,down,2026-08-13T14:50:00-04:00
2026-08-13T17:00:41.503711-05:00,2026-08-13T22:00:41.503711+00:00,GC=F,Oro,Commodity,4407.100098,4408.899902,-1.799805,-0.0408,down,2026-08-13T16:45:00-04:00
2026-08-13T17:00:41.503711-05:00,2026-08-13T22:00:41.503711+00:00,CL=F,WTI,Commodity,81.209999,83.269997,-2.059998,-2.4739,down,2026-08-13T16:45:00-04:00
2026-08-13T17:00:41.503711-05:00,2026-08-13T22:00:41.503711+00:00,HG=F,Cobre,Commodity,6.5895,6.597,-0.0075,-0.1137,down,2026-08-13T16:45:00-04:00
2026-08-13T17:00:41.503711-05:00,2026-08-13T22:00:41.503711+00:00,BTC-USD,Bitcoin,Crypto,63416.148438,63402.433594,13.714844,0.0216,up,2026-08-13T18:00:00-04:00
2026-08-13T17:59:52.853464-05:00,2026-08-13T22:59:52.853464+00:00,USDPEN=X,USD/PEN,FX,3.3749,3.378,-0.0031,-0.0918,down,2026-08-13T18:45:00-04:00
2026-08-13T17:59:52.853464-05:00,2026-08-13T22:59:52.853464+00:00,EURUSD=X,EUR/USD,FX,1.153536,1.154374,-0.000839,-0.0727,down,2026-08-13T18:45:00-04:00
2026-08-13T17:59:52.853464-05:00,2026-08-13T22:59:52.853464+00:00,DX-Y.NYB,DXY,Dólar,99.948997,100.010002,-0.061005,-0.061,down,2026-08-13T18:00:00-04:00
2026-08-13T17:59:52.853464-05:00,2026-08-13T22:59:52.853464+00:00,^GSPC,S&P 500,Índice,7798.859863,7748.5,50.359863,0.6499,up,2026-08-13T15:45:00-04:00
2026-08-13T17:59:52.853464-05:00,2026-08-13T22:59:52.853464+00:00,^IXIC,Nasdaq,Índice,26803.509766,26588.490234,215.019531,0.8087,up,2026-08-13T15:45:00-04:00
2026-08-13T17:59:52.853464-05:00,2026-08-13T22:59:52.853464+00:00,^DJI,Dow Jones,Índice,53834.578125,53770.269531,64.308594,0.1196,up,2026-08-13T15:45:00-04:00
2026-08-13T17:59:52.853464-05:00,2026-08-13T22:59:52.853464+00:00,^VIX,VIX,Volatilidad,14.63,14.55,0.08,0.5498,up,2026-08-13T16:00:00-04:00
2026-08-13T17:59:52.853464-05:00,2026-08-13T22:59:52.853464+00:00,^TNX,US 10Y,Tasa,4.641,4.682,-0.041,-0.8757,down,2026-08-13T14:50:00-04:00
2026-08-13T17:59:52.853464-05:00,2026-08-13T22:59:52.853464+00:00,GC=F,Oro,Commodity,4411.899902,4408.899902,3.0,0.068,up,2026-08-13T18:45:00-04:00
2026-08-13T17:59:52.853464-05:00,2026-08-13T22:59:52.853464+00:00,CL=F,WTI,Commodity,81.110001,83.269997,-2.159996,-2.594,down,2026-08-13T18:45:00-04:00
2026-08-13T17:59:52.853464-05:00,2026-08-13T22:59:52.853464+00:00,HG=F,Cobre,Commodity,6.5865,6.597,-0.0105,-0.1592,down,2026-08-13T18:45:00-04:00
2026-08-13T17:59:52.853464-05:00,2026-08-13T22:59:52.853464+00:00,BTC-USD,Bitcoin,Crypto,63463.339844,63402.433594,60.90625,0.0961,up,2026-08-13T18:45:00-04:00
2026-08-13T18:55:43.495511-05:00,2026-08-13T23:55:43.495511+00:00,USDPEN=X,USD/PEN,FX,3.3747,3.358,0.0167,0.4973,up,2026-08-13T19:45:00-04:00
2026-08-13T18:55:43.495511-05:00,2026-08-13T23:55:43.495511+00:00,EURUSD=X,EUR/USD,FX,1.153669,1.153004,0.000665,0.0577,up,2026-08-13T19:45:00-04:00
2026-08-13T18:55:43.495511-05:00,2026-08-13T23:55:43.495511+00:00,DX-Y.NYB,DXY,Dólar,99.926003,100.010002,-0.084,-0.084,down,2026-08-13T19:45:00-04:00
2026-08-13T18:55:43.495511-05:00,2026-08-13T23:55:43.495511+00:00,^GSPC,S&P 500,Índice,7798.859863,7748.5,50.359863,0.6499,up,2026-08-13T15:45:00-04:00
2026-08-13T18:55:43.495511-05:00,2026-08-13T23:55:43.495511+00:00,^IXIC,Nasdaq,Índice,26803.509766,26588.490234,215.019531,0.8087,up,2026-08-13T15:45:00-04:00
2026-08-13T18:55:43.495511-05:00,2026-08-13T23:55:43.495511+00:00,^DJI,Dow Jones,Índice,53834.578125,53770.269531,64.308594,0.1196,up,2026-08-13T15:45:00-04:00
2026-08-13T18:55:43.495511-05:00,2026-08-13T23:55:43.495511+00:00,^VIX,VIX,Volatilidad,14.63,14.55,0.08,0.5498,up,2026-08-13T16:00:00-04:00
2026-08-13T18:55:43.495511-05:00,2026-08-13T23:55:43.495511+00:00,^TNX,US 10Y,Tasa,4.641,4.682,-0.041,-0.8757,down,2026-08-13T14:50:00-04:00
2026-08-13T18:55:43.495511-05:00,2026-08-13T23:55:43.495511+00:00,GC=F,Oro,Commodity,4415.200195,4408.899902,6.300293,0.1429,up,2026-08-13T19:45:00-04:00
2026-08-13T18:55:43.495511-05:00,2026-08-13T23:55:43.495511+00:00,CL=F,WTI,Commodity,81.330002,83.269997,-1.939995,-2.3298,down,2026-08-13T19:45:00-04:00
2026-08-13T18:55:43.495511-05:00,2026-08-13T23:55:43.495511+00:00,HG=F,Cobre,Commodity,6.588,6.597,-0.009,-0.1364,down,2026-08-13T19:30:00-04:00
2026-08-13T18:55:43.495511-05:00,2026-08-13T23:55:43.495511+00:00,BTC-USD,Bitcoin,Crypto,63351.320312,63402.433594,-51.113281,-0.0806,down,2026-08-13T19:45:00-04:00
2026-08-14T08:38:33.443301-05:00,2026-08-14T13:38:33.443301+00:00,USDPEN=X,USD/PEN,FX,3.3638,3.358,0.0058,0.1727,up,2026-08-14T09:30:00-04:00
2026-08-14T08:38:33.443301-05:00,2026-08-14T13:38:33.443301+00:00,EURUSD=X,EUR/USD,FX,1.158078,1.153004,0.005074,0.4401,up,2026-08-14T09:30:00-04:00
2026-08-14T08:38:33.443301-05:00,2026-08-14T13:38:33.443301+00:00,DX-Y.NYB,DXY,Dólar,99.597,99.959999,-0.362999,-0.3631,down,2026-08-14T09:15:00-04:00
2026-08-14T08:38:33.443301-05:00,2026-08-14T13:38:33.443301+00:00,^GSPC,S&P 500,Índice,7800.029785,7798.990234,1.039551,0.0133,up,2026-08-14T09:30:00-04:00
2026-08-14T08:38:33.443301-05:00,2026-08-14T13:38:33.443301+00:00,^IXIC,Nasdaq,Índice,26821.917969,26803.029297,18.888672,0.0705,up,2026-08-14T09:30:00-04:00
2026-08-14T08:38:33.443301-05:00,2026-08-14T13:38:33.443301+00:00,^DJI,Dow Jones,Índice,53811.578125,53839.988281,-28.410156,-0.0528,down,2026-08-14T09:30:00-04:00
2026-08-14T08:38:33.443301-05:00,2026-08-14T13:38:33.443301+00:00,^VIX,VIX,Volatilidad,14.48,14.63,-0.150001,-1.0253,down,2026-08-14T09:15:00-04:00
2026-08-14T08:38:33.443301-05:00,2026-08-14T13:38:33.443301+00:00,^TNX,US 10Y,Tasa,4.655,4.641,0.014,0.3017,up,2026-08-14T09:20:00-04:00
2026-08-14T08:38:33.443301-05:00,2026-08-14T13:38:33.443301+00:00,GC=F,Oro,Commodity,4441.299805,4363.600098,77.699707,1.7806,up,2026-08-14T09:15:00-04:00
2026-08-14T08:38:33.443301-05:00,2026-08-14T13:38:33.443301+00:00,CL=F,WTI,Commodity,81.089996,81.25,-0.160004,-0.1969,down,2026-08-14T09:15:00-04:00
2026-08-14T08:38:33.443301-05:00,2026-08-14T13:38:33.443301+00:00,HG=F,Cobre,Commodity,6.6,6.5925,0.0075,0.1138,up,2026-08-14T09:15:00-04:00
2026-08-14T08:38:33.443301-05:00,2026-08-14T13:38:33.443301+00:00,BTC-USD,Bitcoin,Crypto,62683.410156,63402.171875,-718.761719,-1.1337,down,2026-08-14T09:30:00-04:00
2026-08-14T10:05:44.555701-05:00,2026-08-14T15:05:44.555701+00:00,USDPEN=X,USD/PEN,FX,3.3583,3.358,0.0003,0.0089,up,2026-08-14T11:00:00-04:00
2026-08-14T10:05:44.555701-05:00,2026-08-14T15:05:44.555701+00:00,EURUSD=X,EUR/USD,FX,1.158614,1.153004,0.005611,0.4866,up,2026-08-14T11:00:00-04:00
2026-08-14T10:05:44.555701-05:00,2026-08-14T15:05:44.555701+00:00,DX-Y.NYB,DXY,Dólar,99.538002,99.959999,-0.421997,-0.4222,down,2026-08-14T10:45:00-04:00
2026-08-14T10:05:44.555701-05:00,2026-08-14T15:05:44.555701+00:00,^GSPC,S&P 500,Índice,7791.890137,7798.990234,-7.100098,-0.091,down,2026-08-14T11:00:00-04:00
2026-08-14T10:05:44.555701-05:00,2026-08-14T15:05:44.555701+00:00,^IXIC,Nasdaq,Índice,26723.351562,26803.029297,-79.677734,-0.2973,down,2026-08-14T11:00:00-04:00
2026-08-14T10:05:44.555701-05:00,2026-08-14T15:05:44.555701+00:00,^DJI,Dow Jones,Índice,53782.679688,53839.988281,-57.308594,-0.1064,down,2026-08-14T11:00:00-04:00
2026-08-14T10:05:44.555701-05:00,2026-08-14T15:05:44.555701+00:00,^VIX,VIX,Volatilidad,14.47,14.63,-0.16,-1.0936,down,2026-08-14T10:45:00-04:00
2026-08-14T10:05:44.555701-05:00,2026-08-14T15:05:44.555701+00:00,^TNX,US 10Y,Tasa,4.668,4.641,0.027,0.5818,up,2026-08-14T10:50:00-04:00
2026-08-14T10:05:44.555701-05:00,2026-08-14T15:05:44.555701+00:00,GC=F,Oro,Commodity,4439.899902,4363.600098,76.299805,1.7486,up,2026-08-14T10:45:00-04:00
2026-08-14T10:05:44.555701-05:00,2026-08-14T15:05:44.555701+00:00,CL=F,WTI,Commodity,81.779999,81.25,0.529999,0.6523,up,2026-08-14T10:45:00-04:00
2026-08-14T10:05:44.555701-05:00,2026-08-14T15:05:44.555701+00:00,HG=F,Cobre,Commodity,6.6025,6.5925,0.01,0.1517,up,2026-08-14T10:45:00-04:00
2026-08-14T10:05:44.555701-05:00,2026-08-14T15:05:44.555701+00:00,BTC-USD,Bitcoin,Crypto,62593.75,63402.171875,-808.421875,-1.2751,down,2026-08-14T11:00:00-04:00
2026-08-14T11:04:03.245842-05:00,2026-08-14T16:04:03.245842+00:00,USDPEN=X,USD/PEN,FX,3.3626,3.358,0.0046,0.137,up,2026-08-14T12:00:00-04:00
2026-08-14T11:04:03.245842-05:00,2026-08-14T16:04:03.245842+00:00,EURUSD=X,EUR/USD,FX,1.158346,1.153004,0.005342,0.4633,up,2026-08-14T12:00:00-04:00
2026-08-14T11:04:03.245842-05:00,2026-08-14T16:04:03.245842+00:00,DX-Y.NYB,DXY,Dólar,99.527,99.959999,-0.432999,-0.4332,down,2026-08-14T11:45:00-04:00
2026-08-14T11:04:03.245842-05:00,2026-08-14T16:04:03.245842+00:00,^GSPC,S&P 500,Índice,7786.370117,7798.990234,-12.620117,-0.1618,down,2026-08-14T12:00:00-04:00
2026-08-14T11:04:03.245842-05:00,2026-08-14T16:04:03.245842+00:00,^IXIC,Nasdaq,Índice,26699.025391,26803.029297,-104.003906,-0.388,down,2026-08-14T12:00:00-04:00
2026-08-14T11:04:03.245842-05:00,2026-08-14T16:04:03.245842+00:00,^DJI,Dow Jones,Índice,53705.679688,53839.988281,-134.308594,-0.2495,down,2026-08-14T12:00:00-04:00
2026-08-14T11:04:03.245842-05:00,2026-08-14T16:04:03.245842+00:00,^VIX,VIX,Volatilidad,14.71,14.63,0.08,0.5468,up,2026-08-14T11:45:00-04:00
2026-08-14T11:04:03.245842-05:00,2026-08-14T16:04:03.245842+00:00,^TNX,US 10Y,Tasa,4.686,4.641,0.045,0.9696,up,2026-08-14T11:35:00-04:00
2026-08-14T11:04:03.245842-05:00,2026-08-14T16:04:03.245842+00:00,GC=F,Oro,Commodity,4449.299805,4363.600098,85.699707,1.964,up,2026-08-14T11:45:00-04:00
2026-08-14T11:04:03.245842-05:00,2026-08-14T16:04:03.245842+00:00,CL=F,WTI,Commodity,81.620003,81.25,0.370003,0.4554,up,2026-08-14T11:45:00-04:00
2026-08-14T11:04:03.245842-05:00,2026-08-14T16:04:03.245842+00:00,HG=F,Cobre,Commodity,6.608,6.5925,0.0155,0.2351,up,2026-08-14T11:45:00-04:00
2026-08-14T11:04:03.245842-05:00,2026-08-14T16:04:03.245842+00:00,BTC-USD,Bitcoin,Crypto,62955.980469,63402.171875,-446.191406,-0.7037,down,2026-08-14T12:00:00-04:00
2026-08-14T12:08:46.073419-05:00,2026-08-14T17:08:46.073419+00:00,USDPEN=X,USD/PEN,FX,3.3626,3.358,0.0046,0.137,up,2026-08-14T13:00:00-04:00
2026-08-14T12:08:46.073419-05:00,2026-08-14T17:08:46.073419+00:00,EURUSD=X,EUR/USD,FX,1.15714,1.153004,0.004136,0.3587,up,2026-08-14T13:00:00-04:00
2026-08-14T12:08:46.073419-05:00,2026-08-14T17:08:46.073419+00:00,DX-Y.NYB,DXY,Dólar,99.626999,99.959999,-0.333,-0.3331,down,2026-08-14T12:45:00-04:00
2026-08-14T12:08:46.073419-05:00,2026-08-14T17:08:46.073419+00:00,^GSPC,S&P 500,Índice,7780.549805,7798.990234,-18.44043,-0.2364,down,2026-08-14T13:00:00-04:00
2026-08-14T12:08:46.073419-05:00,2026-08-14T17:08:46.073419+00:00,^IXIC,Nasdaq,Índice,26681.595703,26803.029297,-121.433594,-0.4531,down,2026-08-14T13:00:00-04:00
2026-08-14T12:08:46.073419-05:00,2026-08-14T17:08:46.073419+00:00,^DJI,Dow Jones,Índice,53699.371094,53839.988281,-140.617188,-0.2612,down,2026-08-14T13:00:00-04:00
2026-08-14T12:08:46.073419-05:00,2026-08-14T17:08:46.073419+00:00,^VIX,VIX,Volatilidad,14.44,14.63,-0.190001,-1.2987,down,2026-08-14T12:45:00-04:00
2026-08-14T12:08:46.073419-05:00,2026-08-14T17:08:46.073419+00:00,^TNX,US 10Y,Tasa,4.692,4.641,0.051,1.0989,up,2026-08-14T12:50:00-04:00
2026-08-14T12:08:46.073419-05:00,2026-08-14T17:08:46.073419+00:00,GC=F,Oro,Commodity,4442.600098,4363.600098,79.0,1.8104,up,2026-08-14T12:45:00-04:00
2026-08-14T12:08:46.073419-05:00,2026-08-14T17:08:46.073419+00:00,CL=F,WTI,Commodity,81.970001,81.25,0.720001,0.8862,up,2026-08-14T12:45:00-04:00
2026-08-14T12:08:46.073419-05:00,2026-08-14T17:08:46.073419+00:00,HG=F,Cobre,Commodity,6.6085,6.5925,0.016,0.2427,up,2026-08-14T12:45:00-04:00
2026-08-14T12:08:46.073419-05:00,2026-08-14T17:08:46.073419+00:00,BTC-USD,Bitcoin,Crypto,63066.570312,63402.171875,-335.601562,-0.5293,down,2026-08-14T13:00:00-04:00
2026-08-14T13:04:40.519276-05:00,2026-08-14T18:04:40.519276+00:00,USDPEN=X,USD/PEN,FX,3.3604,3.358,0.0024,0.0715,up,2026-08-14T14:00:00-04:00
2026-08-14T13:04:40.519276-05:00,2026-08-14T18:04:40.519276+00:00,EURUSD=X,EUR/USD,FX,1.156738,1.153004,0.003734,0.3239,up,2026-08-14T14:00:00-04:00
2026-08-14T13:04:40.519276-05:00,2026-08-14T18:04:40.519276+00:00,DX-Y.NYB,DXY,Dólar,99.674004,99.959999,-0.285995,-0.2861,down,2026-08-14T13:45:00-04:00
2026-08-14T13:04:40.519276-05:00,2026-08-14T18:04:40.519276+00:00,^GSPC,S&P 500,Índice,7781.970215,7798.990234,-17.02002,-0.2182,down,2026-08-14T14:00:00-04:00
2026-08-14T13:04:40.519276-05:00,2026-08-14T18:04:40.519276+00:00,^IXIC,Nasdaq,Índice,26699.859375,26803.029297,-103.169922,-0.3849,down,2026-08-14T14:00:00-04:00
2026-08-14T13:04:40.519276-05:00,2026-08-14T18:04:40.519276+00:00,^DJI,Dow Jones,Índice,53742.808594,53839.988281,-97.179688,-0.1805,down,2026-08-14T14:00:00-04:00
2026-08-14T13:04:40.519276-05:00,2026-08-14T18:04:40.519276+00:00,^VIX,VIX,Volatilidad,14.34,14.63,-0.29,-1.9822,down,2026-08-14T13:45:00-04:00
2026-08-14T13:04:40.519276-05:00,2026-08-14T18:04:40.519276+00:00,^TNX,US 10Y,Tasa,4.696,4.641,0.055,1.1851,up,2026-08-14T13:35:00-04:00
2026-08-14T13:04:40.519276-05:00,2026-08-14T18:04:40.519276+00:00,GC=F,Oro,Commodity,4435.299805,4363.600098,71.699707,1.6431,up,2026-08-14T13:45:00-04:00
2026-08-14T13:04:40.519276-05:00,2026-08-14T18:04:40.519276+00:00,CL=F,WTI,Commodity,82.339996,81.25,1.089996,1.3415,up,2026-08-14T13:45:00-04:00
2026-08-14T13:04:40.519276-05:00,2026-08-14T18:04:40.519276+00:00,HG=F,Cobre,Commodity,6.603,6.5925,0.0105,0.1593,up,2026-08-14T13:45:00-04:00
2026-08-14T13:04:40.519276-05:00,2026-08-14T18:04:40.519276+00:00,BTC-USD,Bitcoin,Crypto,62969.570312,63402.171875,-432.601562,-0.6823,down,2026-08-14T14:00:00-04:00
2026-08-14T14:11:17.552600-05:00,2026-08-14T19:11:17.552600+00:00,USDPEN=X,USD/PEN,FX,3.3689,3.358,0.0109,0.3246,up,2026-08-14T15:00:00-04:00
2026-08-14T14:11:17.552600-05:00,2026-08-14T19:11:17.552600+00:00,EURUSD=X,EUR/USD,FX,1.15714,1.153004,0.004136,0.3587,up,2026-08-14T15:00:00-04:00
2026-08-14T14:11:17.552600-05:00,2026-08-14T19:11:17.552600+00:00,DX-Y.NYB,DXY,Dólar,99.657997,99.959999,-0.302002,-0.3021,down,2026-08-14T15:00:00-04:00
2026-08-14T14:11:17.552600-05:00,2026-08-14T19:11:17.552600+00:00,^GSPC,S&P 500,Índice,7782.540039,7798.990234,-16.450195,-0.2109,down,2026-08-14T15:00:00-04:00
2026-08-14T14:11:17.552600-05:00,2026-08-14T19:11:17.552600+00:00,^IXIC,Nasdaq,Índice,26687.990234,26803.029297,-115.039062,-0.4292,down,2026-08-14T15:00:00-04:00
2026-08-14T14:11:17.552600-05:00,2026-08-14T19:11:17.552600+00:00,^DJI,Dow Jones,Índice,53762.480469,53839.988281,-77.507812,-0.144,down,2026-08-14T15:00:00-04:00
2026-08-14T14:11:17.552600-05:00,2026-08-14T19:11:17.552600+00:00,^VIX,VIX,Volatilidad,14.34,14.63,-0.29,-1.9822,down,2026-08-14T14:45:00-04:00
2026-08-14T14:11:17.552600-05:00,2026-08-14T19:11:17.552600+00:00,^TNX,US 10Y,Tasa,4.696,4.641,0.055,1.1851,up,2026-08-14T14:50:00-04:00
2026-08-14T14:11:17.552600-05:00,2026-08-14T19:11:17.552600+00:00,GC=F,Oro,Commodity,4429.600098,4363.600098,66.0,1.5125,up,2026-08-14T15:00:00-04:00
2026-08-14T14:11:17.552600-05:00,2026-08-14T19:11:17.552600+00:00,CL=F,WTI,Commodity,82.339996,81.25,1.089996,1.3415,up,2026-08-14T15:00:00-04:00
2026-08-14T14:11:17.552600-05:00,2026-08-14T19:11:17.552600+00:00,HG=F,Cobre,Commodity,6.603,6.5925,0.0105,0.1593,up,2026-08-14T15:00:00-04:00
2026-08-14T14:11:17.552600-05:00,2026-08-14T19:11:17.552600+00:00,BTC-USD,Bitcoin,Crypto,62779.820312,63402.171875,-622.351562,-0.9816,down,2026-08-14T15:00:00-04:00
2026-08-14T14:54:25.357412-05:00,2026-08-14T19:54:25.357412+00:00,USDPEN=X,USD/PEN,FX,3.369,3.358,0.011,0.3276,up,2026-08-14T00:00:00
2026-08-14T14:54:25.357412-05:00,2026-08-14T19:54:25.357412+00:00,EURUSD=X,EUR/USD,FX,1.157006,1.153004,0.004002,0.3471,up,2026-08-14T15:45:00-04:00
2026-08-14T14:54:25.357412-05:00,2026-08-14T19:54:25.357412+00:00,DX-Y.NYB,DXY,Dólar,99.656998,99.959999,-0.303001,-0.3031,down,2026-08-14T15:30:00-04:00
2026-08-14T14:54:25.357412-05:00,2026-08-14T19:54:25.357412+00:00,^GSPC,S&P 500,Índice,7784.080078,7798.990234,-14.910156,-0.1912,down,2026-08-14T15:45:00-04:00
2026-08-14T14:54:25.357412-05:00,2026-08-14T19:54:25.357412+00:00,^IXIC,Nasdaq,Índice,26721.675781,26803.029297,-81.353516,-0.3035,down,2026-08-14T15:45:00-04:00
2026-08-14T14:54:25.357412-05:00,2026-08-14T19:54:25.357412+00:00,^DJI,Dow Jones,Índice,53723.21875,53839.988281,-116.769531,-0.2169,down,2026-08-14T15:45:00-04:00
2026-08-14T14:54:25.357412-05:00,2026-08-14T19:54:25.357412+00:00,^VIX,VIX,Volatilidad,14.29,14.63,-0.34,-2.324,down,2026-08-14T15:30:00-04:00
2026-08-14T14:54:25.357412-05:00,2026-08-14T19:54:25.357412+00:00,^TNX,US 10Y,Tasa,4.696,4.641,0.055,1.1851,up,2026-08-14T14:50:00-04:00
2026-08-14T14:54:25.357412-05:00,2026-08-14T19:54:25.357412+00:00,GC=F,Oro,Commodity,4432.600098,4363.600098,69.0,1.5813,up,2026-08-14T00:00:00
2026-08-14T14:54:25.357412-05:00,2026-08-14T19:54:25.357412+00:00,CL=F,WTI,Commodity,82.330002,81.25,1.080002,1.3292,up,2026-08-14T15:30:00-04:00
2026-08-14T14:54:25.357412-05:00,2026-08-14T19:54:25.357412+00:00,HG=F,Cobre,Commodity,6.6015,6.5925,0.009,0.1365,up,2026-08-14T15:30:00-04:00
2026-08-14T14:54:25.357412-05:00,2026-08-14T19:54:25.357412+00:00,BTC-USD,Bitcoin,Crypto,62892.671875,63402.171875,-509.5,-0.8036,down,2026-08-14T15:45:00-04:00
2026-08-14T15:43:16.109498-05:00,2026-08-14T20:43:16.109498+00:00,USDPEN=X,USD/PEN,FX,3.369,3.358,0.011,0.3276,up,2026-08-14T16:15:00-04:00
2026-08-14T15:43:16.109498-05:00,2026-08-14T20:43:16.109498+00:00,EURUSD=X,EUR/USD,FX,1.15714,1.153004,0.004136,0.3587,up,2026-08-14T16:30:00-04:00
2026-08-14T15:43:16.109498-05:00,2026-08-14T20:43:16.109498+00:00,DX-Y.NYB,DXY,Dólar,99.638,99.959999,-0.321999,-0.3221,down,2026-08-14T16:30:00-04:00
2026-08-14T15:43:16.109498-05:00,2026-08-14T20:43:16.109498+00:00,^GSPC,S&P 500,Índice,7786.009766,7798.990234,-12.980469,-0.1664,down,2026-08-14T15:45:00-04:00
2026-08-14T15:43:16.109498-05:00,2026-08-14T20:43:16.109498+00:00,^IXIC,Nasdaq,Índice,26730.638672,26803.029297,-72.390625,-0.2701,down,2026-08-14T15:45:00-04:00
2026-08-14T15:43:16.109498-05:00,2026-08-14T20:43:16.109498+00:00,^DJI,Dow Jones,Índice,53733.511719,53839.988281,-106.476562,-0.1978,down,2026-08-14T15:45:00-04:00
2026-08-14T15:43:16.109498-05:00,2026-08-14T20:43:16.109498+00:00,^VIX,VIX,Volatilidad,14.25,14.63,-0.38,-2.5974,down,2026-08-14T16:00:00-04:00
2026-08-14T15:43:16.109498-05:00,2026-08-14T20:43:16.109498+00:00,^TNX,US 10Y,Tasa,4.696,4.641,0.055,1.1851,up,2026-08-14T14:50:00-04:00
2026-08-14T15:43:16.109498-05:00,2026-08-14T20:43:16.109498+00:00,GC=F,Oro,Commodity,4429.5,4363.600098,65.899902,1.5102,up,2026-08-14T16:30:00-04:00
2026-08-14T15:43:16.109498-05:00,2026-08-14T20:43:16.109498+00:00,CL=F,WTI,Commodity,82.300003,81.25,1.050003,1.2923,up,2026-08-14T16:30:00-04:00
2026-08-14T15:43:16.109498-05:00,2026-08-14T20:43:16.109498+00:00,HG=F,Cobre,Commodity,6.607,6.5925,0.0145,0.2199,up,2026-08-14T16:30:00-04:00
2026-08-14T15:43:16.109498-05:00,2026-08-14T20:43:16.109498+00:00,BTC-USD,Bitcoin,Crypto,62840.660156,63402.171875,-561.511719,-0.8856,down,2026-08-14T16:30:00-04:00
2026-08-14T16:37:27.982369-05:00,2026-08-14T21:37:27.982369+00:00,USDPEN=X,USD/PEN,FX,3.369,3.358,0.011,0.3276,up,2026-08-14T16:15:00-04:00
2026-08-14T16:37:27.982369-05:00,2026-08-14T21:37:27.982369+00:00,EURUSD=X,EUR/USD,FX,1.157274,1.153004,0.00427,0.3703,up,2026-08-14T17:15:00-04:00
2026-08-14T16:37:27.982369-05:00,2026-08-14T21:37:27.982369+00:00,DX-Y.NYB,DXY,Dólar,99.636002,99.959999,-0.323997,-0.3241,down,2026-08-14T16:45:00-04:00
2026-08-14T16:37:27.982369-05:00,2026-08-14T21:37:27.982369+00:00,^GSPC,S&P 500,Índice,7786.009766,7798.990234,-12.980469,-0.1664,down,2026-08-14T15:45:00-04:00
2026-08-14T16:37:27.982369-05:00,2026-08-14T21:37:27.982369+00:00,^IXIC,Nasdaq,Índice,26730.638672,26803.029297,-72.390625,-0.2701,down,2026-08-14T15:45:00-04:00
2026-08-14T16:37:27.982369-05:00,2026-08-14T21:37:27.982369+00:00,^DJI,Dow Jones,Índice,53733.511719,53839.988281,-106.476562,-0.1978,down,2026-08-14T15:45:00-04:00
2026-08-14T16:37:27.982369-05:00,2026-08-14T21:37:27.982369+00:00,^VIX,VIX,Volatilidad,14.25,14.63,-0.38,-2.5974,down,2026-08-14T16:00:00-04:00
2026-08-14T16:37:27.982369-05:00,2026-08-14T21:37:27.982369+00:00,^TNX,US 10Y,Tasa,4.696,4.641,0.055,1.1851,up,2026-08-14T14:50:00-04:00
2026-08-14T16:37:27.982369-05:00,2026-08-14T21:37:27.982369+00:00,GC=F,Oro,Commodity,4432.0,4363.600098,68.399902,1.5675,up,2026-08-14T17:00:00-04:00
2026-08-14T16:37:27.982369-05:00,2026-08-14T21:37:27.982369+00:00,CL=F,WTI,Commodity,82.400002,81.25,1.150002,1.4154,up,2026-08-14T16:45:00-04:00
2026-08-14T16:37:27.982369-05:00,2026-08-14T21:37:27.982369+00:00,HG=F,Cobre,Commodity,6.6065,6.5925,0.014,0.2124,up,2026-08-14T16:45:00-04:00
2026-08-14T16:37:27.982369-05:00,2026-08-14T21:37:27.982369+00:00,BTC-USD,Bitcoin,Crypto,62805.628906,63402.171875,-596.542969,-0.9409,down,2026-08-14T17:30:00-04:00
2026-08-14T17:37:49.821272-05:00,2026-08-14T22:37:49.821272+00:00,USDPEN=X,USD/PEN,FX,3.369,3.358,0.011,0.3276,up,2026-08-14T16:15:00-04:00
2026-08-14T17:37:49.821272-05:00,2026-08-14T22:37:49.821272+00:00,EURUSD=X,EUR/USD,FX,1.157274,1.153004,0.00427,0.3703,up,2026-08-14T17:15:00-04:00
2026-08-14T17:37:49.821272-05:00,2026-08-14T22:37:49.821272+00:00,DX-Y.NYB,DXY,Dólar,99.636002,99.959999,-0.323997,-0.3241,down,2026-08-14T16:45:00-04:00
2026-08-14T17:37:49.821272-05:00,2026-08-14T22:37:49.821272+00:00,^GSPC,S&P 500,Índice,7786.009766,7798.990234,-12.980469,-0.1664,down,2026-08-14T15:45:00-04:00
2026-08-14T17:37:49.821272-05:00,2026-08-14T22:37:49.821272+00:00,^IXIC,Nasdaq,Índice,26730.638672,26803.029297,-72.390625,-0.2701,down,2026-08-14T15:45:00-04:00
2026-08-14T17:37:49.821272-05:00,2026-08-14T22:37:49.821272+00:00,^DJI,Dow Jones,Índice,53733.511719,53839.988281,-106.476562,-0.1978,down,2026-08-14T15:45:00-04:00
2026-08-14T17:37:49.821272-05:00,2026-08-14T22:37:49.821272+00:00,^VIX,VIX,Volatilidad,14.25,14.63,-0.38,-2.5974,down,2026-08-14T16:00:00-04:00
2026-08-14T17:37:49.821272-05:00,2026-08-14T22:37:49.821272+00:00,^TNX,US 10Y,Tasa,4.696,4.641,0.055,1.1851,up,2026-08-14T14:50:00-04:00
2026-08-14T17:37:49.821272-05:00,2026-08-14T22:37:49.821272+00:00,GC=F,Oro,Commodity,4432.0,4363.600098,68.399902,1.5675,up,2026-08-14T17:00:00-04:00
2026-08-14T17:37:49.821272-05:00,2026-08-14T22:37:49.821272+00:00,CL=F,WTI,Commodity,82.400002,81.25,1.150002,1.4154,up,2026-08-14T16:45:00-04:00
2026-08-14T17:37:49.821272-05:00,2026-08-14T22:37:49.821272+00:00,HG=F,Cobre,Commodity,6.6065,6.5925,0.014,0.2124,up,2026-08-14T16:45:00-04:00
2026-08-14T17:37:49.821272-05:00,2026-08-14T22:37:49.821272+00:00,BTC-USD,Bitcoin,Crypto,62809.398438,63402.171875,-592.773438,-0.9349,down,2026-08-14T18:30:00-04:00
2026-08-14T18:33:51.526340-05:00,2026-08-14T23:33:51.526340+00:00,USDPEN=X,USD/PEN,FX,3.369,3.358,0.011,0.3276,up,2026-08-14T16:15:00-04:00
2026-08-14T18:33:51.526340-05:00,2026-08-14T23:33:51.526340+00:00,EURUSD=X,EUR/USD,FX,1.157274,1.153004,0.00427,0.3703,up,2026-08-14T17:15:00-04:00
2026-08-14T18:33:51.526340-05:00,2026-08-14T23:33:51.526340+00:00,DX-Y.NYB,DXY,Dólar,99.636002,99.959999,-0.323997,-0.3241,down,2026-08-14T16:45:00-04:00
2026-08-14T18:33:51.526340-05:00,2026-08-14T23:33:51.526340+00:00,^GSPC,S&P 500,Índice,7785.759766,7798.990234,-13.230469,-0.1696,down,2026-08-14T00:00:00
2026-08-14T18:33:51.526340-05:00,2026-08-14T23:33:51.526340+00:00,^IXIC,Nasdaq,Índice,26730.638672,26803.029297,-72.390625,-0.2701,down,2026-08-14T15:45:00-04:00
2026-08-14T18:33:51.526340-05:00,2026-08-14T23:33:51.526340+00:00,^DJI,Dow Jones,Índice,53733.511719,53839.988281,-106.476562,-0.1978,down,2026-08-14T15:45:00-04:00
2026-08-14T18:33:51.526340-05:00,2026-08-14T23:33:51.526340+00:00,^VIX,VIX,Volatilidad,14.25,14.63,-0.38,-2.5974,down,2026-08-14T16:00:00-04:00
2026-08-14T18:33:51.526340-05:00,2026-08-14T23:33:51.526340+00:00,^TNX,US 10Y,Tasa,4.696,4.641,0.055,1.1851,up,2026-08-14T14:50:00-04:00
2026-08-14T18:33:51.526340-05:00,2026-08-14T23:33:51.526340+00:00,GC=F,Oro,Commodity,4432.0,4363.600098,68.399902,1.5675,up,2026-08-14T17:00:00-04:00
2026-08-14T18:33:51.526340-05:00,2026-08-14T23:33:51.526340+00:00,CL=F,WTI,Commodity,82.400002,81.25,1.150002,1.4154,up,2026-08-14T16:45:00-04:00
2026-08-14T18:33:51.526340-05:00,2026-08-14T23:33:51.526340+00:00,HG=F,Cobre,Commodity,6.6065,6.5925,0.014,0.2124,up,2026-08-14T16:45:00-04:00
2026-08-14T18:33:51.526340-05:00,2026-08-14T23:33:51.526340+00:00,BTC-USD,Bitcoin,Crypto,62892.199219,63402.171875,-509.972656,-0.8043,down,2026-08-14T19:30:00-04:00
2026-08-17T08:03:19.643693-05:00,2026-08-17T13:03:19.643693+00:00,USDPEN=X,USD/PEN,FX,3.3655,3.307755,0.057745,1.7457,up,2026-08-17T09:00:00-04:00
2026-08-17T08:03:19.643693-05:00,2026-08-17T13:03:19.643693+00:00,EURUSD=X,EUR/USD,FX,1.160227,1.153536,0.006692,0.5801,up,2026-08-17T09:00:00-04:00
2026-08-17T08:03:19.643693-05:00,2026-08-17T13:03:19.643693+00:00,DX-Y.NYB,DXY,Dólar,99.448997,99.669998,-0.221001,-0.2217,down,2026-08-17T08:45:00-04:00
2026-08-17T08:03:19.643693-05:00,2026-08-17T13:03:19.643693+00:00,^GSPC,S&P 500,Índice,7786.009766,7798.990234,-12.980469,-0.1664,down,2026-08-14T15:45:00-04:00
2026-08-17T08:03:19.643693-05:00,2026-08-17T13:03:19.643693+00:00,^IXIC,Nasdaq,Índice,26730.638672,26803.029297,-72.390625,-0.2701,down,2026-08-14T15:45:00-04:00
2026-08-17T08:03:19.643693-05:00,2026-08-17T13:03:19.643693+00:00,^DJI,Dow Jones,Índice,53733.511719,53839.988281,-106.476562,-0.1978,down,2026-08-14T15:45:00-04:00
2026-08-17T08:03:19.643693-05:00,2026-08-17T13:03:19.643693+00:00,^VIX,VIX,Volatilidad,15.05,14.25,0.8,5.614,up,2026-08-17T08:45:00-04:00
2026-08-17T08:03:19.643693-05:00,2026-08-17T13:03:19.643693+00:00,^TNX,US 10Y,Tasa,4.712,4.696,0.016,0.3407,up,2026-08-17T08:35:00-04:00
2026-08-17T08:03:19.643693-05:00,2026-08-17T13:03:19.643693+00:00,GC=F,Oro,Commodity,4440.600098,4380.399902,60.200195,1.3743,up,2026-08-17T08:45:00-04:00
2026-08-17T08:03:19.643693-05:00,2026-08-17T13:03:19.643693+00:00,CL=F,WTI,Commodity,83.029999,82.400002,0.629997,0.7646,up,2026-08-17T08:45:00-04:00
2026-08-17T08:03:19.643693-05:00,2026-08-17T13:03:19.643693+00:00,HG=F,Cobre,Commodity,6.652,6.5995,0.0525,0.7955,up,2026-08-17T08:45:00-04:00
2026-08-17T08:03:19.643693-05:00,2026-08-17T13:03:19.643693+00:00,BTC-USD,Bitcoin,Crypto,63437.761719,62818.652344,619.109375,0.9856,up,2026-08-17T09:00:00-04:00
2026-08-17T08:51:06.702520-05:00,2026-08-17T13:51:06.702520+00:00,USDPEN=X,USD/PEN,FX,3.3645,3.307755,0.056745,1.7155,up,2026-08-17T09:45:00-04:00
2026-08-17T08:51:06.702520-05:00,2026-08-17T13:51:06.702520+00:00,EURUSD=X,EUR/USD,FX,1.159689,1.153536,0.006154,0.5335,up,2026-08-17T09:45:00-04:00
2026-08-17T08:51:06.702520-05:00,2026-08-17T13:51:06.702520+00:00,DX-Y.NYB,DXY,Dólar,99.453003,99.669998,-0.216995,-0.2177,down,2026-08-17T09:30:00-04:00
2026-08-17T08:51:06.702520-05:00,2026-08-17T13:51:06.702520+00:00,^GSPC,S&P 500,Índice,7777.359863,7785.759766,-8.399902,-0.1079,down,2026-08-17T09:45:00-04:00
2026-08-17T08:51:06.702520-05:00,2026-08-17T13:51:06.702520+00:00,^IXIC,Nasdaq,Índice,26742.642578,26729.160156,13.482422,0.0504,up,2026-08-17T09:45:00-04:00
2026-08-17T08:51:06.702520-05:00,2026-08-17T13:51:06.702520+00:00,^DJI,Dow Jones,Índice,53624.429688,53732.410156,-107.980469,-0.201,down,2026-08-17T09:45:00-04:00
2026-08-17T08:51:06.702520-05:00,2026-08-17T13:51:06.702520+00:00,^VIX,VIX,Volatilidad,15.06,14.25,0.81,5.6842,up,2026-08-17T09:30:00-04:00
2026-08-17T08:51:06.702520-05:00,2026-08-17T13:51:06.702520+00:00,^TNX,US 10Y,Tasa,4.708,4.696,0.012,0.2555,up,2026-08-17T09:35:00-04:00
2026-08-17T08:51:06.702520-05:00,2026-08-17T13:51:06.702520+00:00,GC=F,Oro,Commodity,4442.299805,4380.399902,61.899902,1.4131,up,2026-08-17T09:30:00-04:00
2026-08-17T08:51:06.702520-05:00,2026-08-17T13:51:06.702520+00:00,CL=F,WTI,Commodity,82.730003,82.400002,0.330002,0.4005,up,2026-08-17T09:30:00-04:00
2026-08-17T08:51:06.702520-05:00,2026-08-17T13:51:06.702520+00:00,HG=F,Cobre,Commodity,6.5965,6.5995,-0.003,-0.0455,down,2026-08-17T09:30:00-04:00
2026-08-17T08:51:06.702520-05:00,2026-08-17T13:51:06.702520+00:00,BTC-USD,Bitcoin,Crypto,63613.269531,62818.652344,794.617188,1.2649,up,2026-08-17T09:45:00-04:00
2026-08-17T09:41:29.608253-05:00,2026-08-17T14:41:29.608253+00:00,USDPEN=X,USD/PEN,FX,3.3615,3.307755,0.053745,1.6248,up,2026-08-17T10:30:00-04:00
2026-08-17T09:41:29.608253-05:00,2026-08-17T14:41:29.608253+00:00,EURUSD=X,EUR/USD,FX,1.159152,1.153536,0.005616,0.4868,up,2026-08-17T10:30:00-04:00
2026-08-17T09:41:29.608253-05:00,2026-08-17T14:41:29.608253+00:00,DX-Y.NYB,DXY,Dólar,99.445,99.669998,-0.224998,-0.2257,down,2026-08-17T10:30:00-04:00
2026-08-17T09:41:29.608253-05:00,2026-08-17T14:41:29.608253+00:00,^GSPC,S&P 500,Índice,7771.669922,7785.759766,-14.089844,-0.181,down,2026-08-17T10:30:00-04:00
2026-08-17T09:41:29.608253-05:00,2026-08-17T14:41:29.608253+00:00,^IXIC,Nasdaq,Índice,26724.197266,26729.160156,-4.962891,-0.0186,down,2026-08-17T10:30:00-04:00
2026-08-17T09:41:29.608253-05:00,2026-08-17T14:41:29.608253+00:00,^DJI,Dow Jones,Índice,53516.960938,53732.410156,-215.449219,-0.401,down,2026-08-17T10:30:00-04:00
2026-08-17T09:41:29.608253-05:00,2026-08-17T14:41:29.608253+00:00,^VIX,VIX,Volatilidad,14.99,14.25,0.74,5.193,up,2026-08-17T10:15:00-04:00
2026-08-17T09:41:29.608253-05:00,2026-08-17T14:41:29.608253+00:00,^TNX,US 10Y,Tasa,4.7,4.696,0.004,0.0852,up,2026-08-17T10:20:00-04:00
2026-08-17T09:41:29.608253-05:00,2026-08-17T14:41:29.608253+00:00,GC=F,Oro,Commodity,4476.700195,4380.399902,96.300293,2.1984,up,2026-08-17T10:30:00-04:00
2026-08-17T09:41:29.608253-05:00,2026-08-17T14:41:29.608253+00:00,CL=F,WTI,Commodity,82.389999,82.400002,-0.010002,-0.0121,down,2026-08-17T10:30:00-04:00
2026-08-17T09:41:29.608253-05:00,2026-08-17T14:41:29.608253+00:00,HG=F,Cobre,Commodity,6.6185,6.5995,0.019,0.2879,up,2026-08-17T10:30:00-04:00
2026-08-17T09:41:29.608253-05:00,2026-08-17T14:41:29.608253+00:00,BTC-USD,Bitcoin,Crypto,63537.910156,62818.652344,719.257812,1.145,up,2026-08-17T10:30:00-04:00
2026-08-17T10:36:35.284577-05:00,2026-08-17T15:36:35.284577+00:00,USDPEN=X,USD/PEN,FX,3.3611,3.307755,0.053345,1.6127,up,2026-08-17T11:30:00-04:00
2026-08-17T10:36:35.284577-05:00,2026-08-17T15:36:35.284577+00:00,EURUSD=X,EUR/USD,FX,1.158883,1.153536,0.005347,0.4636,up,2026-08-17T11:30:00-04:00
2026-08-17T10:36:35.284577-05:00,2026-08-17T15:36:35.284577+00:00,DX-Y.NYB,DXY,Dólar,99.525002,99.669998,-0.144997,-0.1455,down,2026-08-17T11:15:00-04:00
2026-08-17T10:36:35.284577-05:00,2026-08-17T15:36:35.284577+00:00,^GSPC,S&P 500,Índice,7772.899902,7785.759766,-12.859863,-0.1652,down,2026-08-17T11:30:00-04:00
2026-08-17T10:36:35.284577-05:00,2026-08-17T15:36:35.284577+00:00,^IXIC,Nasdaq,Índice,26751.619141,26729.160156,22.458984,0.084,up,2026-08-17T11:30:00-04:00
2026-08-17T10:36:35.284577-05:00,2026-08-17T15:36:35.284577+00:00,^DJI,Dow Jones,Índice,53518.769531,53732.410156,-213.640625,-0.3976,down,2026-08-17T11:30:00-04:00
2026-08-17T10:36:35.284577-05:00,2026-08-17T15:36:35.284577+00:00,^VIX,VIX,Volatilidad,14.93,14.25,0.68,4.7719,up,2026-08-17T11:15:00-04:00
2026-08-17T10:36:35.284577-05:00,2026-08-17T15:36:35.284577+00:00,^TNX,US 10Y,Tasa,4.706,4.696,0.01,0.213,up,2026-08-17T11:20:00-04:00
2026-08-17T10:36:35.284577-05:00,2026-08-17T15:36:35.284577+00:00,GC=F,Oro,Commodity,4480.0,4380.399902,99.600098,2.2738,up,2026-08-17T11:15:00-04:00
2026-08-17T10:36:35.284577-05:00,2026-08-17T15:36:35.284577+00:00,CL=F,WTI,Commodity,82.779999,82.400002,0.379997,0.4612,up,2026-08-17T11:15:00-04:00
2026-08-17T10:36:35.284577-05:00,2026-08-17T15:36:35.284577+00:00,HG=F,Cobre,Commodity,6.608,6.5995,0.0085,0.1288,up,2026-08-17T11:15:00-04:00
2026-08-17T10:36:35.284577-05:00,2026-08-17T15:36:35.284577+00:00,BTC-USD,Bitcoin,Crypto,63982.5,62818.652344,1163.847656,1.8527,up,2026-08-17T11:30:00-04:00
2026-08-17T11:43:41.993467-05:00,2026-08-17T16:43:41.993467+00:00,USDPEN=X,USD/PEN,FX,3.3588,3.307755,0.051045,1.5432,up,2026-08-17T12:30:00-04:00
2026-08-17T11:43:41.993467-05:00,2026-08-17T16:43:41.993467+00:00,EURUSD=X,EUR/USD,FX,1.159555,1.153536,0.006019,0.5218,up,2026-08-17T12:30:00-04:00
2026-08-17T11:43:41.993467-05:00,2026-08-17T16:43:41.993467+00:00,DX-Y.NYB,DXY,Dólar,99.490997,99.669998,-0.179001,-0.1796,down,2026-08-17T12:30:00-04:00
2026-08-17T11:43:41.993467-05:00,2026-08-17T16:43:41.993467+00:00,^GSPC,S&P 500,Índice,7770.970215,7785.759766,-14.789551,-0.19,down,2026-08-17T00:00:00
2026-08-17T11:43:41.993467-05:00,2026-08-17T16:43:41.993467+00:00,^IXIC,Nasdaq,Índice,26720.814453,26729.160156,-8.345703,-0.0312,down,2026-08-17T12:30:00-04:00
2026-08-17T11:43:41.993467-05:00,2026-08-17T16:43:41.993467+00:00,^DJI,Dow Jones,Índice,53564.371094,53732.410156,-168.039062,-0.3127,down,2026-08-17T12:30:00-04:00
2026-08-17T11:43:41.993467-05:00,2026-08-17T16:43:41.993467+00:00,^VIX,VIX,Volatilidad,15.02,14.25,0.77,5.4035,up,2026-08-17T12:15:00-04:00
2026-08-17T11:43:41.993467-05:00,2026-08-17T16:43:41.993467+00:00,^TNX,US 10Y,Tasa,4.704,4.696,0.008,0.1704,up,2026-08-17T12:20:00-04:00
2026-08-17T11:43:41.993467-05:00,2026-08-17T16:43:41.993467+00:00,GC=F,Oro,Commodity,4481.0,4380.399902,100.600098,2.2966,up,2026-08-17T12:30:00-04:00
2026-08-17T11:43:41.993467-05:00,2026-08-17T16:43:41.993467+00:00,CL=F,WTI,Commodity,82.669998,82.400002,0.269997,0.3277,up,2026-08-17T12:30:00-04:00
2026-08-17T11:43:41.993467-05:00,2026-08-17T16:43:41.993467+00:00,HG=F,Cobre,Commodity,6.614,6.5995,0.0145,0.2197,up,2026-08-17T12:30:00-04:00
2026-08-17T11:43:41.993467-05:00,2026-08-17T16:43:41.993467+00:00,BTC-USD,Bitcoin,Crypto,64058.078125,62818.652344,1239.425781,1.973,up,2026-08-17T12:30:00-04:00
2026-08-17T12:42:21.087299-05:00,2026-08-17T17:42:21.087299+00:00,USDPEN=X,USD/PEN,FX,3.3644,3.307755,0.056645,1.7125,up,2026-08-17T13:30:00-04:00
2026-08-17T12:42:21.087299-05:00,2026-08-17T17:42:21.087299+00:00,EURUSD=X,EUR/USD,FX,1.158078,1.153536,0.004542,0.3937,up,2026-08-17T13:30:00-04:00
2026-08-17T12:42:21.087299-05:00,2026-08-17T17:42:21.087299+00:00,DX-Y.NYB,DXY,Dólar,99.541,99.669998,-0.128998,-0.1294,down,2026-08-17T13:30:00-04:00
2026-08-17T12:42:21.087299-05:00,2026-08-17T17:42:21.087299+00:00,^GSPC,S&P 500,Índice,7755.569824,7785.759766,-30.189941,-0.3878,down,2026-08-17T13:30:00-04:00
2026-08-17T12:42:21.087299-05:00,2026-08-17T17:42:21.087299+00:00,^IXIC,Nasdaq,Índice,26662.488281,26729.160156,-66.671875,-0.2494,down,2026-08-17T13:30:00-04:00
2026-08-17T12:42:21.087299-05:00,2026-08-17T17:42:21.087299+00:00,^DJI,Dow Jones,Índice,53414.46875,53732.410156,-317.941406,-0.5917,down,2026-08-17T13:30:00-04:00
2026-08-17T12:42:21.087299-05:00,2026-08-17T17:42:21.087299+00:00,^VIX,VIX,Volatilidad,15.44,14.25,1.19,8.3509,up,2026-08-17T13:15:00-04:00
2026-08-17T12:42:21.087299-05:00,2026-08-17T17:42:21.087299+00:00,^TNX,US 10Y,Tasa,4.718,4.696,0.022,0.4685,up,2026-08-17T13:20:00-04:00
2026-08-17T12:42:21.087299-05:00,2026-08-17T17:42:21.087299+00:00,GC=F,Oro,Commodity,4472.399902,4380.399902,92.0,2.1003,up,2026-08-17T13:30:00-04:00
2026-08-17T12:42:21.087299-05:00,2026-08-17T17:42:21.087299+00:00,CL=F,WTI,Commodity,84.089996,82.400002,1.689995,2.051,up,2026-08-17T13:30:00-04:00
2026-08-17T12:42:21.087299-05:00,2026-08-17T17:42:21.087299+00:00,HG=F,Cobre,Commodity,6.605,6.5995,0.0055,0.0833,up,2026-08-17T13:30:00-04:00
2026-08-17T12:42:21.087299-05:00,2026-08-17T17:42:21.087299+00:00,BTC-USD,Bitcoin,Crypto,64234.960938,62818.652344,1416.308594,2.2546,up,2026-08-17T13:30:00-04:00
2026-08-17T13:55:05.533363-05:00,2026-08-17T18:55:05.533363+00:00,USDPEN=X,USD/PEN,FX,3.3578,3.307755,0.050045,1.513,up,2026-08-17T14:30:00-04:00
2026-08-17T13:55:05.533363-05:00,2026-08-17T18:55:05.533363+00:00,EURUSD=X,EUR/USD,FX,1.157675,1.153536,0.00414,0.3589,up,2026-08-17T14:45:00-04:00
2026-08-17T13:55:05.533363-05:00,2026-08-17T18:55:05.533363+00:00,DX-Y.NYB,DXY,Dólar,99.637001,99.669998,-0.032997,-0.0331,down,2026-08-17T14:45:00-04:00
2026-08-17T13:55:05.533363-05:00,2026-08-17T18:55:05.533363+00:00,^GSPC,S&P 500,Índice,7756.439941,7785.759766,-29.319824,-0.3766,down,2026-08-17T14:45:00-04:00
2026-08-17T13:55:05.533363-05:00,2026-08-17T18:55:05.533363+00:00,^IXIC,Nasdaq,Índice,26668.720703,26729.160156,-60.439453,-0.2261,down,2026-08-17T14:45:00-04:00
2026-08-17T13:55:05.533363-05:00,2026-08-17T18:55:05.533363+00:00,^DJI,Dow Jones,Índice,53484.761719,53732.410156,-247.648438,-0.4609,down,2026-08-17T14:45:00-04:00
2026-08-17T13:55:05.533363-05:00,2026-08-17T18:55:05.533363+00:00,^VIX,VIX,Volatilidad,15.19,14.25,0.94,6.5965,up,2026-08-17T14:30:00-04:00
2026-08-17T13:55:05.533363-05:00,2026-08-17T18:55:05.533363+00:00,^TNX,US 10Y,Tasa,4.724,4.696,0.028,0.5962,up,2026-08-17T14:35:00-04:00
2026-08-17T13:55:05.533363-05:00,2026-08-17T18:55:05.533363+00:00,GC=F,Oro,Commodity,4458.100098,4380.399902,77.700195,1.7738,up,2026-08-17T14:45:00-04:00
2026-08-17T13:55:05.533363-05:00,2026-08-17T18:55:05.533363+00:00,CL=F,WTI,Commodity,84.18,82.400002,1.779999,2.1602,up,2026-08-17T14:45:00-04:00
2026-08-17T13:55:05.533363-05:00,2026-08-17T18:55:05.533363+00:00,HG=F,Cobre,Commodity,6.598,6.5995,-0.0015,-0.0227,down,2026-08-17T14:45:00-04:00
2026-08-17T13:55:05.533363-05:00,2026-08-17T18:55:05.533363+00:00,BTC-USD,Bitcoin,Crypto,64396.800781,62818.652344,1578.148438,2.5122,up,2026-08-17T14:45:00-04:00
2026-08-17T14:39:49.941355-05:00,2026-08-17T19:39:49.941355+00:00,USDPEN=X,USD/PEN,FX,3.3578,3.307755,0.050045,1.513,up,2026-08-17T15:30:00-04:00
2026-08-17T14:39:49.941355-05:00,2026-08-17T19:39:49.941355+00:00,EURUSD=X,EUR/USD,FX,1.158212,1.153536,0.004676,0.4054,up,2026-08-17T15:30:00-04:00
2026-08-17T14:39:49.941355-05:00,2026-08-17T19:39:49.941355+00:00,DX-Y.NYB,DXY,Dólar,99.577003,99.669998,-0.092995,-0.0933,down,2026-08-17T15:15:00-04:00
2026-08-17T14:39:49.941355-05:00,2026-08-17T19:39:49.941355+00:00,^GSPC,S&P 500,Índice,7750.299805,7785.759766,-35.459961,-0.4554,down,2026-08-17T15:30:00-04:00
2026-08-17T14:39:49.941355-05:00,2026-08-17T19:39:49.941355+00:00,^IXIC,Nasdaq,Índice,26655.632812,26729.160156,-73.527344,-0.2751,down,2026-08-17T15:30:00-04:00
2026-08-17T14:39:49.941355-05:00,2026-08-17T19:39:49.941355+00:00,^DJI,Dow Jones,Índice,53459.699219,53732.410156,-272.710938,-0.5075,down,2026-08-17T15:30:00-04:00
2026-08-17T14:39:49.941355-05:00,2026-08-17T19:39:49.941355+00:00,^VIX,VIX,Volatilidad,15.22,14.25,0.97,6.807,up,2026-08-17T15:15:00-04:00
2026-08-17T14:39:49.941355-05:00,2026-08-17T19:39:49.941355+00:00,^TNX,US 10Y,Tasa,4.724,4.696,0.028,0.5962,up,2026-08-17T14:50:00-04:00
2026-08-17T14:39:49.941355-05:00,2026-08-17T19:39:49.941355+00:00,GC=F,Oro,Commodity,4471.0,4380.399902,90.600098,2.0683,up,2026-08-17T15:15:00-04:00
2026-08-17T14:39:49.941355-05:00,2026-08-17T19:39:49.941355+00:00,CL=F,WTI,Commodity,84.389999,82.400002,1.989998,2.415,up,2026-08-17T15:15:00-04:00
2026-08-17T14:39:49.941355-05:00,2026-08-17T19:39:49.941355+00:00,HG=F,Cobre,Commodity,6.6065,6.5995,0.007,0.1061,up,2026-08-17T15:15:00-04:00
2026-08-17T14:39:49.941355-05:00,2026-08-17T19:39:49.941355+00:00,BTC-USD,Bitcoin,Crypto,64350.0,62818.652344,1531.347656,2.4377,up,2026-08-17T15:30:00-04:00
2026-08-17T15:41:15.239974-05:00,2026-08-17T20:41:15.239974+00:00,USDPEN=X,USD/PEN,FX,3.3637,3.307755,0.055945,1.6913,up,2026-08-17T16:30:00-04:00
2026-08-17T15:41:15.239974-05:00,2026-08-17T20:41:15.239974+00:00,EURUSD=X,EUR/USD,FX,1.158078,1.153536,0.004542,0.3937,up,2026-08-17T16:30:00-04:00
2026-08-17T15:41:15.239974-05:00,2026-08-17T20:41:15.239974+00:00,DX-Y.NYB,DXY,Dólar,99.594002,99.669998,-0.075996,-0.0762,down,2026-08-17T16:30:00-04:00
2026-08-17T15:41:15.239974-05:00,2026-08-17T20:41:15.239974+00:00,^GSPC,S&P 500,Índice,7746.140137,7785.759766,-39.619629,-0.5089,down,2026-08-17T15:45:00-04:00
2026-08-17T15:41:15.239974-05:00,2026-08-17T20:41:15.239974+00:00,^IXIC,Nasdaq,Índice,26649.082031,26729.160156,-80.078125,-0.2996,down,2026-08-17T15:45:00-04:00
2026-08-17T15:41:15.239974-05:00,2026-08-17T20:41:15.239974+00:00,^DJI,Dow Jones,Índice,53466.679688,53732.410156,-265.730469,-0.4945,down,2026-08-17T15:45:00-04:00
2026-08-17T15:41:15.239974-05:00,2026-08-17T20:41:15.239974+00:00,^VIX,VIX,Volatilidad,15.19,14.25,0.94,6.5965,up,2026-08-17T16:00:00-04:00
2026-08-17T15:41:15.239974-05:00,2026-08-17T20:41:15.239974+00:00,^TNX,US 10Y,Tasa,4.724,4.696,0.028,0.5962,up,2026-08-17T00:00:00
2026-08-17T15:41:15.239974-05:00,2026-08-17T20:41:15.239974+00:00,GC=F,Oro,Commodity,4471.5,4380.399902,91.100098,2.0797,up,2026-08-17T16:30:00-04:00
2026-08-17T15:41:15.239974-05:00,2026-08-17T20:41:15.239974+00:00,CL=F,WTI,Commodity,84.879997,82.400002,2.479996,3.0097,up,2026-08-17T16:30:00-04:00
2026-08-17T15:41:15.239974-05:00,2026-08-17T20:41:15.239974+00:00,HG=F,Cobre,Commodity,6.6105,6.5995,0.011,0.1667,up,2026-08-17T16:30:00-04:00
2026-08-17T15:41:15.239974-05:00,2026-08-17T20:41:15.239974+00:00,BTC-USD,Bitcoin,Crypto,64337.839844,62818.652344,1519.1875,2.4184,up,2026-08-17T16:30:00-04:00
2026-08-17T16:37:45.417007-05:00,2026-08-17T21:37:45.417007+00:00,USDPEN=X,USD/PEN,FX,3.3637,3.307755,0.055945,1.6913,up,2026-08-17T17:30:00-04:00
2026-08-17T16:37:45.417007-05:00,2026-08-17T21:37:45.417007+00:00,EURUSD=X,EUR/USD,FX,1.158346,1.153536,0.00481,0.417,up,2026-08-17T17:30:00-04:00
2026-08-17T16:37:45.417007-05:00,2026-08-17T21:37:45.417007+00:00,DX-Y.NYB,DXY,Dólar,99.580002,99.669998,-0.089996,-0.0903,down,2026-08-17T17:15:00-04:00
2026-08-17T16:37:45.417007-05:00,2026-08-17T21:37:45.417007+00:00,^GSPC,S&P 500,Índice,7746.140137,7785.759766,-39.619629,-0.5089,down,2026-08-17T15:45:00-04:00
2026-08-17T16:37:45.417007-05:00,2026-08-17T21:37:45.417007+00:00,^IXIC,Nasdaq,Índice,26649.082031,26729.160156,-80.078125,-0.2996,down,2026-08-17T15:45:00-04:00
2026-08-17T16:37:45.417007-05:00,2026-08-17T21:37:45.417007+00:00,^DJI,Dow Jones,Índice,53466.679688,53732.410156,-265.730469,-0.4945,down,2026-08-17T15:45:00-04:00
2026-08-17T16:37:45.417007-05:00,2026-08-17T21:37:45.417007+00:00,^VIX,VIX,Volatilidad,15.19,14.25,0.94,6.5965,up,2026-08-17T16:00:00-04:00
2026-08-17T16:37:45.417007-05:00,2026-08-17T21:37:45.417007+00:00,^TNX,US 10Y,Tasa,4.724,4.696,0.028,0.5962,up,2026-08-17T14:50:00-04:00
2026-08-17T16:37:45.417007-05:00,2026-08-17T21:37:45.417007+00:00,GC=F,Oro,Commodity,4473.100098,4380.399902,92.700195,2.1162,up,2026-08-17T00:00:00
2026-08-17T16:37:45.417007-05:00,2026-08-17T21:37:45.417007+00:00,CL=F,WTI,Commodity,84.949997,82.400002,2.549995,3.0947,up,2026-08-17T16:45:00-04:00
2026-08-17T16:37:45.417007-05:00,2026-08-17T21:37:45.417007+00:00,HG=F,Cobre,Commodity,6.6125,6.5995,0.013,0.197,up,2026-08-17T16:45:00-04:00
2026-08-17T16:37:45.417007-05:00,2026-08-17T21:37:45.417007+00:00,BTC-USD,Bitcoin,Crypto,64272.410156,62818.652344,1453.757812,2.3142,up,2026-08-17T17:30:00-04:00
2026-08-17T17:38:10.287908-05:00,2026-08-17T22:38:10.287908+00:00,USDPEN=X,USD/PEN,FX,3.3647,3.307755,0.056945,1.7216,up,2026-08-17T18:30:00-04:00
2026-08-17T17:38:10.287908-05:00,2026-08-17T22:38:10.287908+00:00,EURUSD=X,EUR/USD,FX,1.158212,1.153536,0.004676,0.4054,up,2026-08-17T18:30:00-04:00
2026-08-17T17:38:10.287908-05:00,2026-08-17T22:38:10.287908+00:00,DX-Y.NYB,DXY,Dólar,99.581001,99.669998,-0.088997,-0.0893,down,2026-08-17T18:00:00-04:00
2026-08-17T17:38:10.287908-05:00,2026-08-17T22:38:10.287908+00:00,^GSPC,S&P 500,Índice,7746.140137,7785.759766,-39.619629,-0.5089,down,2026-08-17T15:45:00-04:00
2026-08-17T17:38:10.287908-05:00,2026-08-17T22:38:10.287908+00:00,^IXIC,Nasdaq,Índice,26649.082031,26729.160156,-80.078125,-0.2996,down,2026-08-17T15:45:00-04:00
2026-08-17T17:38:10.287908-05:00,2026-08-17T22:38:10.287908+00:00,^DJI,Dow Jones,Índice,53466.679688,53732.410156,-265.730469,-0.4945,down,2026-08-17T15:45:00-04:00
2026-08-17T17:38:10.287908-05:00,2026-08-17T22:38:10.287908+00:00,^VIX,VIX,Volatilidad,15.19,14.25,0.94,6.5965,up,2026-08-17T16:00:00-04:00
2026-08-17T17:38:10.287908-05:00,2026-08-17T22:38:10.287908+00:00,^TNX,US 10Y,Tasa,4.724,4.696,0.028,0.5962,up,2026-08-17T14:50:00-04:00
2026-08-17T17:38:10.287908-05:00,2026-08-17T22:38:10.287908+00:00,GC=F,Oro,Commodity,4468.600098,4380.399902,88.200195,2.0135,up,2026-08-17T18:15:00-04:00
2026-08-17T17:38:10.287908-05:00,2026-08-17T22:38:10.287908+00:00,CL=F,WTI,Commodity,85.120003,82.400002,2.720001,3.301,up,2026-08-17T18:15:00-04:00
2026-08-17T17:38:10.287908-05:00,2026-08-17T22:38:10.287908+00:00,HG=F,Cobre,Commodity,6.607,6.5995,0.0075,0.1136,up,2026-08-17T18:15:00-04:00
2026-08-17T17:38:10.287908-05:00,2026-08-17T22:38:10.287908+00:00,BTC-USD,Bitcoin,Crypto,64270.808594,62818.652344,1452.15625,2.3117,up,2026-08-17T18:30:00-04:00
2026-08-17T18:34:47.446292-05:00,2026-08-17T23:34:47.446292+00:00,USDPEN=X,USD/PEN,FX,3.3656,3.29971,0.06589,1.9968,up,2026-08-18T00:00:00
2026-08-17T18:34:47.446292-05:00,2026-08-17T23:34:47.446292+00:00,EURUSD=X,EUR/USD,FX,1.15848,1.157394,0.001086,0.0938,up,2026-08-17T19:30:00-04:00
2026-08-17T18:34:47.446292-05:00,2026-08-17T23:34:47.446292+00:00,DX-Y.NYB,DXY,Dólar,99.581001,99.669998,-0.088997,-0.0893,down,2026-08-17T18:00:00-04:00
2026-08-17T18:34:47.446292-05:00,2026-08-17T23:34:47.446292+00:00,^GSPC,S&P 500,Índice,7746.140137,7785.759766,-39.619629,-0.5089,down,2026-08-17T15:45:00-04:00
2026-08-17T18:34:47.446292-05:00,2026-08-17T23:34:47.446292+00:00,^IXIC,Nasdaq,Índice,26649.082031,26729.160156,-80.078125,-0.2996,down,2026-08-17T15:45:00-04:00
2026-08-17T18:34:47.446292-05:00,2026-08-17T23:34:47.446292+00:00,^DJI,Dow Jones,Índice,53466.679688,53732.410156,-265.730469,-0.4945,down,2026-08-17T15:45:00-04:00
2026-08-17T18:34:47.446292-05:00,2026-08-17T23:34:47.446292+00:00,^VIX,VIX,Volatilidad,15.19,14.25,0.94,6.5965,up,2026-08-17T16:00:00-04:00
2026-08-17T18:34:47.446292-05:00,2026-08-17T23:34:47.446292+00:00,^TNX,US 10Y,Tasa,4.724,4.696,0.028,0.5962,up,2026-08-17T14:50:00-04:00
2026-08-17T18:34:47.446292-05:00,2026-08-17T23:34:47.446292+00:00,GC=F,Oro,Commodity,4473.0,4380.399902,92.600098,2.114,up,2026-08-17T19:15:00-04:00
2026-08-17T18:34:47.446292-05:00,2026-08-17T23:34:47.446292+00:00,CL=F,WTI,Commodity,85.029999,82.400002,2.629997,3.1917,up,2026-08-17T19:15:00-04:00
2026-08-17T18:34:47.446292-05:00,2026-08-17T23:34:47.446292+00:00,HG=F,Cobre,Commodity,6.6105,6.5995,0.011,0.1667,up,2026-08-17T19:15:00-04:00
2026-08-17T18:34:47.446292-05:00,2026-08-17T23:34:47.446292+00:00,BTC-USD,Bitcoin,Crypto,64504.621094,62818.652344,1685.96875,2.6839,up,2026-08-17T19:30:00-04:00
2026-08-18T08:05:30.999736-05:00,2026-08-18T13:05:30.999736+00:00,USDPEN=X,USD/PEN,FX,3.3676,3.29971,0.06789,2.0575,up,2026-08-18T08:15:00-04:00
2026-08-18T08:05:30.999736-05:00,2026-08-18T13:05:30.999736+00:00,EURUSD=X,EUR/USD,FX,1.158346,1.157394,0.000952,0.0822,up,2026-08-18T09:00:00-04:00
2026-08-18T08:05:30.999736-05:00,2026-08-18T13:05:30.999736+00:00,DX-Y.NYB,DXY,Dólar,99.625999,99.669998,-0.043999,-0.0441,down,2026-08-18T08:45:00-04:00
2026-08-18T08:05:30.999736-05:00,2026-08-18T13:05:30.999736+00:00,^GSPC,S&P 500,Índice,7746.140137,7798.990234,-52.850098,-0.6777,down,2026-08-17T15:45:00-04:00
2026-08-18T08:05:30.999736-05:00,2026-08-18T13:05:30.999736+00:00,^IXIC,Nasdaq,Índice,26649.082031,26803.029297,-153.947266,-0.5744,down,2026-08-17T15:45:00-04:00
2026-08-18T08:05:30.999736-05:00,2026-08-18T13:05:30.999736+00:00,^DJI,Dow Jones,Índice,53466.679688,53839.988281,-373.308594,-0.6934,down,2026-08-17T15:45:00-04:00
2026-08-18T08:05:30.999736-05:00,2026-08-18T13:05:30.999736+00:00,^VIX,VIX,Volatilidad,15.78,14.25,1.53,10.7368,up,2026-08-18T08:45:00-04:00
2026-08-18T08:05:30.999736-05:00,2026-08-18T13:05:30.999736+00:00,^TNX,US 10Y,Tasa,4.74,4.696,0.044,0.937,up,2026-08-18T08:50:00-04:00
2026-08-18T08:05:30.999736-05:00,2026-08-18T13:05:30.999736+00:00,GC=F,Oro,Commodity,4448.799805,4417.799805,31.0,0.7017,up,2026-08-18T08:45:00-04:00
2026-08-18T08:05:30.999736-05:00,2026-08-18T13:05:30.999736+00:00,CL=F,WTI,Commodity,84.400002,84.5,-0.099998,-0.1183,down,2026-08-18T08:45:00-04:00
2026-08-18T08:05:30.999736-05:00,2026-08-18T13:05:30.999736+00:00,HG=F,Cobre,Commodity,6.5615,6.604,-0.0425,-0.6435,down,2026-08-18T08:45:00-04:00
2026-08-18T08:05:30.999736-05:00,2026-08-18T13:05:30.999736+00:00,BTC-USD,Bitcoin,Crypto,64119.011719,64506.253906,-387.242188,-0.6003,down,2026-08-18T09:00:00-04:00
2026-08-18T08:54:54.726121-05:00,2026-08-18T13:54:54.726121+00:00,USDPEN=X,USD/PEN,FX,3.358,3.29971,0.05829,1.7665,up,2026-08-18T09:45:00-04:00
2026-08-18T08:54:54.726121-05:00,2026-08-18T13:54:54.726121+00:00,EURUSD=X,EUR/USD,FX,1.158212,1.157394,0.000818,0.0706,up,2026-08-18T09:45:00-04:00
2026-08-18T08:54:54.726121-05:00,2026-08-18T13:54:54.726121+00:00,DX-Y.NYB,DXY,Dólar,99.596001,99.669998,-0.073997,-0.0742,down,2026-08-18T09:30:00-04:00
2026-08-18T08:54:54.726121-05:00,2026-08-18T13:54:54.726121+00:00,^GSPC,S&P 500,Índice,7704.990234,7785.759766,-80.769531,-1.0374,down,2026-08-18T09:45:00-04:00
2026-08-18T08:54:54.726121-05:00,2026-08-18T13:54:54.726121+00:00,^IXIC,Nasdaq,Índice,26315.810547,26729.160156,-413.349609,-1.5464,down,2026-08-18T09:45:00-04:00
2026-08-18T08:54:54.726121-05:00,2026-08-18T13:54:54.726121+00:00,^DJI,Dow Jones,Índice,53426.621094,53732.410156,-305.789062,-0.5691,down,2026-08-18T09:45:00-04:00
2026-08-18T08:54:54.726121-05:00,2026-08-18T13:54:54.726121+00:00,^VIX,VIX,Volatilidad,15.76,14.25,1.51,10.5965,up,2026-08-18T09:30:00-04:00
2026-08-18T08:54:54.726121-05:00,2026-08-18T13:54:54.726121+00:00,^TNX,US 10Y,Tasa,4.728,4.696,0.032,0.6814,up,2026-08-18T09:35:00-04:00
2026-08-18T08:54:54.726121-05:00,2026-08-18T13:54:54.726121+00:00,GC=F,Oro,Commodity,4456.700195,4417.799805,38.900391,0.8805,up,2026-08-18T09:30:00-04:00
2026-08-18T08:54:54.726121-05:00,2026-08-18T13:54:54.726121+00:00,CL=F,WTI,Commodity,84.330002,84.5,-0.169998,-0.2012,down,2026-08-18T09:30:00-04:00
2026-08-18T08:54:54.726121-05:00,2026-08-18T13:54:54.726121+00:00,HG=F,Cobre,Commodity,6.5405,6.604,-0.0635,-0.9615,down,2026-08-18T09:30:00-04:00
2026-08-18T08:54:54.726121-05:00,2026-08-18T13:54:54.726121+00:00,BTC-USD,Bitcoin,Crypto,64070.671875,64506.253906,-435.582031,-0.6753,down,2026-08-18T09:45:00-04:00
2026-08-18T09:50:09.961368-05:00,2026-08-18T14:50:09.961368+00:00,USDPEN=X,USD/PEN,FX,3.3543,3.29971,0.05459,1.6544,up,2026-08-18T10:45:00-04:00
2026-08-18T09:50:09.961368-05:00,2026-08-18T14:50:09.961368+00:00,EURUSD=X,EUR/USD,FX,1.158883,1.157394,0.001489,0.1286,up,2026-08-18T10:45:00-04:00
2026-08-18T09:50:09.961368-05:00,2026-08-18T14:50:09.961368+00:00,DX-Y.NYB,DXY,Dólar,99.592003,99.669998,-0.077995,-0.0783,down,2026-08-18T10:30:00-04:00
2026-08-18T09:50:09.961368-05:00,2026-08-18T14:50:09.961368+00:00,^GSPC,S&P 500,Índice,7704.75,7785.759766,-81.009766,-1.0405,down,2026-08-18T10:45:00-04:00
2026-08-18T09:50:09.961368-05:00,2026-08-18T14:50:09.961368+00:00,^IXIC,Nasdaq,Índice,26322.820312,26729.160156,-406.339844,-1.5202,down,2026-08-18T10:45:00-04:00
2026-08-18T09:50:09.961368-05:00,2026-08-18T14:50:09.961368+00:00,^DJI,Dow Jones,Índice,53446.539062,53732.410156,-285.871094,-0.532,down,2026-08-18T10:45:00-04:00
2026-08-18T09:50:09.961368-05:00,2026-08-18T14:50:09.961368+00:00,^VIX,VIX,Volatilidad,15.7,14.25,1.45,10.1754,up,2026-08-18T10:30:00-04:00
2026-08-18T09:50:09.961368-05:00,2026-08-18T14:50:09.961368+00:00,^TNX,US 10Y,Tasa,4.712,4.696,0.016,0.3407,up,2026-08-18T10:35:00-04:00
2026-08-18T09:50:09.961368-05:00,2026-08-18T14:50:09.961368+00:00,GC=F,Oro,Commodity,4439.5,4417.799805,21.700195,0.4912,up,2026-08-18T10:30:00-04:00
2026-08-18T09:50:09.961368-05:00,2026-08-18T14:50:09.961368+00:00,CL=F,WTI,Commodity,83.82,84.5,-0.68,-0.8047,down,2026-08-18T10:30:00-04:00
2026-08-18T09:50:09.961368-05:00,2026-08-18T14:50:09.961368+00:00,HG=F,Cobre,Commodity,6.478,6.604,-0.126,-1.9079,down,2026-08-18T10:30:00-04:00
2026-08-18T09:50:09.961368-05:00,2026-08-18T14:50:09.961368+00:00,BTC-USD,Bitcoin,Crypto,64770.660156,64506.253906,264.40625,0.4099,up,2026-08-18T10:45:00-04:00
2026-08-18T10:44:09.687672-05:00,2026-08-18T15:44:09.687672+00:00,USDPEN=X,USD/PEN,FX,3.356,3.29971,0.05629,1.7059,up,2026-08-18T11:30:00-04:00
2026-08-18T10:44:09.687672-05:00,2026-08-18T15:44:09.687672+00:00,EURUSD=X,EUR/USD,FX,1.158346,1.157394,0.000952,0.0822,up,2026-08-18T11:30:00-04:00
2026-08-18T10:44:09.687672-05:00,2026-08-18T15:44:09.687672+00:00,DX-Y.NYB,DXY,Dólar,99.633003,99.639999,-0.006996,-0.007,down,2026-08-18T11:30:00-04:00
2026-08-18T10:44:09.687672-05:00,2026-08-18T15:44:09.687672+00:00,^GSPC,S&P 500,Índice,7700.299805,7745.060059,-44.760254,-0.5779,down,2026-08-18T11:30:00-04:00
2026-08-18T10:44:09.687672-05:00,2026-08-18T15:44:09.687672+00:00,^IXIC,Nasdaq,Índice,26315.210938,26644.910156,-329.699219,-1.2374,down,2026-08-18T11:30:00-04:00
2026-08-18T10:44:09.687672-05:00,2026-08-18T15:44:09.687672+00:00,^DJI,Dow Jones,Índice,53363.96875,53459.78125,-95.8125,-0.1792,down,2026-08-18T11:30:00-04:00
2026-08-18T10:44:09.687672-05:00,2026-08-18T15:44:09.687672+00:00,^VIX,VIX,Volatilidad,15.89,15.19,0.700001,4.6083,up,2026-08-18T11:15:00-04:00
2026-08-18T10:44:09.687672-05:00,2026-08-18T15:44:09.687672+00:00,^TNX,US 10Y,Tasa,4.716,4.724,-0.008,-0.1693,down,2026-08-18T11:20:00-04:00
2026-08-18T10:44:09.687672-05:00,2026-08-18T15:44:09.687672+00:00,GC=F,Oro,Commodity,4413.600098,4417.799805,-4.199707,-0.0951,down,2026-08-18T11:30:00-04:00
2026-08-18T10:44:09.687672-05:00,2026-08-18T15:44:09.687672+00:00,CL=F,WTI,Commodity,84.919998,84.5,0.419998,0.497,up,2026-08-18T11:30:00-04:00
2026-08-18T10:44:09.687672-05:00,2026-08-18T15:44:09.687672+00:00,HG=F,Cobre,Commodity,6.4885,6.604,-0.1155,-1.7489,down,2026-08-18T11:30:00-04:00
2026-08-18T10:44:09.687672-05:00,2026-08-18T15:44:09.687672+00:00,BTC-USD,Bitcoin,Crypto,64777.871094,64506.253906,271.617188,0.4211,up,2026-08-18T11:30:00-04:00
2026-08-18T11:46:22.294595-05:00,2026-08-18T16:46:22.294595+00:00,USDPEN=X,USD/PEN,FX,3.3585,3.29971,0.05879,1.7817,up,2026-08-18T12:30:00-04:00
2026-08-18T11:46:22.294595-05:00,2026-08-18T16:46:22.294595+00:00,EURUSD=X,EUR/USD,FX,1.15848,1.157394,0.001086,0.0938,up,2026-08-18T12:45:00-04:00
2026-08-18T11:46:22.294595-05:00,2026-08-18T16:46:22.294595+00:00,DX-Y.NYB,DXY,Dólar,99.628998,99.639999,-0.011002,-0.011,down,2026-08-18T12:30:00-04:00
2026-08-18T11:46:22.294595-05:00,2026-08-18T16:46:22.294595+00:00,^GSPC,S&P 500,Índice,7703.209961,7745.060059,-41.850098,-0.5403,down,2026-08-18T12:45:00-04:00
2026-08-18T11:46:22.294595-05:00,2026-08-18T16:46:22.294595+00:00,^IXIC,Nasdaq,Índice,26352.164062,26644.910156,-292.746094,-1.0987,down,2026-08-18T00:00:00
2026-08-18T11:46:22.294595-05:00,2026-08-18T16:46:22.294595+00:00,^DJI,Dow Jones,Índice,53384.78125,53459.78125,-75.0,-0.1403,down,2026-08-18T12:45:00-04:00
2026-08-18T11:46:22.294595-05:00,2026-08-18T16:46:22.294595+00:00,^VIX,VIX,Volatilidad,15.72,15.19,0.530001,3.4891,up,2026-08-18T12:30:00-04:00
2026-08-18T11:46:22.294595-05:00,2026-08-18T16:46:22.294595+00:00,^TNX,US 10Y,Tasa,4.712,4.724,-0.012,-0.254,down,2026-08-18T12:20:00-04:00
2026-08-18T11:46:22.294595-05:00,2026-08-18T16:46:22.294595+00:00,GC=F,Oro,Commodity,4420.299805,4417.799805,2.5,0.0566,up,2026-08-18T12:30:00-04:00
2026-08-18T11:46:22.294595-05:00,2026-08-18T16:46:22.294595+00:00,CL=F,WTI,Commodity,84.5,84.5,0.0,0.0,flat,2026-08-18T12:30:00-04:00
2026-08-18T11:46:22.294595-05:00,2026-08-18T16:46:22.294595+00:00,HG=F,Cobre,Commodity,6.4965,6.604,-0.1075,-1.6278,down,2026-08-18T12:30:00-04:00
2026-08-18T11:46:22.294595-05:00,2026-08-18T16:46:22.294595+00:00,BTC-USD,Bitcoin,Crypto,64754.691406,64506.253906,248.4375,0.3851,up,2026-08-18T12:45:00-04:00
2026-08-18T12:40:14.858824-05:00,2026-08-18T17:40:14.858824+00:00,USDPEN=X,USD/PEN,FX,3.3589,3.29971,0.05919,1.7938,up,2026-08-18T13:30:00-04:00
2026-08-18T12:40:14.858824-05:00,2026-08-18T17:40:14.858824+00:00,EURUSD=X,EUR/USD,FX,1.157943,1.157394,0.000549,0.0475,up,2026-08-18T13:30:00-04:00
2026-08-18T12:40:14.858824-05:00,2026-08-18T17:40:14.858824+00:00,DX-Y.NYB,DXY,Dólar,99.644997,99.639999,0.004997,0.005,up,2026-08-18T00:00:00
2026-08-18T12:40:14.858824-05:00,2026-08-18T17:40:14.858824+00:00,^GSPC,S&P 500,Índice,7703.080078,7745.060059,-41.97998,-0.542,down,2026-08-18T13:30:00-04:00
2026-08-18T12:40:14.858824-05:00,2026-08-18T17:40:14.858824+00:00,^IXIC,Nasdaq,Índice,26337.408203,26644.910156,-307.501953,-1.1541,down,2026-08-18T13:30:00-04:00
2026-08-18T12:40:14.858824-05:00,2026-08-18T17:40:14.858824+00:00,^DJI,Dow Jones,Índice,53375.089844,53459.78125,-84.691406,-0.1584,down,2026-08-18T13:30:00-04:00
2026-08-18T12:40:14.858824-05:00,2026-08-18T17:40:14.858824+00:00,^VIX,VIX,Volatilidad,15.7,15.19,0.51,3.3575,up,2026-08-18T13:15:00-04:00
2026-08-18T12:40:14.858824-05:00,2026-08-18T17:40:14.858824+00:00,^TNX,US 10Y,Tasa,4.71,4.724,-0.014,-0.2964,down,2026-08-18T13:20:00-04:00
2026-08-18T12:40:14.858824-05:00,2026-08-18T17:40:14.858824+00:00,GC=F,Oro,Commodity,4419.799805,4417.799805,2.0,0.0453,up,2026-08-18T13:30:00-04:00
2026-08-18T12:40:14.858824-05:00,2026-08-18T17:40:14.858824+00:00,CL=F,WTI,Commodity,84.260002,84.5,-0.239998,-0.284,down,2026-08-18T13:30:00-04:00
2026-08-18T12:40:14.858824-05:00,2026-08-18T17:40:14.858824+00:00,HG=F,Cobre,Commodity,6.4845,6.604,-0.1195,-1.8095,down,2026-08-18T13:30:00-04:00
2026-08-18T12:40:14.858824-05:00,2026-08-18T17:40:14.858824+00:00,BTC-USD,Bitcoin,Crypto,64724.878906,64506.253906,218.625,0.3389,up,2026-08-18T13:30:00-04:00
2026-08-18T13:54:05.840029-05:00,2026-08-18T18:54:05.840029+00:00,USDPEN=X,USD/PEN,FX,3.3646,3.29971,0.06489,1.9665,up,2026-08-18T14:45:00-04:00
2026-08-18T13:54:05.840029-05:00,2026-08-18T18:54:05.840029+00:00,EURUSD=X,EUR/USD,FX,1.157809,1.157394,0.000415,0.0359,up,2026-08-18T14:45:00-04:00
2026-08-18T13:54:05.840029-05:00,2026-08-18T18:54:05.840029+00:00,DX-Y.NYB,DXY,Dólar,99.667999,99.639999,0.028,0.0281,up,2026-08-18T14:30:00-04:00
2026-08-18T13:54:05.840029-05:00,2026-08-18T18:54:05.840029+00:00,^GSPC,S&P 500,Índice,7698.580078,7745.060059,-46.47998,-0.6001,down,2026-08-18T14:45:00-04:00
2026-08-18T13:54:05.840029-05:00,2026-08-18T18:54:05.840029+00:00,^IXIC,Nasdaq,Índice,26297.664062,26644.910156,-347.246094,-1.3032,down,2026-08-18T14:45:00-04:00
2026-08-18T13:54:05.840029-05:00,2026-08-18T18:54:05.840029+00:00,^DJI,Dow Jones,Índice,53394.089844,53459.78125,-65.691406,-0.1229,down,2026-08-18T14:45:00-04:00
2026-08-18T13:54:05.840029-05:00,2026-08-18T18:54:05.840029+00:00,^VIX,VIX,Volatilidad,15.63,15.19,0.440001,2.8966,up,2026-08-18T14:30:00-04:00
2026-08-18T13:54:05.840029-05:00,2026-08-18T18:54:05.840029+00:00,^TNX,US 10Y,Tasa,4.706,4.724,-0.018,-0.381,down,2026-08-18T14:35:00-04:00
2026-08-18T13:54:05.840029-05:00,2026-08-18T18:54:05.840029+00:00,GC=F,Oro,Commodity,4410.299805,4417.799805,-7.5,-0.1698,down,2026-08-18T14:30:00-04:00
2026-08-18T13:54:05.840029-05:00,2026-08-18T18:54:05.840029+00:00,CL=F,WTI,Commodity,84.089996,84.5,-0.410004,-0.4852,down,2026-08-18T14:30:00-04:00
2026-08-18T13:54:05.840029-05:00,2026-08-18T18:54:05.840029+00:00,HG=F,Cobre,Commodity,6.4745,6.604,-0.1295,-1.9609,down,2026-08-18T14:30:00-04:00
2026-08-18T13:54:05.840029-05:00,2026-08-18T18:54:05.840029+00:00,BTC-USD,Bitcoin,Crypto,64742.839844,64506.253906,236.585938,0.3668,up,2026-08-18T14:45:00-04:00
2026-08-18T14:37:58.787125-05:00,2026-08-18T19:37:58.787125+00:00,USDPEN=X,USD/PEN,FX,3.3656,3.29971,0.06589,1.9968,up,2026-08-18T15:30:00-04:00
2026-08-18T14:37:58.787125-05:00,2026-08-18T19:37:58.787125+00:00,EURUSD=X,EUR/USD,FX,1.158212,1.157394,0.000818,0.0706,up,2026-08-18T15:30:00-04:00
2026-08-18T14:37:58.787125-05:00,2026-08-18T19:37:58.787125+00:00,DX-Y.NYB,DXY,Dólar,99.646004,99.639999,0.006004,0.006,up,2026-08-18T15:15:00-04:00
2026-08-18T14:37:58.787125-05:00,2026-08-18T19:37:58.787125+00:00,^GSPC,S&P 500,Índice,7699.609863,7745.060059,-45.450195,-0.5868,down,2026-08-18T15:30:00-04:00
2026-08-18T14:37:58.787125-05:00,2026-08-18T19:37:58.787125+00:00,^IXIC,Nasdaq,Índice,26306.376953,26644.910156,-338.533203,-1.2705,down,2026-08-18T15:30:00-04:00
2026-08-18T14:37:58.787125-05:00,2026-08-18T19:37:58.787125+00:00,^DJI,Dow Jones,Índice,53396.480469,53459.78125,-63.300781,-0.1184,down,2026-08-18T15:30:00-04:00
2026-08-18T14:37:58.787125-05:00,2026-08-18T19:37:58.787125+00:00,^VIX,VIX,Volatilidad,15.64,15.19,0.450001,2.9625,up,2026-08-18T15:15:00-04:00
2026-08-18T14:37:58.787125-05:00,2026-08-18T19:37:58.787125+00:00,^TNX,US 10Y,Tasa,4.706,4.724,-0.018,-0.381,down,2026-08-18T14:50:00-04:00
2026-08-18T14:37:58.787125-05:00,2026-08-18T19:37:58.787125+00:00,GC=F,Oro,Commodity,4409.200195,4417.799805,-8.599609,-0.1947,down,2026-08-18T15:15:00-04:00
2026-08-18T14:37:58.787125-05:00,2026-08-18T19:37:58.787125+00:00,CL=F,WTI,Commodity,84.089996,84.5,-0.410004,-0.4852,down,2026-08-18T15:15:00-04:00
2026-08-18T14:37:58.787125-05:00,2026-08-18T19:37:58.787125+00:00,HG=F,Cobre,Commodity,6.4775,6.604,-0.1265,-1.9155,down,2026-08-18T15:15:00-04:00
2026-08-18T14:37:58.787125-05:00,2026-08-18T19:37:58.787125+00:00,BTC-USD,Bitcoin,Crypto,64683.359375,64506.253906,177.105469,0.2746,up,2026-08-18T15:30:00-04:00
2026-08-18T15:37:51.182829-05:00,2026-08-18T20:37:51.182829+00:00,USDPEN=X,USD/PEN,FX,3.3654,3.29971,0.06569,1.9908,up,2026-08-18T16:30:00-04:00
2026-08-18T15:37:51.182829-05:00,2026-08-18T20:37:51.182829+00:00,EURUSD=X,EUR/USD,FX,1.157809,1.157394,0.000415,0.0359,up,2026-08-18T16:30:00-04:00
2026-08-18T15:37:51.182829-05:00,2026-08-18T20:37:51.182829+00:00,DX-Y.NYB,DXY,Dólar,99.675003,99.639999,0.035004,0.0351,up,2026-08-18T16:15:00-04:00
2026-08-18T15:37:51.182829-05:00,2026-08-18T20:37:51.182829+00:00,^GSPC,S&P 500,Índice,7693.259766,7745.060059,-51.800293,-0.6688,down,2026-08-18T15:45:00-04:00
2026-08-18T15:37:51.182829-05:00,2026-08-18T20:37:51.182829+00:00,^IXIC,Nasdaq,Índice,26289.476562,26644.910156,-355.433594,-1.334,down,2026-08-18T15:45:00-04:00
2026-08-18T15:37:51.182829-05:00,2026-08-18T20:37:51.182829+00:00,^DJI,Dow Jones,Índice,53346.601562,53459.78125,-113.179688,-0.2117,down,2026-08-18T15:45:00-04:00
2026-08-18T15:37:51.182829-05:00,2026-08-18T20:37:51.182829+00:00,^VIX,VIX,Volatilidad,15.84,15.19,0.650001,4.2791,up,2026-08-18T16:00:00-04:00
2026-08-18T15:37:51.182829-05:00,2026-08-18T20:37:51.182829+00:00,^TNX,US 10Y,Tasa,4.706,4.724,-0.018,-0.381,down,2026-08-18T14:50:00-04:00
2026-08-18T15:37:51.182829-05:00,2026-08-18T20:37:51.182829+00:00,GC=F,Oro,Commodity,4392.0,4417.799805,-25.799805,-0.584,down,2026-08-18T16:15:00-04:00
2026-08-18T15:37:51.182829-05:00,2026-08-18T20:37:51.182829+00:00,CL=F,WTI,Commodity,84.260002,84.5,-0.239998,-0.284,down,2026-08-18T16:15:00-04:00
2026-08-18T15:37:51.182829-05:00,2026-08-18T20:37:51.182829+00:00,HG=F,Cobre,Commodity,6.4625,6.604,-0.1415,-2.1426,down,2026-08-18T16:15:00-04:00
2026-08-18T15:37:51.182829-05:00,2026-08-18T20:37:51.182829+00:00,BTC-USD,Bitcoin,Crypto,64593.78125,64506.253906,87.527344,0.1357,up,2026-08-18T16:30:00-04:00
2026-08-18T16:35:50.835276-05:00,2026-08-18T21:35:50.835276+00:00,USDPEN=X,USD/PEN,FX,3.3654,3.29971,0.06569,1.9908,up,2026-08-18T17:15:00-04:00
2026-08-18T16:35:50.835276-05:00,2026-08-18T21:35:50.835276+00:00,EURUSD=X,EUR/USD,FX,1.158212,1.157394,0.000818,0.0706,up,2026-08-18T17:30:00-04:00
2026-08-18T16:35:50.835276-05:00,2026-08-18T21:35:50.835276+00:00,DX-Y.NYB,DXY,Dólar,99.638,99.639999,-0.001999,-0.002,down,2026-08-18T17:15:00-04:00
2026-08-18T16:35:50.835276-05:00,2026-08-18T21:35:50.835276+00:00,^GSPC,S&P 500,Índice,7693.259766,7745.060059,-51.800293,-0.6688,down,2026-08-18T15:45:00-04:00
2026-08-18T16:35:50.835276-05:00,2026-08-18T21:35:50.835276+00:00,^IXIC,Nasdaq,Índice,26289.476562,26644.910156,-355.433594,-1.334,down,2026-08-18T15:45:00-04:00
2026-08-18T16:35:50.835276-05:00,2026-08-18T21:35:50.835276+00:00,^DJI,Dow Jones,Índice,53346.601562,53459.78125,-113.179688,-0.2117,down,2026-08-18T15:45:00-04:00
2026-08-18T16:35:50.835276-05:00,2026-08-18T21:35:50.835276+00:00,^VIX,VIX,Volatilidad,15.84,15.19,0.650001,4.2791,up,2026-08-18T16:00:00-04:00
2026-08-18T16:35:50.835276-05:00,2026-08-18T21:35:50.835276+00:00,^TNX,US 10Y,Tasa,4.706,4.724,-0.018,-0.381,down,2026-08-18T14:50:00-04:00
2026-08-18T16:35:50.835276-05:00,2026-08-18T21:35:50.835276+00:00,GC=F,Oro,Commodity,4389.5,4417.799805,-28.299805,-0.6406,down,2026-08-18T00:00:00
2026-08-18T16:35:50.835276-05:00,2026-08-18T21:35:50.835276+00:00,CL=F,WTI,Commodity,84.419998,84.5,-0.080002,-0.0947,down,2026-08-18T16:45:00-04:00
2026-08-18T16:35:50.835276-05:00,2026-08-18T21:35:50.835276+00:00,HG=F,Cobre,Commodity,6.456,6.604,-0.148,-2.2411,down,2026-08-18T16:45:00-04:00
2026-08-18T16:35:50.835276-05:00,2026-08-18T21:35:50.835276+00:00,BTC-USD,Bitcoin,Crypto,64562.550781,64506.253906,56.296875,0.0873,up,2026-08-18T17:30:00-04:00
2026-08-18T17:39:01.590600-05:00,2026-08-18T22:39:01.590600+00:00,USDPEN=X,USD/PEN,FX,3.3654,3.29971,0.06569,1.9908,up,2026-08-18T17:15:00-04:00
2026-08-18T17:39:01.590600-05:00,2026-08-18T22:39:01.590600+00:00,EURUSD=X,EUR/USD,FX,1.157809,1.157394,0.000415,0.0359,up,2026-08-18T18:30:00-04:00
2026-08-18T17:39:01.590600-05:00,2026-08-18T22:39:01.590600+00:00,DX-Y.NYB,DXY,Dólar,99.643997,99.639999,0.003998,0.004,up,2026-08-18T18:00:00-04:00
2026-08-18T17:39:01.590600-05:00,2026-08-18T22:39:01.590600+00:00,^GSPC,S&P 500,Índice,7693.259766,7745.060059,-51.800293,-0.6688,down,2026-08-18T15:45:00-04:00
2026-08-18T17:39:01.590600-05:00,2026-08-18T22:39:01.590600+00:00,^IXIC,Nasdaq,Índice,26289.476562,26644.910156,-355.433594,-1.334,down,2026-08-18T15:45:00-04:00
2026-08-18T17:39:01.590600-05:00,2026-08-18T22:39:01.590600+00:00,^DJI,Dow Jones,Índice,53343.398438,53459.78125,-116.382812,-0.2177,down,2026-08-18T00:00:00
2026-08-18T17:39:01.590600-05:00,2026-08-18T22:39:01.590600+00:00,^VIX,VIX,Volatilidad,15.84,15.19,0.650001,4.2791,up,2026-08-18T16:00:00-04:00
2026-08-18T17:39:01.590600-05:00,2026-08-18T22:39:01.590600+00:00,^TNX,US 10Y,Tasa,4.706,4.724,-0.018,-0.381,down,2026-08-18T14:50:00-04:00
2026-08-18T17:39:01.590600-05:00,2026-08-18T22:39:01.590600+00:00,GC=F,Oro,Commodity,4389.0,4417.799805,-28.799805,-0.6519,down,2026-08-18T18:15:00-04:00
2026-08-18T17:39:01.590600-05:00,2026-08-18T22:39:01.590600+00:00,CL=F,WTI,Commodity,84.440002,84.5,-0.059998,-0.071,down,2026-08-18T18:15:00-04:00
2026-08-18T17:39:01.590600-05:00,2026-08-18T22:39:01.590600+00:00,HG=F,Cobre,Commodity,6.45,6.604,-0.154,-2.3319,down,2026-08-18T18:15:00-04:00
2026-08-18T17:39:01.590600-05:00,2026-08-18T22:39:01.590600+00:00,BTC-USD,Bitcoin,Crypto,64585.390625,64506.253906,79.136719,0.1227,up,2026-08-18T18:30:00-04:00
2026-08-18T18:33:42.837166-05:00,2026-08-18T23:33:42.837166+00:00,USDPEN=X,USD/PEN,FX,3.3654,3.297364,0.068036,2.0633,up,2026-08-18T19:00:00-04:00
2026-08-18T18:33:42.837166-05:00,2026-08-18T23:33:42.837166+00:00,EURUSD=X,EUR/USD,FX,1.157943,1.158279,-0.000335,-0.029,down,2026-08-18T19:30:00-04:00
2026-08-18T18:33:42.837166-05:00,2026-08-18T23:33:42.837166+00:00,DX-Y.NYB,DXY,Dólar,99.643997,99.639999,0.003998,0.004,up,2026-08-18T18:00:00-04:00
2026-08-18T18:33:42.837166-05:00,2026-08-18T23:33:42.837166+00:00,^GSPC,S&P 500,Índice,7693.259766,7745.060059,-51.800293,-0.6688,down,2026-08-18T15:45:00-04:00
2026-08-18T18:33:42.837166-05:00,2026-08-18T23:33:42.837166+00:00,^IXIC,Nasdaq,Índice,26289.476562,26644.910156,-355.433594,-1.334,down,2026-08-18T15:45:00-04:00
2026-08-18T18:33:42.837166-05:00,2026-08-18T23:33:42.837166+00:00,^DJI,Dow Jones,Índice,53346.601562,53459.78125,-113.179688,-0.2117,down,2026-08-18T15:45:00-04:00
2026-08-18T18:33:42.837166-05:00,2026-08-18T23:33:42.837166+00:00,^VIX,VIX,Volatilidad,15.84,15.19,0.650001,4.2791,up,2026-08-18T16:00:00-04:00
2026-08-18T18:33:42.837166-05:00,2026-08-18T23:33:42.837166+00:00,^TNX,US 10Y,Tasa,4.706,4.724,-0.018,-0.381,down,2026-08-18T14:50:00-04:00
2026-08-18T18:33:42.837166-05:00,2026-08-18T23:33:42.837166+00:00,GC=F,Oro,Commodity,4385.100098,4417.799805,-32.699707,-0.7402,down,2026-08-18T19:15:00-04:00
2026-08-18T18:33:42.837166-05:00,2026-08-18T23:33:42.837166+00:00,CL=F,WTI,Commodity,84.510002,84.5,0.010002,0.0118,up,2026-08-18T19:15:00-04:00
2026-08-18T18:33:42.837166-05:00,2026-08-18T23:33:42.837166+00:00,HG=F,Cobre,Commodity,6.4475,6.604,-0.1565,-2.3698,down,2026-08-18T19:15:00-04:00
2026-08-18T18:33:42.837166-05:00,2026-08-18T23:33:42.837166+00:00,BTC-USD,Bitcoin,Crypto,64696.058594,64506.253906,189.804688,0.2942,up,2026-08-18T19:30:00-04:00
2026-08-19T08:06:18.999367-05:00,2026-08-19T13:06:18.999367+00:00,USDPEN=X,USD/PEN,FX,3.3658,3.297364,0.068436,2.0755,up,2026-08-19T09:00:00-04:00
2026-08-19T08:06:18.999367-05:00,2026-08-19T13:06:18.999367+00:00,EURUSD=X,EUR/USD,FX,1.164551,1.158279,0.006272,0.5415,up,2026-08-19T09:00:00-04:00
2026-08-19T08:06:18.999367-05:00,2026-08-19T13:06:18.999367+00:00,DX-Y.NYB,DXY,Dólar,99.089996,99.650002,-0.560005,-0.562,down,2026-08-19T08:45:00-04:00
2026-08-19T08:06:18.999367-05:00,2026-08-19T13:06:18.999367+00:00,^GSPC,S&P 500,Índice,7693.259766,7745.060059,-51.800293,-0.6688,down,2026-08-18T15:45:00-04:00
2026-08-19T08:06:18.999367-05:00,2026-08-19T13:06:18.999367+00:00,^IXIC,Nasdaq,Índice,26289.476562,26644.910156,-355.433594,-1.334,down,2026-08-18T15:45:00-04:00
2026-08-19T08:06:18.999367-05:00,2026-08-19T13:06:18.999367+00:00,^DJI,Dow Jones,Índice,53346.601562,53459.78125,-113.179688,-0.2117,down,2026-08-18T15:45:00-04:00
2026-08-19T08:06:18.999367-05:00,2026-08-19T13:06:18.999367+00:00,^VIX,VIX,Volatilidad,15.39,15.84,-0.45,-2.8409,down,2026-08-19T08:45:00-04:00
2026-08-19T08:06:18.999367-05:00,2026-08-19T13:06:18.999367+00:00,^TNX,US 10Y,Tasa,4.651,4.706,-0.055,-1.1687,down,2026-08-19T08:50:00-04:00
2026-08-19T08:06:18.999367-05:00,2026-08-19T13:06:18.999367+00:00,GC=F,Oro,Commodity,4485.799805,4366.0,119.799805,2.7439,up,2026-08-19T08:45:00-04:00
2026-08-19T08:06:18.999367-05:00,2026-08-19T13:06:18.999367+00:00,CL=F,WTI,Commodity,83.699997,84.940002,-1.240005,-1.4599,down,2026-08-19T08:45:00-04:00
2026-08-19T08:06:18.999367-05:00,2026-08-19T13:06:18.999367+00:00,HG=F,Cobre,Commodity,6.455,6.4825,-0.0275,-0.4242,down,2026-08-19T08:45:00-04:00
2026-08-19T08:06:18.999367-05:00,2026-08-19T13:06:18.999367+00:00,BTC-USD,Bitcoin,Crypto,64744.539062,64680.710938,63.828125,0.0987,up,2026-08-19T09:00:00-04:00
2026-08-19T08:55:21.614034-05:00,2026-08-19T13:55:21.614034+00:00,USDPEN=X,USD/PEN,FX,3.3658,3.297364,0.068436,2.0755,up,2026-08-19T09:30:00-04:00
2026-08-19T08:55:21.614034-05:00,2026-08-19T13:55:21.614034+00:00,EURUSD=X,EUR/USD,FX,1.166045,1.158279,0.007766,0.6705,up,2026-08-19T09:45:00-04:00
2026-08-19T08:55:21.614034-05:00,2026-08-19T13:55:21.614034+00:00,DX-Y.NYB,DXY,Dólar,98.970001,99.650002,-0.68,-0.6824,down,2026-08-19T09:45:00-04:00
2026-08-19T08:55:21.614034-05:00,2026-08-19T13:55:21.614034+00:00,^GSPC,S&P 500,Índice,7714.720215,7691.759766,22.960449,0.2985,up,2026-08-19T09:45:00-04:00
2026-08-19T08:55:21.614034-05:00,2026-08-19T13:55:21.614034+00:00,^IXIC,Nasdaq,Índice,26238.738281,26289.710938,-50.972656,-0.1939,down,2026-08-19T09:45:00-04:00
2026-08-19T08:55:21.614034-05:00,2026-08-19T13:55:21.614034+00:00,^DJI,Dow Jones,Índice,53553.789062,53343.398438,210.390625,0.3944,up,2026-08-19T09:45:00-04:00
2026-08-19T08:55:21.614034-05:00,2026-08-19T13:55:21.614034+00:00,^VIX,VIX,Volatilidad,15.42,15.84,-0.42,-2.6515,down,2026-08-19T09:30:00-04:00
2026-08-19T08:55:21.614034-05:00,2026-08-19T13:55:21.614034+00:00,^TNX,US 10Y,Tasa,4.647,4.706,-0.059,-1.2537,down,2026-08-19T09:35:00-04:00
2026-08-19T08:55:21.614034-05:00,2026-08-19T13:55:21.614034+00:00,GC=F,Oro,Commodity,4518.299805,4366.0,152.299805,3.4883,up,2026-08-19T09:45:00-04:00
2026-08-19T08:55:21.614034-05:00,2026-08-19T13:55:21.614034+00:00,CL=F,WTI,Commodity,84.5,84.940002,-0.440002,-0.518,down,2026-08-19T09:45:00-04:00
2026-08-19T08:55:21.614034-05:00,2026-08-19T13:55:21.614034+00:00,HG=F,Cobre,Commodity,6.4715,6.4825,-0.011,-0.1697,down,2026-08-19T09:45:00-04:00
2026-08-19T08:55:21.614034-05:00,2026-08-19T13:55:21.614034+00:00,BTC-USD,Bitcoin,Crypto,64978.980469,64680.710938,298.269531,0.4611,up,2026-08-19T09:45:00-04:00
2026-08-19T09:51:05.272229-05:00,2026-08-19T14:51:05.272229+00:00,USDPEN=X,USD/PEN,FX,3.3564,3.297364,0.059036,1.7904,up,2026-08-19T10:45:00-04:00
2026-08-19T09:51:05.272229-05:00,2026-08-19T14:51:05.272229+00:00,EURUSD=X,EUR/USD,FX,1.166725,1.158279,0.008446,0.7292,up,2026-08-19T10:45:00-04:00
2026-08-19T09:51:05.272229-05:00,2026-08-19T14:51:05.272229+00:00,DX-Y.NYB,DXY,Dólar,98.797997,99.650002,-0.852005,-0.855,down,2026-08-19T10:30:00-04:00
2026-08-19T09:51:05.272229-05:00,2026-08-19T14:51:05.272229+00:00,^GSPC,S&P 500,Índice,7728.799805,7691.759766,37.040039,0.4816,up,2026-08-19T10:45:00-04:00
2026-08-19T09:51:05.272229-05:00,2026-08-19T14:51:05.272229+00:00,^IXIC,Nasdaq,Índice,26346.033203,26289.710938,56.322266,0.2142,up,2026-08-19T10:45:00-04:00
2026-08-19T09:51:05.272229-05:00,2026-08-19T14:51:05.272229+00:00,^DJI,Dow Jones,Índice,53600.761719,53343.398438,257.363281,0.4825,up,2026-08-19T10:45:00-04:00
2026-08-19T09:51:05.272229-05:00,2026-08-19T14:51:05.272229+00:00,^VIX,VIX,Volatilidad,15.23,15.84,-0.610001,-3.851,down,2026-08-19T10:30:00-04:00
2026-08-19T09:51:05.272229-05:00,2026-08-19T14:51:05.272229+00:00,^TNX,US 10Y,Tasa,4.643,4.706,-0.063,-1.3387,down,2026-08-19T10:35:00-04:00
2026-08-19T09:51:05.272229-05:00,2026-08-19T14:51:05.272229+00:00,GC=F,Oro,Commodity,4548.700195,4366.0,182.700195,4.1846,up,2026-08-19T10:30:00-04:00
2026-08-19T09:51:05.272229-05:00,2026-08-19T14:51:05.272229+00:00,CL=F,WTI,Commodity,84.870003,84.940002,-0.07,-0.0824,down,2026-08-19T10:30:00-04:00
2026-08-19T09:51:05.272229-05:00,2026-08-19T14:51:05.272229+00:00,HG=F,Cobre,Commodity,6.4855,6.4825,0.003,0.0463,up,2026-08-19T10:30:00-04:00
2026-08-19T09:51:05.272229-05:00,2026-08-19T14:51:05.272229+00:00,BTC-USD,Bitcoin,Crypto,65569.710938,64680.710938,889.0,1.3744,up,2026-08-19T10:45:00-04:00
2026-08-19T10:44:03.830109-05:00,2026-08-19T15:44:03.830109+00:00,USDPEN=X,USD/PEN,FX,3.3645,3.297364,0.067136,2.0361,up,2026-08-19T11:30:00-04:00
2026-08-19T10:44:03.830109-05:00,2026-08-19T15:44:03.830109+00:00,EURUSD=X,EUR/USD,FX,1.166997,1.158279,0.008718,0.7527,up,2026-08-19T11:30:00-04:00
2026-08-19T10:44:03.830109-05:00,2026-08-19T15:44:03.830109+00:00,DX-Y.NYB,DXY,Dólar,98.917,99.650002,-0.733002,-0.7356,down,2026-08-19T11:30:00-04:00
2026-08-19T10:44:03.830109-05:00,2026-08-19T15:44:03.830109+00:00,^GSPC,S&P 500,Índice,7723.029785,7691.759766,31.27002,0.4065,up,2026-08-19T11:30:00-04:00
2026-08-19T10:44:03.830109-05:00,2026-08-19T15:44:03.830109+00:00,^IXIC,Nasdaq,Índice,26372.130859,26289.710938,82.419922,0.3135,up,2026-08-19T11:30:00-04:00
2026-08-19T10:44:03.830109-05:00,2026-08-19T15:44:03.830109+00:00,^DJI,Dow Jones,Índice,53500.128906,53343.398438,156.730469,0.2938,up,2026-08-19T11:30:00-04:00
2026-08-19T10:44:03.830109-05:00,2026-08-19T15:44:03.830109+00:00,^VIX,VIX,Volatilidad,15.18,15.84,-0.66,-4.1667,down,2026-08-19T11:15:00-04:00
2026-08-19T10:44:03.830109-05:00,2026-08-19T15:44:03.830109+00:00,^TNX,US 10Y,Tasa,4.662,4.706,-0.044,-0.935,down,2026-08-19T11:20:00-04:00
2026-08-19T10:44:03.830109-05:00,2026-08-19T15:44:03.830109+00:00,GC=F,Oro,Commodity,4544.0,4366.0,178.0,4.077,up,2026-08-19T11:30:00-04:00
2026-08-19T10:44:03.830109-05:00,2026-08-19T15:44:03.830109+00:00,CL=F,WTI,Commodity,85.32,84.940002,0.379997,0.4474,up,2026-08-19T11:30:00-04:00
2026-08-19T10:44:03.830109-05:00,2026-08-19T15:44:03.830109+00:00,HG=F,Cobre,Commodity,6.4875,6.4825,0.005,0.0771,up,2026-08-19T11:30:00-04:00
2026-08-19T10:44:03.830109-05:00,2026-08-19T15:44:03.830109+00:00,BTC-USD,Bitcoin,Crypto,68544.15625,64680.710938,3863.445312,5.9731,up,2026-08-19T11:30:00-04:00
2026-08-19T11:44:30.438105-05:00,2026-08-19T16:44:30.438105+00:00,USDPEN=X,USD/PEN,FX,3.3658,3.297364,0.068436,2.0755,up,2026-08-19T12:30:00-04:00
2026-08-19T11:44:30.438105-05:00,2026-08-19T16:44:30.438105+00:00,EURUSD=X,EUR/USD,FX,1.16727,1.158279,0.008991,0.7762,up,2026-08-19T12:30:00-04:00
2026-08-19T11:44:30.438105-05:00,2026-08-19T16:44:30.438105+00:00,DX-Y.NYB,DXY,Dólar,98.858002,99.650002,-0.792,-0.7948,down,2026-08-19T12:30:00-04:00
2026-08-19T11:44:30.438105-05:00,2026-08-19T16:44:30.438105+00:00,^GSPC,S&P 500,Índice,7724.109863,7691.759766,32.350098,0.4206,up,2026-08-19T12:30:00-04:00
2026-08-19T11:44:30.438105-05:00,2026-08-19T16:44:30.438105+00:00,^IXIC,Nasdaq,Índice,26394.431641,26289.710938,104.720703,0.3983,up,2026-08-19T12:30:00-04:00
2026-08-19T11:44:30.438105-05:00,2026-08-19T16:44:30.438105+00:00,^DJI,Dow Jones,Índice,53457.019531,53343.398438,113.621094,0.213,up,2026-08-19T12:30:00-04:00
2026-08-19T11:44:30.438105-05:00,2026-08-19T16:44:30.438105+00:00,^VIX,VIX,Volatilidad,15.15,15.84,-0.690001,-4.3561,down,2026-08-19T12:15:00-04:00
2026-08-19T11:44:30.438105-05:00,2026-08-19T16:44:30.438105+00:00,^TNX,US 10Y,Tasa,4.662,4.706,-0.044,-0.935,down,2026-08-19T12:20:00-04:00
2026-08-19T11:44:30.438105-05:00,2026-08-19T16:44:30.438105+00:00,GC=F,Oro,Commodity,4551.899902,4366.0,185.899902,4.2579,up,2026-08-19T12:30:00-04:00
2026-08-19T11:44:30.438105-05:00,2026-08-19T16:44:30.438105+00:00,CL=F,WTI,Commodity,85.419998,84.940002,0.479996,0.5651,up,2026-08-19T12:30:00-04:00
2026-08-19T11:44:30.438105-05:00,2026-08-19T16:44:30.438105+00:00,HG=F,Cobre,Commodity,6.4935,6.4825,0.011,0.1697,up,2026-08-19T12:30:00-04:00
2026-08-19T11:44:30.438105-05:00,2026-08-19T16:44:30.438105+00:00,BTC-USD,Bitcoin,Crypto,68577.757812,64680.710938,3897.046875,6.0251,up,2026-08-19T12:30:00-04:00
2026-08-19T12:37:17.519764-05:00,2026-08-19T17:37:17.519764+00:00,USDPEN=X,USD/PEN,FX,3.3573,3.297364,0.059936,1.8177,up,2026-08-19T13:30:00-04:00
2026-08-19T12:37:17.519764-05:00,2026-08-19T17:37:17.519764+00:00,EURUSD=X,EUR/USD,FX,1.166453,1.158279,0.008174,0.7057,up,2026-08-19T13:30:00-04:00
2026-08-19T12:37:17.519764-05:00,2026-08-19T17:37:17.519764+00:00,DX-Y.NYB,DXY,Dólar,98.926003,99.650002,-0.723999,-0.7265,down,2026-08-19T13:15:00-04:00
2026-08-19T12:37:17.519764-05:00,2026-08-19T17:37:17.519764+00:00,^GSPC,S&P 500,Índice,7713.470215,7691.759766,21.710449,0.2823,up,2026-08-19T00:00:00
2026-08-19T12:37:17.519764-05:00,2026-08-19T17:37:17.519764+00:00,^IXIC,Nasdaq,Índice,26331.251953,26289.710938,41.541016,0.158,up,2026-08-19T13:30:00-04:00
2026-08-19T12:37:17.519764-05:00,2026-08-19T17:37:17.519764+00:00,^DJI,Dow Jones,Índice,53457.980469,53343.398438,114.582031,0.2148,up,2026-08-19T13:30:00-04:00
2026-08-19T12:37:17.519764-05:00,2026-08-19T17:37:17.519764+00:00,^VIX,VIX,Volatilidad,15.25,15.84,-0.59,-3.7247,down,2026-08-19T13:15:00-04:00
2026-08-19T12:37:17.519764-05:00,2026-08-19T17:37:17.519764+00:00,^TNX,US 10Y,Tasa,4.672,4.706,-0.034,-0.7225,down,2026-08-19T13:20:00-04:00
2026-08-19T12:37:17.519764-05:00,2026-08-19T17:37:17.519764+00:00,GC=F,Oro,Commodity,4546.100098,4366.0,180.100098,4.1251,up,2026-08-19T13:15:00-04:00
2026-08-19T12:37:17.519764-05:00,2026-08-19T17:37:17.519764+00:00,CL=F,WTI,Commodity,85.349998,84.940002,0.409996,0.4827,up,2026-08-19T13:15:00-04:00
2026-08-19T12:37:17.519764-05:00,2026-08-19T17:37:17.519764+00:00,HG=F,Cobre,Commodity,6.494,6.4825,0.0115,0.1774,up,2026-08-19T13:15:00-04:00
2026-08-19T12:37:17.519764-05:00,2026-08-19T17:37:17.519764+00:00,BTC-USD,Bitcoin,Crypto,68000.007812,64680.710938,3319.296875,5.1318,up,2026-08-19T13:30:00-04:00
2026-08-19T13:51:05.763883-05:00,2026-08-19T18:51:05.763883+00:00,USDPEN=X,USD/PEN,FX,3.3648,3.297364,0.067436,2.0451,up,2026-08-19T14:45:00-04:00
2026-08-19T13:51:05.763883-05:00,2026-08-19T18:51:05.763883+00:00,EURUSD=X,EUR/USD,FX,1.167679,1.158279,0.0094,0.8115,up,2026-08-19T14:45:00-04:00
2026-08-19T13:51:05.763883-05:00,2026-08-19T18:51:05.763883+00:00,DX-Y.NYB,DXY,Dólar,98.838997,99.650002,-0.811005,-0.8139,down,2026-08-19T14:30:00-04:00
2026-08-19T13:51:05.763883-05:00,2026-08-19T18:51:05.763883+00:00,^GSPC,S&P 500,Índice,7717.759766,7691.759766,26.0,0.338,up,2026-08-19T14:45:00-04:00
2026-08-19T13:51:05.763883-05:00,2026-08-19T18:51:05.763883+00:00,^IXIC,Nasdaq,Índice,26350.035156,26289.710938,60.324219,0.2295,up,2026-08-19T14:45:00-04:00
2026-08-19T13:51:05.763883-05:00,2026-08-19T18:51:05.763883+00:00,^DJI,Dow Jones,Índice,53471.761719,53343.398438,128.363281,0.2406,up,2026-08-19T14:45:00-04:00
2026-08-19T13:51:05.763883-05:00,2026-08-19T18:51:05.763883+00:00,^VIX,VIX,Volatilidad,15.06,15.84,-0.78,-4.9242,down,2026-08-19T14:30:00-04:00
2026-08-19T13:51:05.763883-05:00,2026-08-19T18:51:05.763883+00:00,^TNX,US 10Y,Tasa,4.654,4.706,-0.052,-1.105,down,2026-08-19T14:35:00-04:00
2026-08-19T13:51:05.763883-05:00,2026-08-19T18:51:05.763883+00:00,GC=F,Oro,Commodity,4545.299805,4366.0,179.299805,4.1067,up,2026-08-19T14:30:00-04:00
2026-08-19T13:51:05.763883-05:00,2026-08-19T18:51:05.763883+00:00,CL=F,WTI,Commodity,84.190002,84.940002,-0.75,-0.883,down,2026-08-19T14:30:00-04:00
2026-08-19T13:51:05.763883-05:00,2026-08-19T18:51:05.763883+00:00,HG=F,Cobre,Commodity,6.478,6.4825,-0.0045,-0.0694,down,2026-08-19T14:30:00-04:00
2026-08-19T13:51:05.763883-05:00,2026-08-19T18:51:05.763883+00:00,BTC-USD,Bitcoin,Crypto,68390.90625,64680.710938,3710.195312,5.7362,up,2026-08-19T14:45:00-04:00
2026-08-19T14:35:50.784602-05:00,2026-08-19T19:35:50.784602+00:00,USDPEN=X,USD/PEN,FX,3.3666,3.297364,0.069236,2.0997,up,2026-08-19T15:30:00-04:00
2026-08-19T14:35:50.784602-05:00,2026-08-19T19:35:50.784602+00:00,EURUSD=X,EUR/USD,FX,1.168088,1.158279,0.009809,0.8469,up,2026-08-19T15:30:00-04:00
2026-08-19T14:35:50.784602-05:00,2026-08-19T19:35:50.784602+00:00,DX-Y.NYB,DXY,Dólar,98.810997,99.650002,-0.839005,-0.842,down,2026-08-19T15:15:00-04:00
2026-08-19T14:35:50.784602-05:00,2026-08-19T19:35:50.784602+00:00,^GSPC,S&P 500,Índice,7716.930176,7691.759766,25.17041,0.3272,up,2026-08-19T15:30:00-04:00
2026-08-19T14:35:50.784602-05:00,2026-08-19T19:35:50.784602+00:00,^IXIC,Nasdaq,Índice,26358.210938,26289.710938,68.5,0.2606,up,2026-08-19T15:30:00-04:00
2026-08-19T14:35:50.784602-05:00,2026-08-19T19:35:50.784602+00:00,^DJI,Dow Jones,Índice,53489.910156,53343.398438,146.511719,0.2747,up,2026-08-19T15:30:00-04:00
2026-08-19T14:35:50.784602-05:00,2026-08-19T19:35:50.784602+00:00,^VIX,VIX,Volatilidad,14.96,15.84,-0.88,-5.5556,down,2026-08-19T15:15:00-04:00
2026-08-19T14:35:50.784602-05:00,2026-08-19T19:35:50.784602+00:00,^TNX,US 10Y,Tasa,4.653,4.706,-0.053,-1.1262,down,2026-08-19T14:50:00-04:00
2026-08-19T14:35:50.784602-05:00,2026-08-19T19:35:50.784602+00:00,GC=F,Oro,Commodity,4563.399902,4366.0,197.399902,4.5213,up,2026-08-19T15:15:00-04:00
2026-08-19T14:35:50.784602-05:00,2026-08-19T19:35:50.784602+00:00,CL=F,WTI,Commodity,84.07,84.940002,-0.870003,-1.0243,down,2026-08-19T15:15:00-04:00
2026-08-19T14:35:50.784602-05:00,2026-08-19T19:35:50.784602+00:00,HG=F,Cobre,Commodity,6.4915,6.4825,0.009,0.1388,up,2026-08-19T15:15:00-04:00
2026-08-19T14:35:50.784602-05:00,2026-08-19T19:35:50.784602+00:00,BTC-USD,Bitcoin,Crypto,68208.140625,64680.710938,3527.429688,5.4536,up,2026-08-19T15:30:00-04:00
2026-08-19T15:43:14.403472-05:00,2026-08-19T20:43:14.403472+00:00,USDPEN=X,USD/PEN,FX,3.3665,3.297364,0.069136,2.0967,up,2026-08-19T16:15:00-04:00
2026-08-19T15:43:14.403472-05:00,2026-08-19T20:43:14.403472+00:00,EURUSD=X,EUR/USD,FX,1.168224,1.158279,0.009946,0.8586,up,2026-08-19T16:30:00-04:00
2026-08-19T15:43:14.403472-05:00,2026-08-19T20:43:14.403472+00:00,DX-Y.NYB,DXY,Dólar,98.810997,99.650002,-0.839005,-0.842,down,2026-08-19T16:30:00-04:00
2026-08-19T15:43:14.403472-05:00,2026-08-19T20:43:14.403472+00:00,^GSPC,S&P 500,Índice,7708.029785,7691.759766,16.27002,0.2115,up,2026-08-19T15:45:00-04:00
2026-08-19T15:43:14.403472-05:00,2026-08-19T20:43:14.403472+00:00,^IXIC,Nasdaq,Índice,26333.328125,26289.710938,43.617188,0.1659,up,2026-08-19T15:45:00-04:00
2026-08-19T15:43:14.403472-05:00,2026-08-19T20:43:14.403472+00:00,^DJI,Dow Jones,Índice,53467.339844,53343.398438,123.941406,0.2323,up,2026-08-19T15:45:00-04:00
2026-08-19T15:43:14.403472-05:00,2026-08-19T20:43:14.403472+00:00,^VIX,VIX,Volatilidad,14.89,15.84,-0.95,-5.9975,down,2026-08-19T16:00:00-04:00
2026-08-19T15:43:14.403472-05:00,2026-08-19T20:43:14.403472+00:00,^TNX,US 10Y,Tasa,4.653,4.706,-0.053,-1.1262,down,2026-08-19T14:50:00-04:00
2026-08-19T15:43:14.403472-05:00,2026-08-19T20:43:14.403472+00:00,GC=F,Oro,Commodity,4580.100098,4366.0,214.100098,4.9038,up,2026-08-19T16:30:00-04:00
2026-08-19T15:43:14.403472-05:00,2026-08-19T20:43:14.403472+00:00,CL=F,WTI,Commodity,84.32,84.940002,-0.620003,-0.7299,down,2026-08-19T16:30:00-04:00
2026-08-19T15:43:14.403472-05:00,2026-08-19T20:43:14.403472+00:00,HG=F,Cobre,Commodity,6.502,6.4825,0.0195,0.3008,up,2026-08-19T16:30:00-04:00
2026-08-19T15:43:14.403472-05:00,2026-08-19T20:43:14.403472+00:00,BTC-USD,Bitcoin,Crypto,68669.851562,64680.710938,3989.140625,6.1674,up,2026-08-19T16:30:00-04:00
2026-08-19T16:37:38.845655-05:00,2026-08-19T21:37:38.845655+00:00,USDPEN=X,USD/PEN,FX,3.3665,3.297364,0.069136,2.0967,up,2026-08-19T17:15:00-04:00
2026-08-19T16:37:38.845655-05:00,2026-08-19T21:37:38.845655+00:00,EURUSD=X,EUR/USD,FX,1.167951,1.158279,0.009673,0.8351,up,2026-08-19T17:30:00-04:00
2026-08-19T16:37:38.845655-05:00,2026-08-19T21:37:38.845655+00:00,DX-Y.NYB,DXY,Dólar,98.800003,99.650002,-0.849998,-0.853,down,2026-08-19T17:15:00-04:00
2026-08-19T16:37:38.845655-05:00,2026-08-19T21:37:38.845655+00:00,^GSPC,S&P 500,Índice,7708.029785,7691.759766,16.27002,0.2115,up,2026-08-19T15:45:00-04:00
2026-08-19T16:37:38.845655-05:00,2026-08-19T21:37:38.845655+00:00,^IXIC,Nasdaq,Índice,26333.328125,26289.710938,43.617188,0.1659,up,2026-08-19T15:45:00-04:00
2026-08-19T16:37:38.845655-05:00,2026-08-19T21:37:38.845655+00:00,^DJI,Dow Jones,Índice,53467.339844,53343.398438,123.941406,0.2323,up,2026-08-19T15:45:00-04:00
2026-08-19T16:37:38.845655-05:00,2026-08-19T21:37:38.845655+00:00,^VIX,VIX,Volatilidad,14.89,15.84,-0.95,-5.9975,down,2026-08-19T16:00:00-04:00
2026-08-19T16:37:38.845655-05:00,2026-08-19T21:37:38.845655+00:00,^TNX,US 10Y,Tasa,4.653,4.706,-0.053,-1.1262,down,2026-08-19T14:50:00-04:00
2026-08-19T16:37:38.845655-05:00,2026-08-19T21:37:38.845655+00:00,GC=F,Oro,Commodity,4580.700195,4366.0,214.700195,4.9175,up,2026-08-19T16:45:00-04:00
2026-08-19T16:37:38.845655-05:00,2026-08-19T21:37:38.845655+00:00,CL=F,WTI,Commodity,84.400002,84.940002,-0.540001,-0.6357,down,2026-08-19T16:45:00-04:00
2026-08-19T16:37:38.845655-05:00,2026-08-19T21:37:38.845655+00:00,HG=F,Cobre,Commodity,6.5085,6.4825,0.026,0.4011,up,2026-08-19T16:45:00-04:00
2026-08-19T16:37:38.845655-05:00,2026-08-19T21:37:38.845655+00:00,BTC-USD,Bitcoin,Crypto,69586.859375,64680.710938,4906.148438,7.5852,up,2026-08-19T17:30:00-04:00
2026-08-19T17:38:11.697638-05:00,2026-08-19T22:38:11.697638+00:00,USDPEN=X,USD/PEN,FX,3.3635,3.297364,0.066136,2.0057,up,2026-08-19T18:30:00-04:00
2026-08-19T17:38:11.697638-05:00,2026-08-19T22:38:11.697638+00:00,EURUSD=X,EUR/USD,FX,1.167951,1.158279,0.009673,0.8351,up,2026-08-19T18:30:00-04:00
2026-08-19T17:38:11.697638-05:00,2026-08-19T22:38:11.697638+00:00,DX-Y.NYB,DXY,Dólar,98.767998,99.650002,-0.882004,-0.8851,down,2026-08-19T18:00:00-04:00
2026-08-19T17:38:11.697638-05:00,2026-08-19T22:38:11.697638+00:00,^GSPC,S&P 500,Índice,7708.029785,7691.759766,16.27002,0.2115,up,2026-08-19T15:45:00-04:00
2026-08-19T17:38:11.697638-05:00,2026-08-19T22:38:11.697638+00:00,^IXIC,Nasdaq,Índice,26333.328125,26289.710938,43.617188,0.1659,up,2026-08-19T15:45:00-04:00
2026-08-19T17:38:11.697638-05:00,2026-08-19T22:38:11.697638+00:00,^DJI,Dow Jones,Índice,53467.339844,53343.398438,123.941406,0.2323,up,2026-08-19T15:45:00-04:00
2026-08-19T17:38:11.697638-05:00,2026-08-19T22:38:11.697638+00:00,^VIX,VIX,Volatilidad,14.89,15.84,-0.95,-5.9975,down,2026-08-19T16:00:00-04:00
2026-08-19T17:38:11.697638-05:00,2026-08-19T22:38:11.697638+00:00,^TNX,US 10Y,Tasa,4.653,4.706,-0.053,-1.1262,down,2026-08-19T14:50:00-04:00
2026-08-19T17:38:11.697638-05:00,2026-08-19T22:38:11.697638+00:00,GC=F,Oro,Commodity,4577.200195,4366.0,211.200195,4.8374,up,2026-08-19T18:15:00-04:00
2026-08-19T17:38:11.697638-05:00,2026-08-19T22:38:11.697638+00:00,CL=F,WTI,Commodity,84.349998,84.940002,-0.590004,-0.6946,down,2026-08-19T18:15:00-04:00
2026-08-19T17:38:11.697638-05:00,2026-08-19T22:38:11.697638+00:00,HG=F,Cobre,Commodity,6.508,6.4825,0.0255,0.3934,up,2026-08-19T18:15:00-04:00
2026-08-19T17:38:11.697638-05:00,2026-08-19T22:38:11.697638+00:00,BTC-USD,Bitcoin,Crypto,69200.0,64680.710938,4519.289062,6.9871,up,2026-08-19T18:30:00-04:00
2026-08-19T18:34:14.551031-05:00,2026-08-19T23:34:14.551031+00:00,USDPEN=X,USD/PEN,FX,3.3632,3.365,-0.0018,-0.0535,down,2026-08-20T00:00:00
2026-08-19T18:34:14.551031-05:00,2026-08-19T23:34:14.551031+00:00,EURUSD=X,EUR/USD,FX,1.167815,1.157943,0.009871,0.8525,up,2026-08-19T19:30:00-04:00
2026-08-19T18:34:14.551031-05:00,2026-08-19T23:34:14.551031+00:00,DX-Y.NYB,DXY,Dólar,98.767998,99.650002,-0.882004,-0.8851,down,2026-08-19T18:00:00-04:00
2026-08-19T18:34:14.551031-05:00,2026-08-19T23:34:14.551031+00:00,^GSPC,S&P 500,Índice,7708.029785,7691.759766,16.27002,0.2115,up,2026-08-19T15:45:00-04:00
2026-08-19T18:34:14.551031-05:00,2026-08-19T23:34:14.551031+00:00,^IXIC,Nasdaq,Índice,26333.328125,26289.710938,43.617188,0.1659,up,2026-08-19T15:45:00-04:00
2026-08-19T18:34:14.551031-05:00,2026-08-19T23:34:14.551031+00:00,^DJI,Dow Jones,Índice,53467.339844,53343.398438,123.941406,0.2323,up,2026-08-19T15:45:00-04:00
2026-08-19T18:34:14.551031-05:00,2026-08-19T23:34:14.551031+00:00,^VIX,VIX,Volatilidad,14.89,15.84,-0.95,-5.9975,down,2026-08-19T16:00:00-04:00
2026-08-19T18:34:14.551031-05:00,2026-08-19T23:34:14.551031+00:00,^TNX,US 10Y,Tasa,4.653,4.706,-0.053,-1.1262,down,2026-08-19T14:50:00-04:00
2026-08-19T18:34:14.551031-05:00,2026-08-19T23:34:14.551031+00:00,GC=F,Oro,Commodity,4576.399902,4366.0,210.399902,4.8191,up,2026-08-19T19:15:00-04:00
2026-08-19T18:34:14.551031-05:00,2026-08-19T23:34:14.551031+00:00,CL=F,WTI,Commodity,84.510002,84.940002,-0.43,-0.5062,down,2026-08-19T19:15:00-04:00
2026-08-19T18:34:14.551031-05:00,2026-08-19T23:34:14.551031+00:00,HG=F,Cobre,Commodity,6.5045,6.4825,0.022,0.3394,up,2026-08-19T19:15:00-04:00
2026-08-19T18:34:14.551031-05:00,2026-08-19T23:34:14.551031+00:00,BTC-USD,Bitcoin,Crypto,69310.5,64680.710938,4629.789062,7.1579,up,2026-08-19T19:30:00-04:00
2026-08-20T08:08:49.620960-05:00,2026-08-20T13:08:49.620960+00:00,USDPEN=X,USD/PEN,FX,3.361,3.365,-0.004,-0.1189,down,2026-08-20T09:00:00-04:00
2026-08-20T08:08:49.620960-05:00,2026-08-20T13:08:49.620960+00:00,EURUSD=X,EUR/USD,FX,1.169591,1.157943,0.011647,1.0058,up,2026-08-20T09:00:00-04:00
2026-08-20T08:08:49.620960-05:00,2026-08-20T13:08:49.620960+00:00,DX-Y.NYB,DXY,Dólar,98.741997,98.830002,-0.088005,-0.089,down,2026-08-20T08:45:00-04:00
2026-08-20T08:08:49.620960-05:00,2026-08-20T13:08:49.620960+00:00,^GSPC,S&P 500,Índice,7708.029785,7691.759766,16.27002,0.2115,up,2026-08-19T15:45:00-04:00
2026-08-20T08:08:49.620960-05:00,2026-08-20T13:08:49.620960+00:00,^IXIC,Nasdaq,Índice,26333.328125,26289.710938,43.617188,0.1659,up,2026-08-19T15:45:00-04:00
2026-08-20T08:08:49.620960-05:00,2026-08-20T13:08:49.620960+00:00,^DJI,Dow Jones,Índice,53467.339844,53343.398438,123.941406,0.2323,up,2026-08-19T15:45:00-04:00
2026-08-20T08:08:49.620960-05:00,2026-08-20T13:08:49.620960+00:00,^VIX,VIX,Volatilidad,15.84,14.89,0.95,6.3801,up,2026-08-20T08:45:00-04:00
2026-08-20T08:08:49.620960-05:00,2026-08-20T13:08:49.620960+00:00,^TNX,US 10Y,Tasa,4.692,4.653,0.039,0.8382,up,2026-08-20T08:50:00-04:00
2026-08-20T08:08:49.620960-05:00,2026-08-20T13:08:49.620960+00:00,GC=F,Oro,Commodity,4531.5,4489.399902,42.100098,0.9378,up,2026-08-20T08:45:00-04:00
2026-08-20T08:08:49.620960-05:00,2026-08-20T13:08:49.620960+00:00,CL=F,WTI,Commodity,86.82,85.830002,0.989998,1.1534,up,2026-08-20T08:45:00-04:00
2026-08-20T08:08:49.620960-05:00,2026-08-20T13:08:49.620960+00:00,HG=F,Cobre,Commodity,6.4215,6.4875,-0.066,-1.0173,down,2026-08-20T08:45:00-04:00
2026-08-20T08:08:49.620960-05:00,2026-08-20T13:08:49.620960+00:00,BTC-USD,Bitcoin,Crypto,72003.539062,69266.1875,2737.351562,3.9519,up,2026-08-20T09:00:00-04:00
2026-08-20T08:57:12.782758-05:00,2026-08-20T13:57:12.782758+00:00,USDPEN=X,USD/PEN,FX,3.3492,3.365,-0.0158,-0.4695,down,2026-08-20T09:45:00-04:00
2026-08-20T08:57:12.782758-05:00,2026-08-20T13:57:12.782758+00:00,EURUSD=X,EUR/USD,FX,1.168361,1.157943,0.010417,0.8996,up,2026-08-20T09:45:00-04:00
2026-08-20T08:57:12.782758-05:00,2026-08-20T13:57:12.782758+00:00,DX-Y.NYB,DXY,Dólar,98.806,98.830002,-0.024002,-0.0243,down,2026-08-20T09:45:00-04:00
2026-08-20T08:57:12.782758-05:00,2026-08-20T13:57:12.782758+00:00,^GSPC,S&P 500,Índice,7685.149902,7707.97998,-22.830078,-0.2962,down,2026-08-20T09:45:00-04:00
2026-08-20T08:57:12.782758-05:00,2026-08-20T13:57:12.782758+00:00,^IXIC,Nasdaq,Índice,26172.353516,26331.089844,-158.736328,-0.6028,down,2026-08-20T09:45:00-04:00
2026-08-20T08:57:12.782758-05:00,2026-08-20T13:57:12.782758+00:00,^DJI,Dow Jones,Índice,53141.160156,53463.050781,-321.890625,-0.6021,down,2026-08-20T09:45:00-04:00
2026-08-20T08:57:12.782758-05:00,2026-08-20T13:57:12.782758+00:00,^VIX,VIX,Volatilidad,15.54,14.89,0.65,4.3653,up,2026-08-20T09:30:00-04:00
2026-08-20T08:57:12.782758-05:00,2026-08-20T13:57:12.782758+00:00,^TNX,US 10Y,Tasa,4.7,4.653,0.047,1.0101,up,2026-08-20T09:35:00-04:00
2026-08-20T08:57:12.782758-05:00,2026-08-20T13:57:12.782758+00:00,GC=F,Oro,Commodity,4537.799805,4489.399902,48.399902,1.0781,up,2026-08-20T09:45:00-04:00
2026-08-20T08:57:12.782758-05:00,2026-08-20T13:57:12.782758+00:00,CL=F,WTI,Commodity,86.5,85.830002,0.669998,0.7806,up,2026-08-20T09:45:00-04:00
2026-08-20T08:57:12.782758-05:00,2026-08-20T13:57:12.782758+00:00,HG=F,Cobre,Commodity,6.426,6.4875,-0.0615,-0.948,down,2026-08-20T09:45:00-04:00
2026-08-20T08:57:12.782758-05:00,2026-08-20T13:57:12.782758+00:00,BTC-USD,Bitcoin,Crypto,71691.429688,69266.1875,2425.242188,3.5013,up,2026-08-20T09:45:00-04:00
2026-08-20T09:52:55.784676-05:00,2026-08-20T14:52:55.784676+00:00,USDPEN=X,USD/PEN,FX,3.3517,3.365,-0.0133,-0.3952,down,2026-08-20T10:45:00-04:00
2026-08-20T09:52:55.784676-05:00,2026-08-20T14:52:55.784676+00:00,EURUSD=X,EUR/USD,FX,1.168634,1.157943,0.01069,0.9232,up,2026-08-20T10:45:00-04:00
2026-08-20T09:52:55.784676-05:00,2026-08-20T14:52:55.784676+00:00,DX-Y.NYB,DXY,Dólar,98.821999,98.830002,-0.008003,-0.0081,down,2026-08-20T00:00:00
2026-08-20T09:52:55.784676-05:00,2026-08-20T14:52:55.784676+00:00,^GSPC,S&P 500,Índice,7688.850098,7707.97998,-19.129883,-0.2482,down,2026-08-20T10:45:00-04:00
2026-08-20T09:52:55.784676-05:00,2026-08-20T14:52:55.784676+00:00,^IXIC,Nasdaq,Índice,26158.332031,26331.089844,-172.757812,-0.6561,down,2026-08-20T10:45:00-04:00
2026-08-20T09:52:55.784676-05:00,2026-08-20T14:52:55.784676+00:00,^DJI,Dow Jones,Índice,53138.519531,53463.050781,-324.53125,-0.607,down,2026-08-20T10:45:00-04:00
2026-08-20T09:52:55.784676-05:00,2026-08-20T14:52:55.784676+00:00,^VIX,VIX,Volatilidad,15.76,14.89,0.87,5.8428,up,2026-08-20T10:30:00-04:00
2026-08-20T09:52:55.784676-05:00,2026-08-20T14:52:55.784676+00:00,^TNX,US 10Y,Tasa,4.688,4.653,0.035,0.7522,up,2026-08-20T10:35:00-04:00
2026-08-20T09:52:55.784676-05:00,2026-08-20T14:52:55.784676+00:00,GC=F,Oro,Commodity,4553.600098,4489.399902,64.200195,1.43,up,2026-08-20T10:30:00-04:00
2026-08-20T09:52:55.784676-05:00,2026-08-20T14:52:55.784676+00:00,CL=F,WTI,Commodity,86.190002,85.830002,0.360001,0.4194,up,2026-08-20T10:30:00-04:00
2026-08-20T09:52:55.784676-05:00,2026-08-20T14:52:55.784676+00:00,HG=F,Cobre,Commodity,6.4505,6.4875,-0.037,-0.5703,down,2026-08-20T10:30:00-04:00
2026-08-20T09:52:55.784676-05:00,2026-08-20T14:52:55.784676+00:00,BTC-USD,Bitcoin,Crypto,71692.28125,69266.1875,2426.09375,3.5026,up,2026-08-20T10:45:00-04:00
2026-08-20T10:47:00.819720-05:00,2026-08-20T15:47:00.819720+00:00,USDPEN=X,USD/PEN,FX,3.3534,3.365,-0.0116,-0.3447,down,2026-08-20T11:30:00-04:00
2026-08-20T10:47:00.819720-05:00,2026-08-20T15:47:00.819720+00:00,EURUSD=X,EUR/USD,FX,1.167679,1.157943,0.009735,0.8407,up,2026-08-20T11:45:00-04:00
2026-08-20T10:47:00.819720-05:00,2026-08-20T15:47:00.819720+00:00,DX-Y.NYB,DXY,Dólar,98.839996,98.830002,0.009995,0.0101,up,2026-08-20T11:30:00-04:00
2026-08-20T10:47:00.819720-05:00,2026-08-20T15:47:00.819720+00:00,^GSPC,S&P 500,Índice,7672.029785,7707.97998,-35.950195,-0.4664,down,2026-08-20T11:45:00-04:00
2026-08-20T10:47:00.819720-05:00,2026-08-20T15:47:00.819720+00:00,^IXIC,Nasdaq,Índice,26063.736328,26331.089844,-267.353516,-1.0154,down,2026-08-20T11:45:00-04:00
2026-08-20T10:47:00.819720-05:00,2026-08-20T15:47:00.819720+00:00,^DJI,Dow Jones,Índice,53007.5,53463.050781,-455.550781,-0.8521,down,2026-08-20T11:45:00-04:00
2026-08-20T10:47:00.819720-05:00,2026-08-20T15:47:00.819720+00:00,^VIX,VIX,Volatilidad,15.74,14.89,0.849999,5.7085,up,2026-08-20T11:30:00-04:00
2026-08-20T10:47:00.819720-05:00,2026-08-20T15:47:00.819720+00:00,^TNX,US 10Y,Tasa,4.704,4.653,0.051,1.0961,up,2026-08-20T11:20:00-04:00
2026-08-20T10:47:00.819720-05:00,2026-08-20T15:47:00.819720+00:00,GC=F,Oro,Commodity,4579.299805,4489.399902,89.899902,2.0025,up,2026-08-20T11:30:00-04:00
2026-08-20T10:47:00.819720-05:00,2026-08-20T15:47:00.819720+00:00,CL=F,WTI,Commodity,86.68,85.830002,0.849998,0.9903,up,2026-08-20T11:30:00-04:00
2026-08-20T10:47:00.819720-05:00,2026-08-20T15:47:00.819720+00:00,HG=F,Cobre,Commodity,6.4755,6.4875,-0.012,-0.185,down,2026-08-20T11:30:00-04:00
2026-08-20T10:47:00.819720-05:00,2026-08-20T15:47:00.819720+00:00,BTC-USD,Bitcoin,Crypto,72220.140625,69266.1875,2953.953125,4.2646,up,2026-08-20T11:45:00-04:00
2026-08-20T11:49:00.855706-05:00,2026-08-20T16:49:00.855706+00:00,USDPEN=X,USD/PEN,FX,3.352,3.365,-0.013,-0.3863,down,2026-08-20T12:45:00-04:00
2026-08-20T11:49:00.855706-05:00,2026-08-20T16:49:00.855706+00:00,EURUSD=X,EUR/USD,FX,1.167542,1.157943,0.009599,0.829,up,2026-08-20T12:45:00-04:00
2026-08-20T11:49:00.855706-05:00,2026-08-20T16:49:00.855706+00:00,DX-Y.NYB,DXY,Dólar,98.915001,98.830002,0.084999,0.086,up,2026-08-20T12:30:00-04:00
2026-08-20T11:49:00.855706-05:00,2026-08-20T16:49:00.855706+00:00,^GSPC,S&P 500,Índice,7682.890137,7707.97998,-25.089844,-0.3255,down,2026-08-20T12:45:00-04:00
2026-08-20T11:49:00.855706-05:00,2026-08-20T16:49:00.855706+00:00,^IXIC,Nasdaq,Índice,26149.802734,26331.089844,-181.287109,-0.6885,down,2026-08-20T12:45:00-04:00
2026-08-20T11:49:00.855706-05:00,2026-08-20T16:49:00.855706+00:00,^DJI,Dow Jones,Índice,53071.679688,53463.050781,-391.371094,-0.732,down,2026-08-20T12:45:00-04:00
2026-08-20T11:49:00.855706-05:00,2026-08-20T16:49:00.855706+00:00,^VIX,VIX,Volatilidad,15.83,14.89,0.94,6.313,up,2026-08-20T12:30:00-04:00
2026-08-20T11:49:00.855706-05:00,2026-08-20T16:49:00.855706+00:00,^TNX,US 10Y,Tasa,4.702,4.653,0.049,1.0531,up,2026-08-20T12:20:00-04:00
2026-08-20T11:49:00.855706-05:00,2026-08-20T16:49:00.855706+00:00,GC=F,Oro,Commodity,4565.200195,4489.399902,75.800293,1.6884,up,2026-08-20T12:30:00-04:00
2026-08-20T11:49:00.855706-05:00,2026-08-20T16:49:00.855706+00:00,CL=F,WTI,Commodity,86.419998,85.830002,0.589996,0.6874,up,2026-08-20T12:30:00-04:00
2026-08-20T11:49:00.855706-05:00,2026-08-20T16:49:00.855706+00:00,HG=F,Cobre,Commodity,6.4685,6.4875,-0.019,-0.2929,down,2026-08-20T12:30:00-04:00
2026-08-20T11:49:00.855706-05:00,2026-08-20T16:49:00.855706+00:00,BTC-USD,Bitcoin,Crypto,72549.101562,69266.1875,3282.914062,4.7396,up,2026-08-20T12:45:00-04:00
2026-08-20T12:43:20.857002-05:00,2026-08-20T17:43:20.857002+00:00,USDPEN=X,USD/PEN,FX,3.3513,3.365,-0.0137,-0.4071,down,2026-08-20T00:00:00
2026-08-20T12:43:20.857002-05:00,2026-08-20T17:43:20.857002+00:00,EURUSD=X,EUR/USD,FX,1.167406,1.157943,0.009463,0.8172,up,2026-08-20T13:30:00-04:00
2026-08-20T12:43:20.857002-05:00,2026-08-20T17:43:20.857002+00:00,DX-Y.NYB,DXY,Dólar,98.903999,98.830002,0.073997,0.0749,up,2026-08-20T13:30:00-04:00
2026-08-20T12:43:20.857002-05:00,2026-08-20T17:43:20.857002+00:00,^GSPC,S&P 500,Índice,7661.839844,7707.97998,-46.140137,-0.5986,down,2026-08-20T13:30:00-04:00
2026-08-20T12:43:20.857002-05:00,2026-08-20T17:43:20.857002+00:00,^IXIC,Nasdaq,Índice,26081.607422,26331.089844,-249.482422,-0.9475,down,2026-08-20T13:30:00-04:00
2026-08-20T12:43:20.857002-05:00,2026-08-20T17:43:20.857002+00:00,^DJI,Dow Jones,Índice,52907.339844,53463.050781,-555.710938,-1.0394,down,2026-08-20T13:30:00-04:00
2026-08-20T12:43:20.857002-05:00,2026-08-20T17:43:20.857002+00:00,^VIX,VIX,Volatilidad,15.84,14.89,0.95,6.3801,up,2026-08-20T13:15:00-04:00
2026-08-20T12:43:20.857002-05:00,2026-08-20T17:43:20.857002+00:00,^TNX,US 10Y,Tasa,4.702,4.653,0.049,1.0531,up,2026-08-20T13:20:00-04:00
2026-08-20T12:43:20.857002-05:00,2026-08-20T17:43:20.857002+00:00,GC=F,Oro,Commodity,4573.0,4489.399902,83.600098,1.8622,up,2026-08-20T13:30:00-04:00
2026-08-20T12:43:20.857002-05:00,2026-08-20T17:43:20.857002+00:00,CL=F,WTI,Commodity,86.529999,85.830002,0.699997,0.8156,up,2026-08-20T13:30:00-04:00
2026-08-20T12:43:20.857002-05:00,2026-08-20T17:43:20.857002+00:00,HG=F,Cobre,Commodity,6.47,6.4875,-0.0175,-0.2698,down,2026-08-20T13:30:00-04:00
2026-08-20T12:43:20.857002-05:00,2026-08-20T17:43:20.857002+00:00,BTC-USD,Bitcoin,Crypto,72675.523438,69266.1875,3409.335938,4.9221,up,2026-08-20T13:30:00-04:00
2026-08-20T13:56:29.878932-05:00,2026-08-20T18:56:29.878932+00:00,USDPEN=X,USD/PEN,FX,3.3513,3.365,-0.0137,-0.4071,down,2026-08-20T14:45:00-04:00
2026-08-20T13:56:29.878932-05:00,2026-08-20T18:56:29.878932+00:00,EURUSD=X,EUR/USD,FX,1.167951,1.157943,0.010008,0.8643,up,2026-08-20T14:45:00-04:00
2026-08-20T13:56:29.878932-05:00,2026-08-20T18:56:29.878932+00:00,DX-Y.NYB,DXY,Dólar,98.905998,98.830002,0.075996,0.0769,up,2026-08-20T14:45:00-04:00
2026-08-20T13:56:29.878932-05:00,2026-08-20T18:56:29.878932+00:00,^GSPC,S&P 500,Índice,7654.359863,7707.97998,-53.620117,-0.6956,down,2026-08-20T14:45:00-04:00
2026-08-20T13:56:29.878932-05:00,2026-08-20T18:56:29.878932+00:00,^IXIC,Nasdaq,Índice,26063.335938,26331.089844,-267.753906,-1.0169,down,2026-08-20T14:45:00-04:00
2026-08-20T13:56:29.878932-05:00,2026-08-20T18:56:29.878932+00:00,^DJI,Dow Jones,Índice,52825.800781,53463.050781,-637.25,-1.1919,down,2026-08-20T14:45:00-04:00
2026-08-20T13:56:29.878932-05:00,2026-08-20T18:56:29.878932+00:00,^VIX,VIX,Volatilidad,16.07,14.89,1.179999,7.9248,up,2026-08-20T14:30:00-04:00
2026-08-20T13:56:29.878932-05:00,2026-08-20T18:56:29.878932+00:00,^TNX,US 10Y,Tasa,4.698,4.653,0.045,0.9671,up,2026-08-20T14:35:00-04:00
2026-08-20T13:56:29.878932-05:00,2026-08-20T18:56:29.878932+00:00,GC=F,Oro,Commodity,4574.899902,4489.399902,85.5,1.9045,up,2026-08-20T14:45:00-04:00
2026-08-20T13:56:29.878932-05:00,2026-08-20T18:56:29.878932+00:00,CL=F,WTI,Commodity,86.919998,85.830002,1.089996,1.2699,up,2026-08-20T14:45:00-04:00
2026-08-20T13:56:29.878932-05:00,2026-08-20T18:56:29.878932+00:00,HG=F,Cobre,Commodity,6.478,6.4875,-0.0095,-0.1464,down,2026-08-20T14:45:00-04:00
2026-08-20T13:56:29.878932-05:00,2026-08-20T18:56:29.878932+00:00,BTC-USD,Bitcoin,Crypto,72474.46875,69266.1875,3208.28125,4.6318,up,2026-08-20T14:45:00-04:00
2026-08-20T15:44:06.225546-05:00,2026-08-20T20:44:06.225546+00:00,USDPEN=X,USD/PEN,FX,3.3509,3.365,-0.0141,-0.419,down,2026-08-20T16:30:00-04:00
2026-08-20T15:44:06.225546-05:00,2026-08-20T20:44:06.225546+00:00,EURUSD=X,EUR/USD,FX,1.168224,1.157943,0.010281,0.8879,up,2026-08-20T16:30:00-04:00
2026-08-20T15:44:06.225546-05:00,2026-08-20T20:44:06.225546+00:00,DX-Y.NYB,DXY,Dólar,98.879997,98.830002,0.049995,0.0506,up,2026-08-20T16:30:00-04:00
2026-08-20T15:44:06.225546-05:00,2026-08-20T20:44:06.225546+00:00,^GSPC,S&P 500,Índice,7642.209961,7707.97998,-65.77002,-0.8533,down,2026-08-20T15:45:00-04:00
2026-08-20T15:44:06.225546-05:00,2026-08-20T20:44:06.225546+00:00,^IXIC,Nasdaq,Índice,26062.484375,26331.089844,-268.605469,-1.0201,down,2026-08-20T15:45:00-04:00
2026-08-20T15:44:06.225546-05:00,2026-08-20T20:44:06.225546+00:00,^DJI,Dow Jones,Índice,52773.738281,53463.050781,-689.3125,-1.2893,down,2026-08-20T15:45:00-04:00
2026-08-20T15:44:06.225546-05:00,2026-08-20T20:44:06.225546+00:00,^VIX,VIX,Volatilidad,16.01,14.89,1.12,7.5218,up,2026-08-20T16:00:00-04:00
2026-08-20T15:44:06.225546-05:00,2026-08-20T20:44:06.225546+00:00,^TNX,US 10Y,Tasa,4.696,4.653,0.043,0.9241,up,2026-08-20T14:50:00-04:00
2026-08-20T15:44:06.225546-05:00,2026-08-20T20:44:06.225546+00:00,GC=F,Oro,Commodity,4574.299805,4489.399902,84.899902,1.8911,up,2026-08-20T16:30:00-04:00
2026-08-20T15:44:06.225546-05:00,2026-08-20T20:44:06.225546+00:00,CL=F,WTI,Commodity,86.5,85.830002,0.669998,0.7806,up,2026-08-20T16:30:00-04:00
2026-08-20T15:44:06.225546-05:00,2026-08-20T20:44:06.225546+00:00,HG=F,Cobre,Commodity,6.4835,6.4875,-0.004,-0.0617,down,2026-08-20T16:30:00-04:00
2026-08-20T15:44:06.225546-05:00,2026-08-20T20:44:06.225546+00:00,BTC-USD,Bitcoin,Crypto,72780.710938,69266.1875,3514.523438,5.0739,up,2026-08-20T16:30:00-04:00
2026-08-20T16:41:19.498204-05:00,2026-08-20T21:41:19.498204+00:00,USDPEN=X,USD/PEN,FX,3.3502,3.365,-0.0148,-0.4398,down,2026-08-20T17:30:00-04:00
2026-08-20T16:41:19.498204-05:00,2026-08-20T21:41:19.498204+00:00,EURUSD=X,EUR/USD,FX,1.168224,1.157943,0.010281,0.8879,up,2026-08-20T17:30:00-04:00
2026-08-20T16:41:19.498204-05:00,2026-08-20T21:41:19.498204+00:00,DX-Y.NYB,DXY,Dólar,98.865997,98.830002,0.035995,0.0364,up,2026-08-20T17:30:00-04:00
2026-08-20T16:41:19.498204-05:00,2026-08-20T21:41:19.498204+00:00,^GSPC,S&P 500,Índice,7642.209961,7707.97998,-65.77002,-0.8533,down,2026-08-20T15:45:00-04:00
2026-08-20T16:41:19.498204-05:00,2026-08-20T21:41:19.498204+00:00,^IXIC,Nasdaq,Índice,26062.484375,26331.089844,-268.605469,-1.0201,down,2026-08-20T15:45:00-04:00
2026-08-20T16:41:19.498204-05:00,2026-08-20T21:41:19.498204+00:00,^DJI,Dow Jones,Índice,52773.738281,53463.050781,-689.3125,-1.2893,down,2026-08-20T15:45:00-04:00
2026-08-20T16:41:19.498204-05:00,2026-08-20T21:41:19.498204+00:00,^VIX,VIX,Volatilidad,16.01,14.89,1.12,7.5218,up,2026-08-20T16:00:00-04:00
2026-08-20T16:41:19.498204-05:00,2026-08-20T21:41:19.498204+00:00,^TNX,US 10Y,Tasa,4.696,4.653,0.043,0.9241,up,2026-08-20T14:50:00-04:00
2026-08-20T16:41:19.498204-05:00,2026-08-20T21:41:19.498204+00:00,GC=F,Oro,Commodity,4575.100098,4489.399902,85.700195,1.9089,up,2026-08-20T16:45:00-04:00
2026-08-20T16:41:19.498204-05:00,2026-08-20T21:41:19.498204+00:00,CL=F,WTI,Commodity,86.209999,85.830002,0.379997,0.4427,up,2026-08-20T16:45:00-04:00
2026-08-20T16:41:19.498204-05:00,2026-08-20T21:41:19.498204+00:00,HG=F,Cobre,Commodity,6.4825,6.4875,-0.005,-0.0771,down,2026-08-20T16:45:00-04:00
2026-08-20T16:41:19.498204-05:00,2026-08-20T21:41:19.498204+00:00,BTC-USD,Bitcoin,Crypto,72794.992188,69266.1875,3528.804688,5.0946,up,2026-08-20T17:30:00-04:00
